date,申万大盘市盈率,申万小盘市盈率
2014-10-17,8.690000,49.190000
2014-10-20,8.730000,49.350000
2014-10-21,8.670000,49.010000
2014-10-22,8.640000,48.420000
2014-10-23,8.560000,47.490000
2014-10-24,8.530000,47.530000
2014-10-27,8.450000,47.720000
2014-10-28,8.590000,48.830000
2014-10-29,8.670000,49.260000
2014-10-30,8.710000,48.940000
2014-10-31,8.790000,48.800000
2014-11-03,8.770000,49.290000
2014-11-04,8.780000,48.930000
2014-11-05,8.730000,48.930000
2014-11-06,8.740000,49.580000
2014-11-07,8.720000,49.300000
2014-11-10,8.940000,49.450000
2014-11-11,9.020000,47.720000
2014-11-12,9.070000,48.520000
2014-11-13,9.040000,47.640000
2014-11-14,9.050000,47.510000
2014-11-17,8.980000,48.290000
2014-11-18,8.870000,48.540000
2014-11-19,8.850000,48.960000
2014-11-20,8.850000,48.850000
2014-11-21,8.990000,49.330000
2014-11-24,9.170000,49.740000
2014-11-25,9.290000,50.550000
2014-11-26,9.440000,50.900000
2014-11-27,9.550000,51.200000
2014-11-28,9.830000,51.280000
2014-12-01,9.860000,50.430000
2014-12-02,10.250000,50.910000
2014-12-03,10.290000,51.370000
2014-12-04,10.810000,52.060000
2014-12-05,11.100000,51.050000
2014-12-08,11.470000,51.030000
2014-12-09,10.790000,48.640000
2014-12-10,11.100000,50.350000
2014-12-11,10.940000,51.060000
2014-12-12,10.980000,51.740000
2014-12-15,11.200000,50.300000
2014-12-16,11.540000,50.090000
2014-12-17,11.780000,49.480000
2014-12-18,11.720000,49.380000
2014-12-19,11.960000,48.630000
2014-12-22,12.210000,46.120000
2014-12-23,11.830000,45.420000
2014-12-24,11.460000,46.430000
2014-12-25,11.890000,46.950000
2014-12-26,12.280000,47.060000
2014-12-29,12.360000,46.110000
2014-12-30,12.430000,45.310000
2014-12-31,12.740000,45.720000
2015-01-05,13.240000,45.770000
2015-01-06,13.250000,46.780000
2015-01-07,13.310000,46.710000
2015-01-08,12.950000,46.710000
2015-01-09,12.950000,46.470000
2015-01-12,12.770000,46.020000
2015-01-13,12.770000,46.860000
2015-01-14,12.750000,46.690000
2015-01-15,13.240000,46.870000
2015-01-16,13.390000,47.560000
2015-01-19,12.270000,46.580000
2015-01-20,12.430000,48.350000
2015-01-21,13.080000,49.330000
2015-01-22,13.110000,50.030000
2015-01-23,13.140000,49.440000
2015-01-26,13.160000,50.530000
2015-01-27,13.100000,51.070000
2015-01-28,12.860000,50.830000
2015-01-29,12.660000,50.720000
2015-01-30,12.460000,50.060000
2015-02-02,12.090000,49.990000
2015-02-03,12.420000,50.980000
2015-02-04,12.270000,51.010000
2015-02-05,12.120000,51.040000
2015-02-06,11.890000,50.120000
2015-02-09,12.000000,49.720000
2015-02-10,12.210000,50.530000
2015-02-11,12.290000,51.240000
2015-02-12,12.330000,51.620000
2015-02-13,12.440000,52.420000
2015-02-16,12.500000,53.450000
2015-02-17,12.600000,53.790000
2015-02-25,12.490000,53.660000
2015-02-26,12.790000,53.910000
2015-02-27,12.810000,54.550000
2015-03-02,12.910000,55.490000
2015-03-03,12.540000,55.170000
2015-03-04,12.590000,56.020000
2015-03-05,12.420000,56.200000
2015-03-06,12.390000,55.220000
2015-03-09,12.660000,56.130000
2015-03-10,12.540000,57.100000
2015-03-11,12.570000,57.060000
2015-03-12,12.860000,56.750000
2015-03-13,12.910000,57.830000
2015-03-16,13.180000,59.960000
2015-03-17,13.360000,60.980000
2015-03-18,13.660000,62.210000
2015-03-19,13.620000,62.620000
2015-03-20,13.750000,63.300000
2015-03-23,14.090000,65.020000
2015-03-24,14.100000,66.150000
2015-03-25,13.910000,67.330000
2015-03-26,14.010000,66.090000
2015-03-27,14.200000,66.720000
2015-03-30,14.620000,66.730000
2015-03-31,14.460000,67.280000
2015-04-01,14.680000,69.190000
2015-04-02,14.670000,71.070000
2015-04-03,14.750000,72.670000
2015-04-07,15.120000,74.070000
2015-04-08,15.300000,72.880000
2015-04-09,15.150000,72.310000
2015-04-10,15.440000,74.140000
2015-04-13,15.770000,75.860000
2015-04-14,15.790000,76.000000
2015-04-15,15.690000,72.920000
2015-04-16,16.170000,73.780000
2015-04-17,16.500000,73.780000
2015-04-20,16.170000,73.040000
2015-04-21,16.420000,76.180000
2015-04-22,16.750000,78.510000
2015-04-23,16.720000,79.760000
2015-04-24,16.570000,79.700000
2015-04-27,17.130000,79.970000
2015-04-28,17.170000,76.390000
2015-04-29,16.970000,77.580000
2015-04-30,16.580000,77.610000
2015-05-04,16.710000,78.160000
2015-05-05,16.030000,76.000000
2015-05-06,15.830000,75.920000
2015-05-07,15.460000,74.940000
2015-05-08,15.770000,78.700000
2015-05-11,16.170000,82.340000
2015-05-12,16.340000,84.660000
2015-05-13,16.210000,85.250000
2015-05-14,16.150000,85.650000
2015-05-15,15.840000,85.730000
2015-05-18,15.650000,88.300000
2015-05-19,16.160000,90.590000
2015-05-20,16.220000,92.930000
2015-05-21,16.330000,96.500000
2015-05-22,16.760000,97.160000
2015-05-25,17.270000,98.230000
2015-05-26,17.520000,102.090000
2015-05-27,17.490000,103.420000
2015-05-28,16.360000,97.720000
2015-05-29,16.340000,99.360000
2015-06-01,17.160000,104.430000
2015-06-02,17.360000,108.850000
2015-06-03,17.300000,109.420000
2015-06-04,17.530000,108.870000
2015-06-05,17.710000,110.220000
2015-06-08,18.490000,107.170000
2015-06-09,18.370000,107.320000
2015-06-10,18.230000,110.080000
2015-06-11,18.160000,112.270000
2015-06-12,18.260000,114.010000
2015-06-15,18.270000,107.410000
2015-06-16,17.710000,102.670000
2015-06-17,17.990000,104.960000
2015-06-18,17.250000,102.580000
2015-06-19,16.260000,96.030000
2015-06-23,16.800000,96.340000
2015-06-24,17.210000,98.200000
2015-06-25,16.640000,94.020000
2015-06-26,15.450000,86.470000
2015-06-29,15.160000,80.440000
2015-06-30,16.110000,83.950000
2015-07-01,15.300000,79.380000
2015-07-02,15.070000,74.060000
2015-07-03,14.310000,69.510000
2015-07-06,14.980000,66.230000
2015-07-07,15.120000,62.610000
2015-07-08,14.210000,60.890000
2015-07-09,14.990000,62.620000
2015-07-10,15.580000,64.610000
2015-07-13,15.650000,67.640000
2015-07-14,15.230000,69.860000
2015-07-15,14.970000,66.910000
2015-07-16,14.970000,67.590000
2015-07-17,15.350000,71.250000
2015-07-20,15.380000,73.390000
2015-07-21,15.360000,74.890000
2015-07-22,15.290000,76.050000
2015-07-23,15.570000,78.290000
2015-07-24,15.270000,77.540000
2015-07-27,13.970000,72.370000
2015-07-28,13.870000,69.120000
2015-07-29,14.200000,72.230000
2015-07-30,13.870000,70.240000
2015-07-31,13.820000,67.960000
2015-08-03,13.860000,64.270000
2015-08-04,14.210000,68.200000
2015-08-05,13.910000,67.850000
2015-08-06,13.760000,67.710000
2015-08-07,14.000000,70.310000
2015-08-10,14.600000,74.020000
2015-08-11,14.520000,74.500000
2015-08-12,14.340000,73.280000
2015-08-13,14.510000,75.410000
2015-08-14,14.470000,75.800000
2015-08-17,14.410000,76.860000
2015-08-18,13.670000,71.290000
2015-08-19,13.750000,72.930000
2015-08-20,13.340000,70.420000
2015-08-21,12.790000,66.480000
2015-08-24,11.630000,61.930000
2015-08-25,10.760000,57.110000
2015-08-26,10.770000,54.440000
2015-08-27,11.320000,56.030000
2015-08-28,11.780000,58.910000
2015-08-31,11.690000,56.290000
2015-09-01,11.860000,52.530000
2015-09-02,12.030000,50.370000
2015-09-07,11.500000,51.580000
2015-09-08,11.740000,54.320000
2015-09-09,11.940000,56.470000
2015-09-10,11.810000,55.650000
2015-09-11,11.740000,56.120000
2015-09-14,11.580000,52.340000
2015-09-15,11.250000,49.730000
2015-09-16,11.700000,53.040000
2015-09-17,11.460000,52.570000
2015-09-18,11.470000,53.480000
2015-09-21,11.610000,55.600000
2015-09-22,11.710000,55.810000
2015-09-23,11.450000,55.420000
2015-09-24,11.500000,56.240000
2015-09-25,11.390000,54.130000
2015-09-28,11.380000,55.630000
2015-09-29,11.160000,54.810000
2015-09-30,11.220000,54.820000
2015-10-08,11.530000,57.210000
2015-10-09,11.660000,58.070000
2015-10-12,12.010000,60.510000
2015-10-13,11.970000,61.410000
2015-10-14,11.860000,60.550000
2015-10-15,12.080000,62.570000
2015-10-16,12.230000,63.480000
2015-10-19,12.230000,63.620000
2015-10-20,12.340000,64.960000
2015-10-21,12.140000,60.820000
2015-10-22,12.230000,63.290000
2015-10-23,12.340000,64.990000
2015-10-26,12.410000,65.270000
2015-10-27,12.400000,65.650000
2015-10-28,12.190000,63.840000
2015-10-29,12.240000,64.050000
2015-10-30,12.440000,63.980000
2015-11-02,12.100000,62.140000
2015-11-03,12.040000,61.990000
2015-11-04,12.570000,65.300000
2015-11-05,12.850000,65.230000
2015-11-06,13.100000,66.980000
2015-11-09,13.330000,68.330000
2015-11-10,13.280000,68.890000
2015-11-11,13.250000,70.190000
2015-11-12,13.110000,70.390000
2015-11-13,12.960000,68.850000
2015-11-16,13.010000,70.720000
2015-11-17,13.020000,70.140000
2015-11-18,12.920000,68.830000
2015-11-19,13.060000,71.180000
2015-11-20,13.050000,72.570000
2015-11-23,12.990000,72.010000
2015-11-24,12.980000,72.870000
2015-11-25,13.070000,74.490000
2015-11-26,13.010000,73.970000
2015-11-27,12.360000,69.210000
2015-11-30,12.410000,69.650000
2015-12-01,12.440000,69.340000
2015-12-02,12.910000,68.380000
2015-12-03,13.070000,70.310000
2015-12-04,12.780000,70.130000
2015-12-07,12.780000,71.270000
2015-12-08,12.560000,69.890000
2015-12-09,12.600000,69.710000
2015-12-10,12.540000,69.820000
2015-12-11,12.480000,69.190000
2015-12-14,13.020000,70.920000
2015-12-15,12.940000,72.180000
2015-12-16,12.930000,72.920000
2015-12-17,13.140000,75.090000
2015-12-18,13.170000,74.700000
2015-12-21,13.440000,75.140000
2015-12-22,13.450000,75.890000
2015-12-23,13.440000,74.670000
2015-12-24,13.330000,74.780000
2015-12-25,13.310000,75.620000
2015-12-28,12.970000,74.070000
2015-12-29,13.070000,75.050000
2015-12-30,13.050000,76.230000
2015-12-31,13.010000,75.080000
2016-01-04,12.210000,68.470000
2016-01-05,12.220000,66.800000
2016-01-06,12.440000,68.600000
2016-01-07,11.670000,62.640000
2016-01-08,11.910000,62.750000
2016-01-11,11.360000,58.030000
2016-01-12,11.420000,58.000000
2016-01-13,11.210000,55.600000
2016-01-14,11.390000,57.960000
2016-01-15,11.030000,55.990000
2016-01-18,11.040000,57.370000
2016-01-19,11.350000,59.400000
2016-01-20,11.220000,58.910000
2016-01-21,10.920000,55.980000
2016-01-22,11.030000,56.760000
2016-01-25,11.080000,57.520000
2016-01-26,10.440000,53.160000
2016-01-27,10.410000,52.690000
2016-01-28,10.190000,50.210000
2016-01-29,10.470000,52.260000
2016-02-01,10.340000,51.690000
2016-02-02,10.520000,53.710000
2016-02-03,10.460000,54.090000
2016-02-04,10.570000,55.310000
2016-02-05,10.510000,54.700000
2016-02-15,10.420000,54.770000
2016-02-16,10.730000,57.200000
2016-02-17,10.820000,58.220000
2016-02-18,10.790000,58.110000
2016-02-19,10.760000,58.540000
2016-02-22,11.010000,59.680000
2016-02-23,10.900000,59.220000
2016-02-24,10.970000,59.190000
2016-02-25,10.350000,54.440000
2016-02-26,10.460000,54.100000
2016-02-29,10.260000,49.880000
2016-03-01,10.420000,50.920000
2016-03-02,10.820000,53.390000
2016-03-03,10.850000,53.380000
2016-03-04,11.050000,51.220000
2016-03-07,11.050000,52.480000
2016-03-08,11.060000,52.920000
2016-03-09,10.980000,51.840000
2016-03-10,10.770000,51.050000
2016-03-11,10.810000,50.870000
2016-03-14,10.940000,52.900000
2016-03-15,10.980000,52.510000
2016-03-16,11.060000,51.890000
2016-03-17,11.160000,53.960000
2016-03-18,11.310000,56.250000
2016-03-21,11.520000,57.700000
2016-03-22,11.430000,57.820000
2016-03-23,11.470000,58.620000
2016-03-24,11.340000,57.930000
2016-03-25,11.400000,58.560000
2016-03-28,11.300000,58.410000
2016-03-29,11.190000,57.160000
2016-03-30,11.400000,59.220000
2016-03-31,11.440000,59.220000
2016-04-01,11.480000,58.780000
2016-04-05,11.590000,60.630000
2016-04-06,11.560000,60.980000
2016-04-07,11.410000,59.870000
2016-04-08,11.320000,59.420000
2016-04-11,11.470000,60.840000
2016-04-12,11.450000,60.230000
2016-04-13,11.600000,61.150000
2016-04-14,11.650000,61.890000
2016-04-15,11.660000,61.850000
2016-04-18,11.520000,60.800000
2016-04-19,11.540000,60.790000
2016-04-20,11.360000,57.690000
2016-04-21,11.290000,56.820000
2016-04-22,11.340000,57.070000
2016-04-25,11.290000,56.600000
2016-04-26,11.340000,56.860000
2016-04-27,11.290000,56.110000
2016-04-28,11.270000,55.490000
2016-04-29,11.320000,54.530000
2016-05-03,11.470000,56.000000
2016-05-04,11.440000,56.050000
2016-05-05,11.460000,56.520000
2016-05-06,11.200000,54.620000
2016-05-09,10.970000,52.260000
2016-05-10,10.980000,52.180000
2016-05-11,11.040000,51.670000
2016-05-12,11.060000,51.670000
2016-05-13,11.020000,51.510000
2016-05-16,11.080000,52.260000
2016-05-17,11.060000,52.260000
2016-05-18,11.000000,50.610000
2016-05-19,10.980000,50.930000
2016-05-20,11.030000,51.560000
2016-05-23,11.070000,52.500000
2016-05-24,11.000000,51.940000
2016-05-25,10.980000,51.760000
2016-05-26,11.010000,52.040000
2016-05-27,11.000000,51.940000
2016-05-30,11.030000,51.660000
2016-05-31,11.360000,53.890000
2016-06-01,11.330000,54.320000
2016-06-02,11.340000,54.950000
2016-06-03,11.410000,55.150000
2016-06-06,11.400000,55.320000
2016-06-07,11.400000,55.460000
2016-06-08,11.360000,55.420000
2016-06-13,11.150000,53.850000
2016-06-14,11.170000,53.760000
2016-06-15,11.280000,55.830000
2016-06-16,11.210000,55.890000
2016-06-17,11.250000,56.310000
2016-06-20,11.270000,56.690000
2016-06-21,11.250000,55.940000
2016-06-22,11.340000,57.050000
2016-06-23,11.300000,56.950000
2016-06-24,11.150000,56.480000
2016-06-27,11.280000,57.970000
2016-06-28,11.330000,58.640000
2016-06-29,11.390000,58.670000
2016-06-30,11.370000,58.590000
2016-07-01,11.380000,58.460000
2016-07-04,11.550000,59.540000
2016-07-05,11.580000,59.770000
2016-07-06,11.600000,59.990000
2016-07-07,11.590000,60.020000
2016-07-08,11.480000,59.960000
2016-07-11,11.550000,59.480000
2016-07-12,11.800000,60.020000
2016-07-13,11.840000,60.560000
2016-07-14,11.800000,60.710000
2016-07-15,11.820000,60.220000
2016-07-18,11.800000,59.890000
2016-07-19,11.750000,60.200000
2016-07-20,11.700000,60.180000
2016-07-21,11.750000,60.250000
2016-07-22,11.680000,59.760000
2016-07-25,11.720000,59.680000
2016-07-26,11.850000,60.510000
2016-07-27,11.710000,57.500000
2016-07-28,11.700000,57.200000
2016-07-29,11.700000,56.590000
2016-08-01,11.670000,55.550000
2016-08-02,11.700000,56.080000
2016-08-03,11.710000,56.230000
2016-08-04,11.720000,56.660000
2016-08-05,11.720000,56.330000
2016-08-08,11.810000,56.910000
2016-08-09,11.890000,57.300000
2016-08-10,11.860000,57.100000
2016-08-11,11.860000,56.140000
2016-08-12,12.080000,56.430000
2016-08-15,12.420000,57.550000
2016-08-16,12.310000,57.760000
2016-08-17,12.280000,57.980000
2016-08-18,12.230000,57.990000
2016-08-19,12.250000,58.040000
2016-08-22,12.190000,57.130000
2016-08-23,12.230000,56.850000
2016-08-24,12.180000,56.900000
2016-08-25,12.140000,56.490000
2016-08-26,12.230000,56.640000
2016-08-29,12.300000,56.370000
2016-08-30,12.310000,56.480000
2016-08-31,12.360000,55.920000
2016-09-01,12.280000,55.530000
2016-09-02,12.320000,55.260000
2016-09-05,12.330000,55.510000
2016-09-06,12.370000,56.430000
2016-09-07,12.370000,56.360000
2016-09-08,12.370000,56.630000
2016-09-09,12.310000,56.220000
2016-09-12,12.120000,54.420000
2016-09-13,12.100000,54.840000
2016-09-14,12.010000,54.620000
2016-09-19,12.080000,55.230000
2016-09-20,12.060000,55.360000
2016-09-21,12.080000,55.480000
2016-09-22,12.170000,55.740000
2016-09-23,12.130000,55.490000
2016-09-26,11.950000,54.290000
2016-09-27,12.020000,55.020000
2016-09-28,11.980000,54.940000
2016-09-29,12.030000,55.120000
2016-09-30,12.050000,55.360000
2016-10-10,12.190000,56.610000
2016-10-11,12.230000,56.900000
2016-10-12,12.200000,56.920000
2016-10-13,12.200000,57.020000
2016-10-14,12.220000,56.970000
2016-10-17,12.120000,56.400000
2016-10-18,12.290000,57.120000
2016-10-19,12.280000,56.910000
2016-10-20,12.290000,57.140000
2016-10-21,12.330000,56.660000
2016-10-24,12.480000,56.900000
2016-10-25,12.430000,56.660000
2016-10-26,12.380000,56.230000
2016-10-27,12.330000,55.590000
2016-10-28,12.190000,53.860000
2016-10-31,12.080000,52.820000
2016-11-01,12.150000,53.320000
2016-11-02,12.050000,52.960000
2016-11-03,12.160000,53.260000
2016-11-04,12.120000,53.110000
2016-11-07,12.130000,53.100000
2016-11-08,12.190000,53.420000
2016-11-09,12.120000,53.010000
2016-11-10,12.250000,53.760000
2016-11-11,12.330000,54.000000
2016-11-14,12.390000,54.230000
2016-11-15,12.370000,54.530000
2016-11-16,12.370000,54.630000
2016-11-17,12.390000,54.340000
2016-11-18,12.320000,54.260000
2016-11-21,12.430000,54.480000
2016-11-22,12.540000,55.010000
2016-11-23,12.560000,54.630000
2016-11-24,12.590000,54.270000
2016-11-25,12.710000,54.410000
2016-11-28,12.780000,54.370000
2016-11-29,12.890000,53.770000
2016-11-30,12.750000,53.730000
2016-12-01,12.840000,53.970000
2016-12-02,12.770000,53.080000
2016-12-05,12.590000,52.860000
2016-12-06,12.540000,52.930000
2016-12-07,12.570000,53.490000
2016-12-08,12.560000,53.150000
2016-12-09,12.690000,52.950000
2016-12-12,12.680000,51.960000
2016-12-13,12.630000,51.740000
2016-12-14,12.560000,51.390000
2016-12-15,12.360000,51.990000
2016-12-16,12.370000,52.540000
2016-12-19,12.330000,52.460000
2016-12-20,12.250000,52.430000
2016-12-21,12.380000,52.850000
2016-12-22,12.390000,52.860000
2016-12-23,12.310000,52.260000
2016-12-26,12.360000,52.580000
2016-12-27,12.310000,52.880000
2016-12-28,12.270000,52.600000
2016-12-29,12.260000,52.430000
2016-12-30,12.310000,52.420000
2017-01-03,12.420000,52.860000
2017-01-04,12.510000,53.510000
2017-01-05,12.530000,53.480000
2017-01-06,12.500000,53.050000
2017-01-09,12.550000,53.260000
2017-01-10,12.530000,53.020000
2017-01-11,12.460000,52.440000
2017-01-12,12.420000,51.980000
2017-01-13,12.460000,50.970000
2017-01-16,12.510000,48.800000
2017-01-17,12.520000,49.410000
2017-01-18,12.560000,49.030000
2017-01-19,12.530000,48.830000
2017-01-20,12.600000,49.680000
2017-01-23,12.620000,50.110000
2017-01-24,12.660000,49.820000
2017-01-25,12.710000,50.020000
2017-01-26,12.780000,50.350000
2017-02-03,12.690000,50.190000
2017-02-06,12.720000,50.810000
2017-02-07,12.690000,50.800000
2017-02-08,12.740000,51.160000
2017-02-09,12.790000,51.570000
2017-02-10,12.850000,51.340000
2017-02-13,12.930000,51.890000
2017-02-14,12.930000,51.770000
2017-02-15,12.930000,51.280000
2017-02-16,12.960000,51.530000
2017-02-17,12.870000,51.140000
2017-02-20,13.040000,51.610000
2017-02-21,13.080000,52.110000
2017-02-22,13.110000,52.160000
2017-02-23,13.050000,52.110000
2017-02-24,13.040000,51.970000
2017-02-27,12.950000,51.270000
2017-02-28,12.970000,50.230000
2017-03-01,12.990000,50.270000
2017-03-02,12.910000,49.930000
2017-03-03,12.860000,50.100000
2017-03-06,12.900000,50.870000
2017-03-07,12.930000,51.040000
2017-03-08,12.920000,50.810000
2017-03-09,12.840000,50.640000
2017-03-10,12.820000,50.570000
2017-03-13,12.930000,51.050000
2017-03-14,12.940000,50.950000
2017-03-15,12.960000,50.940000
2017-03-16,13.010000,51.520000
2017-03-17,12.890000,51.010000
2017-03-20,12.890000,51.450000
2017-03-21,12.950000,51.320000
2017-03-22,12.860000,51.050000
2017-03-23,12.890000,50.930000
2017-03-24,12.960000,51.030000
2017-03-27,12.880000,50.890000
2017-03-28,12.830000,50.730000
2017-03-29,12.820000,50.530000
2017-03-30,12.740000,49.530000
2017-03-31,12.850000,50.250000
2017-04-05,13.050000,51.650000
2017-04-06,13.070000,51.720000
2017-04-07,13.100000,51.840000
2017-04-10,13.070000,51.150000
2017-04-11,13.170000,51.660000
2017-04-12,13.180000,51.190000
2017-04-13,13.190000,51.140000
2017-04-14,13.100000,50.390000
2017-04-17,13.060000,49.140000
2017-04-18,12.980000,48.500000
2017-04-19,12.890000,47.980000
2017-04-20,12.920000,47.540000
2017-04-21,13.030000,47.140000
2017-04-24,12.940000,45.410000
2017-04-25,12.910000,45.290000
2017-04-26,12.990000,45.100000
2017-04-27,12.970000,45.390000
2017-04-28,12.690000,44.870000
2017-05-02,12.470000,44.250000
2017-05-03,12.420000,44.160000
2017-05-04,12.400000,44.030000
2017-05-05,12.350000,43.500000
2017-05-08,12.310000,42.650000
2017-05-09,12.280000,42.950000
2017-05-10,12.250000,42.120000
2017-05-11,12.340000,41.790000
2017-05-12,12.470000,41.710000
2017-05-15,12.500000,41.820000
2017-05-16,12.540000,42.690000
2017-05-17,12.540000,42.690000
2017-05-18,12.440000,42.500000
2017-05-19,12.440000,42.420000
2017-05-22,12.490000,41.620000
2017-05-23,12.590000,40.330000
2017-05-24,12.580000,40.500000
2017-05-25,12.790000,40.810000
2017-05-26,12.800000,40.830000
2017-05-31,12.850000,40.740000
2017-06-01,12.910000,39.630000
2017-06-02,12.850000,40.000000
2017-06-05,12.730000,40.390000
2017-06-06,12.790000,40.590000
2017-06-07,12.910000,41.460000
2017-06-08,12.980000,41.480000
2017-06-09,13.030000,41.520000
2017-06-12,13.190000,40.120000
2017-06-13,13.200000,40.660000
2017-06-14,13.060000,40.730000
2017-06-15,13.010000,41.260000
2017-06-16,12.960000,41.180000
2017-06-19,13.050000,41.450000
2017-06-20,13.040000,41.520000
2017-06-21,13.150000,41.520000
2017-06-22,13.190000,40.810000
2017-06-23,13.280000,40.870000
2017-06-26,13.380000,41.330000
2017-06-27,13.400000,41.380000
2017-06-28,13.320000,41.100000
2017-06-29,13.400000,41.270000
2017-06-30,13.390000,41.310000
2017-07-03,13.350000,41.710000
2017-07-04,13.280000,41.650000
2017-07-05,13.380000,42.000000
2017-07-06,13.400000,42.070000
2017-07-07,13.390000,42.190000
2017-07-10,13.390000,41.920000
2017-07-11,13.440000,41.430000
2017-07-12,13.410000,41.350000
2017-07-13,13.520000,41.340000
2017-07-14,13.560000,41.140000
2017-07-17,13.550000,38.970000
2017-07-18,13.540000,39.240000
2017-07-19,13.700000,39.730000
2017-07-20,13.760000,39.870000
2017-07-21,13.700000,39.870000
2017-07-24,13.740000,40.110000
2017-07-25,13.720000,39.980000
2017-07-26,13.740000,39.980000
2017-07-27,13.730000,40.450000
2017-07-28,13.750000,40.420000
2017-07-31,13.780000,40.650000
2017-08-01,13.900000,40.580000
2017-08-02,13.890000,40.150000
2017-08-03,13.780000,40.330000
2017-08-04,13.730000,40.130000
2017-08-07,13.770000,40.400000
2017-08-08,13.790000,40.470000
2017-08-09,13.720000,40.680000
2017-08-10,13.680000,40.280000
2017-08-11,13.480000,39.740000
2017-08-14,13.590000,40.530000
2017-08-15,13.670000,40.570000
2017-08-16,13.650000,40.770000
2017-08-17,13.710000,41.100000
2017-08-18,13.700000,40.480000
2017-08-21,13.760000,40.570000
2017-08-22,13.790000,40.110000
2017-08-23,13.840000,39.700000
2017-08-24,13.800000,39.390000
2017-08-25,14.090000,39.460000
2017-08-28,14.180000,39.760000
2017-08-29,14.150000,39.290000
2017-08-30,14.070000,39.250000
2017-08-31,13.880000,39.420000
2017-09-01,13.800000,39.710000
2017-09-04,13.870000,40.010000
2017-09-05,13.940000,40.020000
2017-09-06,13.910000,40.300000
2017-09-07,13.840000,40.160000
2017-09-08,13.820000,40.260000
2017-09-11,13.820000,40.710000
2017-09-12,13.860000,40.560000
2017-09-13,13.860000,40.710000
2017-09-14,13.800000,40.650000
2017-09-15,13.760000,40.420000
2017-09-18,13.780000,40.730000
2017-09-19,13.770000,40.550000
2017-09-20,13.790000,40.870000
2017-09-21,13.830000,40.410000
2017-09-22,13.840000,40.210000
2017-09-25,13.840000,39.610000
2017-09-26,13.840000,39.650000
2017-09-27,13.810000,39.980000
2017-09-28,13.810000,39.750000
2017-09-29,13.830000,40.110000
2017-10-09,13.950000,40.600000
2017-10-10,13.980000,40.880000
2017-10-11,14.030000,40.730000
2017-10-12,14.040000,40.620000
2017-10-13,14.040000,40.810000
2017-10-16,14.050000,40.030000
2017-10-17,14.030000,39.930000
2017-10-18,14.160000,39.510000
2017-10-19,14.150000,38.880000
2017-10-20,14.120000,39.330000
2017-10-23,14.100000,39.480000
2017-10-24,14.190000,39.170000
2017-10-25,14.190000,39.230000
2017-10-26,14.160000,39.140000
2017-10-27,14.160000,38.630000
2017-10-30,13.990000,37.220000
2017-10-31,13.840000,37.130000
2017-11-01,13.840000,37.170000
2017-11-02,13.870000,36.700000
2017-11-03,13.840000,36.360000
2017-11-06,13.880000,36.740000
2017-11-07,14.000000,36.960000
2017-11-08,13.980000,37.060000
2017-11-09,14.020000,37.270000
2017-11-10,14.050000,37.360000
2017-11-13,14.120000,37.430000
2017-11-14,14.040000,37.150000
2017-11-15,13.940000,36.770000
2017-11-16,13.970000,36.690000
2017-11-17,14.090000,35.420000
2017-11-20,14.180000,35.550000
2017-11-21,14.340000,35.540000
2017-11-22,14.460000,35.560000
2017-11-23,14.100000,34.730000
2017-11-24,14.100000,34.770000
2017-11-27,13.940000,34.150000
2017-11-28,13.920000,34.680000
2017-11-29,13.920000,34.790000
2017-11-30,13.810000,34.590000
2017-12-01,13.770000,34.890000
2017-12-04,13.800000,34.480000
2017-12-05,13.920000,33.560000
2017-12-06,13.830000,34.010000
2017-12-07,13.690000,34.000000
2017-12-08,13.740000,34.350000
2017-12-11,14.010000,33.860000
2017-12-12,13.830000,33.590000
2017-12-13,13.930000,33.810000
2017-12-14,13.850000,33.850000
2017-12-15,13.720000,33.730000
2017-12-18,13.760000,33.450000
2017-12-19,13.930000,33.660000
2017-12-20,13.930000,33.300000
2017-12-21,14.000000,33.370000
2017-12-22,13.970000,33.310000
2017-12-25,13.960000,32.870000
2017-12-26,14.050000,33.050000
2017-12-27,13.880000,32.900000
2017-12-28,13.990000,32.980000
2017-12-29,14.050000,33.290000
2018-01-02,14.250000,33.680000
2018-01-03,14.320000,34.000000
2018-01-04,14.370000,34.070000
2018-01-05,14.410000,34.100000
2018-01-08,14.470000,34.160000
2018-01-09,14.520000,34.110000
2018-01-10,14.630000,33.920000
2018-01-11,14.650000,34.080000
2018-01-12,14.700000,33.850000
2018-01-15,14.720000,32.920000
2018-01-16,14.800000,33.090000
2018-01-17,14.840000,33.000000
2018-01-18,15.030000,32.970000
2018-01-19,15.120000,32.900000
2018-01-22,15.210000,33.160000
2018-01-23,15.520000,33.260000
2018-01-24,15.530000,33.520000
2018-01-25,15.440000,33.480000
2018-01-26,15.510000,33.430000
2018-01-29,15.310000,33.010000
2018-01-30,15.100000,32.930000
2018-01-31,15.190000,32.210000
2018-02-01,15.190000,30.930000
2018-02-02,15.300000,30.840000
2018-02-05,15.430000,30.690000
2018-02-06,14.990000,29.160000
2018-02-07,14.560000,29.190000
2018-02-08,14.270000,29.320000
2018-02-09,13.690000,28.370000
2018-02-12,13.760000,29.090000
2018-02-13,13.930000,29.250000
2018-02-14,14.000000,29.360000
2018-02-22,14.330000,29.910000
2018-02-23,14.410000,29.990000
2018-02-26,14.540000,30.550000
2018-02-27,14.300000,30.390000
2018-02-28,14.120000,30.430000
2018-03-01,14.180000,30.840000
2018-03-02,14.080000,30.710000
2018-03-05,14.080000,30.890000
2018-03-06,14.210000,31.180000
2018-03-07,14.150000,31.000000
2018-03-08,14.230000,31.180000
2018-03-09,14.300000,31.680000
2018-03-12,14.330000,32.230000
2018-03-13,14.230000,32.040000
2018-03-14,14.170000,31.710000
2018-03-15,14.210000,31.630000
2018-03-16,14.090000,31.430000
2018-03-19,14.150000,31.500000
2018-03-20,14.210000,31.420000
2018-03-21,14.050000,31.270000
2018-03-22,13.940000,31.180000
2018-03-23,13.570000,29.520000
2018-03-26,13.390000,29.850000
2018-03-27,13.440000,30.640000
2018-03-28,13.200000,30.370000
2018-03-29,13.390000,30.480000
2018-03-30,13.370000,31.160000
2018-04-02,13.290000,30.810000
2018-04-03,13.190000,30.380000
2018-04-04,13.150000,30.110000
2018-04-09,13.160000,30.160000
2018-04-10,13.440000,30.200000
2018-04-11,13.510000,30.160000
2018-04-12,13.350000,29.970000
2018-04-13,13.240000,29.930000
2018-04-16,12.990000,29.950000
2018-04-17,12.820000,29.150000
2018-04-18,12.910000,29.550000
2018-04-19,13.030000,29.650000
2018-04-20,12.870000,28.960000
2018-04-23,12.890000,28.500000
2018-04-24,13.120000,28.960000
2018-04-25,13.020000,29.100000
2018-04-26,12.800000,28.560000
2018-04-27,12.740000,27.840000
2018-05-02,12.560000,27.370000
2018-05-03,12.630000,27.630000
2018-05-04,12.570000,27.580000
2018-05-07,12.750000,28.080000
2018-05-08,12.880000,28.210000
2018-05-09,12.870000,28.210000
2018-05-10,12.930000,28.380000
2018-05-11,12.910000,28.100000
2018-05-14,13.000000,27.900000
2018-05-15,13.040000,28.200000
2018-05-16,12.910000,27.990000
2018-05-17,12.840000,27.840000
2018-05-18,13.020000,27.950000
2018-05-21,13.050000,28.280000
2018-05-22,12.990000,28.390000
2018-05-23,12.790000,28.040000
2018-05-24,12.700000,27.950000
2018-05-25,12.660000,27.660000
2018-05-28,12.680000,27.470000
2018-05-29,12.600000,27.260000
2018-05-30,12.330000,26.380000
2018-05-31,12.550000,26.780000
2018-06-01,12.470000,26.440000
2018-06-04,12.560000,26.350000
2018-06-05,12.630000,26.860000
2018-06-06,12.600000,26.890000
2018-06-07,12.610000,26.680000
2018-06-08,12.430000,26.410000
2018-06-11,12.620000,26.800000
2018-06-12,12.750000,26.980000
2018-06-13,12.640000,26.490000
2018-06-14,12.620000,26.360000
2018-06-15,12.600000,25.800000
2018-06-19,12.260000,24.040000
2018-06-20,12.250000,24.360000
2018-06-21,12.120000,23.800000
2018-06-22,12.150000,24.180000
2018-06-25,11.980000,24.060000
2018-06-26,11.860000,24.260000
2018-06-27,11.670000,24.050000
2018-06-28,11.560000,23.770000
2018-06-29,11.810000,24.540000
2018-07-02,11.450000,24.240000
2018-07-03,11.470000,24.530000
2018-07-04,11.400000,24.080000
2018-07-05,11.370000,23.470000
2018-07-06,11.430000,23.570000
2018-07-09,11.760000,24.090000
2018-07-10,11.790000,24.260000
2018-07-11,11.600000,23.700000
2018-07-12,11.850000,24.420000
2018-07-13,11.810000,24.520000
2018-07-16,11.700000,24.560000
2018-07-17,11.580000,24.590000
2018-07-18,11.540000,24.460000
2018-07-19,11.510000,24.190000
2018-07-20,11.790000,24.430000
2018-07-23,11.920000,24.590000
2018-07-24,12.090000,24.980000
2018-07-25,12.070000,25.000000
2018-07-26,11.950000,24.800000
2018-07-27,11.910000,24.660000
2018-07-30,11.920000,24.300000
2018-07-31,11.930000,24.190000
2018-08-01,11.690000,23.790000
2018-08-02,11.450000,23.210000
2018-08-03,11.330000,22.820000
2018-08-06,11.230000,22.320000
2018-08-07,11.550000,22.890000
2018-08-08,11.390000,22.490000
2018-08-09,11.610000,22.970000
2018-08-10,11.590000,23.070000
2018-08-13,11.510000,23.150000
2018-08-14,11.480000,23.010000
2018-08-15,11.230000,22.460000
2018-08-16,11.180000,22.160000
2018-08-17,11.040000,21.750000
2018-08-20,11.190000,21.720000
2018-08-21,11.350000,21.790000
2018-08-22,11.220000,21.470000
2018-08-23,11.250000,21.600000
2018-08-24,11.300000,21.460000
2018-08-27,11.470000,21.830000
2018-08-28,11.410000,21.770000
2018-08-29,11.310000,21.620000
2018-08-30,11.170000,21.200000
2018-08-31,11.090000,20.830000
2018-09-03,11.060000,20.810000
2018-09-04,11.190000,21.050000
2018-09-05,10.970000,20.710000
2018-09-06,10.890000,20.610000
2018-09-07,10.930000,20.660000
2018-09-10,10.810000,20.270000
2018-09-11,10.790000,20.260000
2018-09-12,10.730000,20.230000
2018-09-13,10.870000,20.390000
2018-09-14,10.880000,20.190000
2018-09-17,10.780000,19.860000
2018-09-18,10.970000,20.230000
2018-09-19,11.110000,20.450000
2018-09-20,11.110000,20.360000
2018-09-21,11.460000,20.620000
2018-09-25,11.360000,20.560000
2018-09-26,11.480000,20.670000
2018-09-27,11.450000,20.370000
2018-09-28,11.580000,20.530000
2018-10-08,11.100000,19.830000
2018-10-09,11.110000,19.830000
2018-10-10,11.120000,19.830000
2018-10-11,10.620000,18.400000
2018-10-12,10.800000,18.300000
2018-10-15,10.640000,18.030000
2018-10-16,10.600000,17.620000
2018-10-17,10.660000,17.750000
2018-10-18,10.380000,17.160000
2018-10-19,10.670000,17.530000
2018-10-22,11.080000,18.370000
2018-10-23,10.780000,18.020000
2018-10-24,10.820000,17.970000
2018-10-25,10.830000,17.730000
2018-10-26,10.830000,17.780000
2018-10-29,10.540000,17.450000
2018-10-30,10.620000,17.490000
2018-10-31,10.600000,17.620000
2018-11-01,10.630000,17.740000
2018-11-02,10.930000,18.280000
2018-11-05,10.830000,18.420000
2018-11-06,10.780000,18.420000
2018-11-07,10.710000,18.370000
2018-11-08,10.690000,18.270000
2018-11-09,10.500000,18.220000
2018-11-12,10.590000,18.740000
2018-11-13,10.660000,19.080000
2018-11-14,10.540000,19.080000
2018-11-15,10.660000,19.420000
2018-11-16,10.690000,19.630000
2018-11-19,10.810000,19.720000
2018-11-20,10.590000,19.210000
2018-11-21,10.600000,19.320000
2018-11-22,10.570000,19.340000
2018-11-23,10.370000,18.550000
2018-11-26,10.360000,18.500000
2018-11-27,10.340000,18.620000
2018-11-28,10.450000,18.860000
2018-11-29,10.340000,18.430000
2018-11-30,10.440000,18.570000
2018-12-03,10.700000,19.130000
2018-12-04,10.720000,19.310000
2018-12-05,10.660000,19.200000
2018-12-06,10.470000,18.870000
2018-12-07,10.450000,18.870000
2018-12-10,10.350000,18.650000
2018-12-11,10.390000,18.820000
2018-12-12,10.440000,18.830000
2018-12-13,10.580000,19.010000
2018-12-14,10.430000,18.550000
2018-12-17,10.550000,19.920000
2018-12-18,10.450000,19.800000
2018-12-19,10.340000,19.540000
2018-12-20,10.250000,19.610000
2018-12-21,10.150000,19.480000
2018-12-24,10.170000,19.670000
2018-12-25,10.100000,19.490000
2018-12-26,10.070000,19.410000
2018-12-27,10.030000,19.130000
2018-12-28,10.090000,19.170000
2019-01-02,9.940000,19.080000
2019-01-03,9.950000,18.930000
2019-01-04,10.150000,19.430000
2019-01-07,10.190000,19.800000
2019-01-08,10.160000,19.760000
2019-01-09,10.260000,19.790000
2019-01-10,10.220000,19.740000
2019-01-11,10.290000,19.900000
2019-01-14,10.200000,19.770000
2019-01-15,10.360000,19.980000
2019-01-16,10.370000,19.970000
2019-01-17,10.330000,19.800000
2019-01-18,10.520000,19.950000
2019-01-21,10.580000,20.060000
2019-01-22,10.450000,19.850000
2019-01-23,10.450000,19.880000
2019-01-24,10.500000,20.000000
2019-01-25,10.590000,19.890000
2019-01-28,10.630000,19.730000
2019-01-29,10.670000,19.410000
2019-01-30,10.610000,19.080000
2019-01-31,10.740000,18.810000
2019-02-01,10.860000,19.360000
2019-02-11,10.990000,19.900000
2019-02-12,11.040000,20.150000
2019-02-13,11.270000,20.480000
2019-02-14,11.250000,20.570000
2019-02-15,11.040000,20.510000
2019-02-18,11.350000,21.190000
2019-02-19,11.340000,21.250000
2019-02-20,11.380000,21.250000
2019-02-21,11.340000,21.120000
2019-02-22,11.540000,21.540000
2019-02-25,12.210000,22.620000
2019-02-26,12.060000,22.620000
2019-02-27,12.100000,22.560000
2019-02-28,12.060000,23.310000
2019-03-01,12.320000,23.520000
2019-03-04,12.440000,24.030000
2019-03-05,12.480000,24.690000
2019-03-06,12.600000,25.010000
2019-03-07,12.480000,25.380000
2019-03-08,11.970000,24.340000
2019-03-11,12.150000,25.400000
2019-03-12,12.240000,25.970000
2019-03-13,12.110000,25.460000
2019-03-14,12.030000,24.780000
2019-03-15,12.150000,25.190000
2019-03-18,12.460000,25.770000
2019-03-19,12.430000,25.840000
2019-03-20,12.410000,25.800000
2019-03-21,12.410000,26.160000
2019-03-22,12.390000,26.290000
2019-03-25,12.090000,26.230000
2019-03-26,11.960000,25.540000
2019-03-27,12.080000,25.810000
2019-03-28,12.090000,25.470000
2019-03-29,12.500000,26.310000
2019-04-01,12.830000,27.860000
2019-04-02,12.820000,28.010000
2019-04-03,12.980000,28.270000
2019-04-04,13.130000,28.360000
2019-04-08,13.120000,28.250000
2019-04-09,13.120000,28.300000
2019-04-10,13.130000,28.200000
2019-04-11,12.890000,27.550000
2019-04-12,12.870000,27.480000
2019-04-15,12.800000,27.310000
2019-04-16,13.170000,27.900000
2019-04-17,13.200000,28.050000
2019-04-18,13.140000,27.900000
2019-04-19,13.230000,28.100000
2019-04-22,12.940000,27.720000
2019-04-23,12.900000,27.230000
2019-04-24,12.910000,27.540000
2019-04-25,12.660000,26.370000
2019-04-26,12.430000,25.970000
2019-04-29,12.400000,24.790000
2019-04-30,12.270000,25.030000
2019-05-06,11.620000,23.150000
2019-05-07,11.690000,23.470000
2019-05-08,11.530000,23.390000
2019-05-09,11.340000,23.130000
2019-05-10,11.680000,24.030000
2019-05-13,11.510000,23.890000
2019-05-14,11.450000,23.710000
2019-05-15,11.670000,24.220000
2019-05-16,11.720000,24.390000
2019-05-17,11.460000,23.550000
2019-05-20,11.420000,23.450000
2019-05-21,11.540000,23.920000
2019-05-22,11.500000,23.810000
2019-05-23,11.340000,23.290000
2019-05-24,11.370000,23.030000
2019-05-27,11.480000,23.680000
2019-05-28,11.580000,23.670000
2019-05-29,11.560000,23.760000
2019-05-30,11.520000,23.630000
2019-05-31,11.480000,23.610000
2019-06-03,11.480000,23.280000
2019-06-04,11.410000,22.890000
2019-06-05,11.420000,22.900000
2019-06-06,11.340000,22.370000
2019-06-10,11.460000,22.670000
2019-06-11,11.720000,23.490000
2019-06-12,11.640000,23.390000
2019-06-13,11.620000,23.480000
2019-06-14,11.540000,22.980000
2019-06-17,11.770000,22.980000
2019-06-18,11.800000,22.980000
2019-06-19,11.920000,23.320000
2019-06-20,12.240000,23.700000
2019-06-21,12.260000,24.070000
2019-06-24,12.290000,24.080000
2019-06-25,12.170000,23.850000
2019-06-26,12.150000,23.870000
2019-06-27,12.250000,24.090000
2019-06-28,12.220000,23.780000
2019-07-01,12.500000,24.480000
2019-07-02,12.490000,24.510000
2019-07-03,12.390000,24.280000
2019-07-04,12.350000,24.160000
2019-07-05,12.390000,24.250000
2019-07-08,12.110000,23.490000
2019-07-09,12.070000,23.540000
2019-07-10,12.010000,23.330000
2019-07-11,12.020000,23.320000
2019-07-12,12.100000,23.400000
2019-07-15,12.130000,23.620000
2019-07-16,12.080000,23.670000
2019-07-17,12.070000,23.670000
2019-07-18,11.970000,23.250000
2019-07-19,12.070000,23.360000
2019-07-22,11.980000,22.730000
2019-07-23,12.010000,22.980000
2019-07-24,12.100000,23.260000
2019-07-25,12.160000,23.290000
2019-07-26,12.180000,23.310000
2019-07-29,12.160000,23.330000
2019-07-30,12.220000,23.400000
2019-07-31,12.140000,23.200000
2019-08-01,12.040000,23.060000
2019-08-02,11.860000,22.710000
2019-08-05,11.640000,22.440000
2019-08-06,11.520000,21.880000
2019-08-07,11.470000,21.840000
2019-08-08,11.600000,22.000000
2019-08-09,11.520000,21.770000
2019-08-12,11.690000,22.120000
2019-08-13,11.580000,22.020000
2019-08-14,11.630000,22.190000
2019-08-15,11.650000,22.270000
2019-08-16,11.610000,22.370000
2019-08-19,11.820000,23.030000
2019-08-20,11.800000,23.060000
2019-08-21,11.770000,23.050000
2019-08-22,11.790000,23.080000
2019-08-23,11.820000,23.080000
2019-08-26,11.640000,23.000000
2019-08-27,11.830000,23.520000
2019-08-28,11.770000,23.380000
2019-08-29,11.700000,23.640000
2019-08-30,11.700000,23.250000
2019-09-02,11.770000,23.820000
2019-09-03,11.790000,23.990000
2019-09-04,11.900000,24.160000
2019-09-05,12.020000,24.360000
2019-09-06,12.080000,24.470000
2019-09-09,12.140000,25.030000
2019-09-10,12.100000,25.090000
2019-09-11,12.060000,24.880000
2019-09-12,12.160000,24.980000
2019-09-16,12.130000,25.110000
2019-09-17,11.950000,24.540000
2019-09-18,11.980000,24.550000
2019-09-19,12.020000,24.830000
2019-09-20,12.050000,24.870000
2019-09-23,11.920000,24.620000
2019-09-24,11.950000,24.760000
2019-09-25,11.860000,24.300000
2019-09-26,11.800000,23.550000
2019-09-27,11.820000,23.740000
2019-09-30,11.720000,23.500000
2019-10-08,11.780000,23.520000
2019-10-09,11.810000,23.740000
2019-10-10,11.890000,24.120000
2019-10-11,12.010000,24.140000
2019-10-14,12.140000,24.500000
2019-10-15,12.100000,24.150000
2019-10-16,12.050000,24.070000
2019-10-17,12.060000,24.060000
2019-10-18,11.900000,23.720000
2019-10-21,11.960000,23.540000
2019-10-22,11.990000,23.750000
2019-10-23,11.920000,23.560000
2019-10-24,11.930000,23.460000
2019-10-25,11.940000,23.570000
2019-10-28,11.970000,23.840000
2019-10-29,11.880000,23.650000
2019-10-30,11.770000,23.300000
2019-10-31,11.670000,23.090000
2019-11-01,11.810000,23.330000
2019-11-04,11.890000,23.510000
2019-11-05,11.960000,23.580000
2019-11-06,11.930000,23.390000
2019-11-07,11.930000,23.540000
2019-11-08,11.860000,23.490000
2019-11-11,11.660000,22.870000
2019-11-12,11.680000,22.930000
2019-11-13,11.640000,22.880000
2019-11-14,11.640000,23.040000
2019-11-15,11.580000,22.780000
2019-11-18,11.660000,22.940000
2019-11-19,11.740000,23.350000
2019-11-20,11.640000,23.250000
2019-11-21,11.600000,23.200000
2019-11-22,11.510000,22.860000
2019-11-25,11.610000,22.720000
2019-11-26,11.640000,22.720000
2019-11-27,11.600000,22.710000
2019-11-28,11.550000,22.670000
2019-11-29,11.460000,22.620000
2019-12-02,11.480000,22.680000
2019-12-03,11.510000,22.810000
2019-12-04,11.490000,22.870000
2019-12-05,11.570000,23.170000
2019-12-06,11.620000,23.330000
2019-12-09,11.600000,23.390000
2019-12-10,11.600000,23.510000
2019-12-11,11.630000,23.410000
2019-12-12,11.600000,23.420000
2019-12-13,11.830000,23.750000
2019-12-16,12.010000,23.990000
2019-12-17,12.170000,24.310000
2019-12-18,12.150000,24.310000
2019-12-19,12.140000,24.390000
2019-12-20,12.120000,24.140000
2019-12-23,11.960000,23.620000
2019-12-24,12.020000,24.000000
2019-12-25,12.010000,24.130000
2019-12-26,12.110000,24.320000
2019-12-27,12.110000,24.130000
2019-12-30,12.260000,24.290000
2019-12-31,12.300000,24.510000
2020-01-02,12.450000,24.960000
2020-01-03,12.440000,25.070000
2020-01-06,12.400000,25.290000
2020-01-07,12.470000,25.680000
2020-01-08,12.320000,25.330000
2020-01-09,12.420000,25.810000
2020-01-10,12.430000,25.800000
2020-01-13,12.530000,26.150000
2020-01-14,12.490000,26.080000
2020-01-15,12.420000,26.120000
2020-01-16,12.340000,26.090000
2020-01-17,12.350000,26.040000
2020-01-20,12.420000,26.380000
2020-01-21,12.230000,26.130000
2020-01-22,12.280000,26.280000
2020-01-23,11.960000,25.340000
2020-02-03,11.040000,23.150000
2020-02-04,11.290000,23.280000
2020-02-05,11.400000,23.810000
2020-02-06,11.580000,24.530000
2020-02-07,11.570000,24.830000
2020-02-10,11.610000,25.170000
2020-02-11,11.710000,25.060000
2020-02-12,11.780000,25.570000
2020-02-13,11.710000,25.340000
2020-02-14,11.780000,25.450000
2020-02-17,12.030000,26.340000
2020-02-18,11.960000,26.900000
2020-02-19,11.960000,26.670000
2020-02-20,12.190000,27.120000
2020-02-21,12.240000,27.580000
2020-02-24,12.170000,28.140000
2020-02-25,12.080000,28.180000
2020-02-26,11.980000,27.300000
2020-02-27,11.980000,27.330000
2020-02-28,11.570000,25.800000
2020-03-02,11.880000,26.780000
2020-03-03,11.940000,27.230000
2020-03-04,12.000000,27.350000
2020-03-05,12.250000,27.760000
2020-03-06,12.070000,27.520000
2020-03-09,11.700000,26.470000
2020-03-10,11.910000,27.090000
2020-03-11,11.780000,26.660000
2020-03-12,11.590000,26.090000
2020-03-13,11.440000,25.840000
2020-03-16,11.070000,24.640000
2020-03-17,11.020000,24.580000
2020-03-18,10.820000,24.220000
2020-03-19,10.660000,24.590000
2020-03-20,10.840000,24.840000
2020-03-23,10.500000,23.760000
2020-03-24,10.780000,24.220000
2020-03-25,11.040000,24.850000
2020-03-26,10.940000,24.650000
2020-03-27,10.960000,24.540000
2020-03-30,10.880000,24.030000
2020-03-31,10.850000,24.230000
2020-04-01,10.810000,24.080000
2020-04-02,10.980000,24.670000
2020-04-03,10.920000,24.550000
2020-04-07,11.130000,25.350000
2020-04-08,11.070000,25.490000
2020-04-09,11.100000,25.750000
2020-04-10,11.030000,25.130000
2020-04-13,10.990000,24.960000
2020-04-14,11.170000,25.600000
2020-04-15,11.100000,25.460000
2020-04-16,11.110000,25.740000
2020-04-17,11.200000,25.800000
2020-04-20,11.250000,26.430000
2020-04-21,11.130000,26.430000
2020-04-22,11.200000,26.530000
2020-04-23,11.160000,26.430000
2020-04-24,11.150000,26.100000
2020-04-27,11.240000,26.220000
2020-04-28,11.280000,26.110000
2020-04-29,11.400000,26.670000
2020-04-30,11.770000,27.890000
2020-05-06,11.800000,28.490000
2020-05-07,11.760000,28.520000
2020-05-08,11.860000,28.820000
2020-05-11,11.870000,28.770000
2020-05-12,11.850000,28.930000
2020-05-13,11.870000,29.210000
2020-05-14,11.750000,28.920000
2020-05-15,11.720000,29.040000
2020-05-18,11.750000,28.950000
2020-05-19,11.840000,29.340000
2020-05-20,11.790000,28.970000
2020-05-21,11.730000,28.590000
2020-05-22,11.490000,28.100000
2020-05-25,11.500000,28.080000
2020-05-26,11.600000,28.780000
2020-05-27,11.550000,28.550000
2020-05-28,11.590000,28.490000
2020-05-29,11.600000,28.830000
2020-06-01,11.860000,29.680000
2020-06-02,11.910000,29.680000
2020-06-03,11.920000,29.640000
2020-06-04,11.890000,29.720000
2020-06-05,11.950000,29.760000
2020-06-08,12.000000,29.670000
2020-06-09,12.080000,29.890000
2020-06-10,12.040000,29.970000
2020-06-11,11.920000,29.850000
2020-06-12,11.930000,29.920000
2020-06-15,11.920000,30.140000
2020-06-16,12.070000,30.720000
2020-06-17,12.070000,30.840000
2020-06-18,12.130000,30.690000
2020-06-19,12.270000,30.900000
2020-06-22,12.270000,31.110000
2020-06-23,12.300000,31.220000
2020-06-24,12.370000,31.260000
2020-06-29,12.290000,31.230000
2020-06-30,12.380000,31.830000
2020-07-01,12.610000,31.940000
2020-07-02,12.900000,32.290000
2020-07-03,13.190000,32.610000
2020-07-06,14.000000,33.810000
2020-07-07,14.050000,34.280000
2020-07-08,14.250000,35.020000
2020-07-09,14.410000,36.100000
2020-07-10,14.050000,35.990000
2020-07-13,14.280000,37.210000
2020-07-14,14.150000,36.900000
2020-07-15,13.940000,35.930000
2020-07-16,13.340000,34.000000
2020-07-17,13.390000,34.100000
2020-07-20,13.760000,35.190000
2020-07-21,13.780000,35.470000
2020-07-22,13.820000,35.800000
2020-07-23,13.780000,35.810000
2020-07-24,13.230000,34.100000
2020-07-27,13.290000,34.090000
2020-07-28,13.380000,34.440000
2020-07-29,13.670000,35.420000
2020-07-30,13.580000,35.280000
2020-07-31,13.670000,35.660000
2020-08-03,13.870000,36.750000
2020-08-04,13.920000,36.480000
2020-08-05,13.900000,36.700000
2020-08-06,13.890000,36.660000
2020-08-07,13.750000,36.150000
2020-08-10,13.840000,36.180000
2020-08-11,13.730000,35.470000
2020-08-12,13.640000,34.750000
2020-08-13,13.600000,34.860000
2020-08-14,13.810000,35.160000
2020-08-17,14.150000,35.800000
2020-08-18,14.140000,36.060000
2020-08-19,13.940000,35.400000
2020-08-20,13.760000,34.620000
2020-08-21,13.840000,34.900000
2020-08-24,13.920000,35.260000
2020-08-25,13.920000,34.900000
2020-08-26,13.790000,33.870000
2020-08-27,13.840000,33.890000
2020-08-28,13.960000,34.300000
2020-08-31,14.450000,34.310000
2020-09-01,14.520000,34.450000
2020-09-02,14.510000,34.490000
2020-09-03,14.430000,34.090000
2020-09-04,14.300000,33.950000
2020-09-07,14.030000,33.230000
2020-09-08,14.140000,33.330000
2020-09-09,13.860000,32.270000
2020-09-10,13.860000,31.320000
2020-09-11,13.970000,31.850000
2020-09-14,14.020000,32.280000
2020-09-15,14.110000,32.490000
2020-09-16,14.040000,32.170000
2020-09-17,13.970000,32.250000
2020-09-18,14.290000,32.770000
2020-09-21,14.150000,32.730000
2020-09-22,14.000000,32.300000
2020-09-23,14.030000,32.550000
2020-09-24,13.800000,31.690000
2020-09-25,13.820000,31.510000
2020-09-28,13.870000,31.140000
2020-09-29,13.890000,31.490000
2020-09-30,13.870000,31.480000
2020-10-09,14.100000,32.430000
2020-10-12,14.500000,33.450000
2020-10-13,14.520000,33.520000
2020-10-14,14.440000,33.240000
2020-10-15,14.440000,32.960000
2020-10-16,14.460000,32.840000
2020-10-19,14.400000,32.520000
2020-10-20,14.410000,32.720000
2020-10-21,14.440000,32.230000
2020-10-22,14.400000,32.010000
2020-10-23,14.230000,31.400000
2020-10-26,14.130000,31.180000
2020-10-27,14.130000,31.220000
2020-10-28,14.160000,30.730000
2020-10-29,14.030000,30.350000
2020-10-30,13.920000,29.350000
2020-11-02,13.960000,28.970000
2020-11-03,14.130000,29.530000
2020-11-04,14.200000,29.490000
2020-11-05,14.380000,30.010000
2020-11-06,14.380000,29.720000
2020-11-09,14.630000,30.400000
2020-11-10,14.580000,30.120000
2020-11-11,14.480000,29.640000
2020-11-12,14.460000,29.700000
2020-11-13,14.300000,29.730000
2020-11-16,14.440000,29.980000
2020-11-17,14.420000,29.670000
2020-11-18,14.440000,29.630000
2020-11-19,14.530000,29.810000
2020-11-20,14.560000,30.030000
2020-11-23,14.750000,30.210000
2020-11-24,14.660000,30.210000
2020-11-25,14.510000,29.690000
2020-11-26,14.550000,29.510000
2020-11-27,14.780000,29.530000
2020-11-30,14.710000,29.450000
2020-12-01,15.000000,29.880000
2020-12-02,14.980000,30.010000
2020-12-03,14.950000,29.930000
2020-12-04,14.950000,30.130000
2020-12-07,14.800000,30.100000
2020-12-08,14.740000,30.110000
2020-12-09,14.580000,29.570000
2020-12-10,14.560000,29.630000
2020-12-11,14.450000,29.190000
2020-12-14,15.010000,29.080000
2020-12-15,15.010000,29.240000
2020-12-16,15.030000,29.060000
2020-12-17,15.200000,29.280000
2020-12-18,15.150000,29.160000
2020-12-21,15.270000,29.700000
2020-12-22,15.010000,29.080000
2020-12-23,15.140000,29.340000
2020-12-24,15.120000,28.920000
2020-12-25,15.230000,29.180000
2020-12-28,15.290000,28.990000
2020-12-29,15.220000,28.740000
2020-12-30,15.390000,28.950000
2020-12-31,15.660000,29.490000
2021-01-04,19.860000,28.300000
2021-01-05,20.240000,28.340000
2021-01-06,20.470000,28.070000
2021-01-07,20.870000,27.760000
2021-01-08,20.760000,27.780000
2021-01-11,20.570000,27.260000
2021-01-12,21.180000,27.600000
2021-01-13,21.080000,27.410000
2021-01-14,20.640000,27.310000
2021-01-15,20.640000,27.350000
2021-01-18,20.840000,27.780000
2021-01-19,20.350000,27.650000
2021-01-20,20.520000,27.800000
2021-01-21,20.860000,28.130000
2021-01-22,20.960000,28.000000
2021-01-25,21.180000,27.780000
2021-01-26,20.750000,27.210000
2021-01-27,20.840000,27.290000
2021-01-28,20.250000,26.790000
2021-01-29,20.140000,26.440000
2021-02-01,20.390000,26.580000
2021-02-02,20.700000,26.800000
2021-02-03,20.660000,26.420000
2021-02-04,20.410000,25.890000
2021-02-05,20.500000,25.410000
2021-02-08,20.840000,25.620000
2021-02-09,21.270000,26.260000
2021-02-10,21.760000,26.500000
2021-02-18,21.540000,27.100000
2021-02-19,21.540000,27.780000
2021-02-22,20.790000,27.960000
2021-02-23,20.730000,27.820000
2021-02-24,20.170000,27.660000
2021-02-25,20.300000,27.440000
2021-02-26,19.790000,27.030000
2021-03-01,20.100000,27.710000
2021-03-02,19.860000,27.490000
2021-03-03,20.250000,27.990000
2021-03-04,19.590000,27.630000
2021-03-05,19.510000,27.650000
2021-03-08,18.820000,27.200000
2021-03-09,18.410000,26.440000
2021-03-10,18.590000,26.140000
2021-03-11,19.610000,27.450000
2021-03-12,19.680000,27.430000
2021-03-15,19.190000,27.370000
2021-03-16,19.350000,27.590000
2021-03-17,19.430000,27.730000
2021-03-18,19.610000,27.810000
2021-03-19,19.050000,27.590000
2021-03-22,19.150000,28.090000
2021-03-23,18.980000,27.680000
2021-03-24,18.680000,27.260000
2021-03-25,18.690000,27.190000
2021-03-26,19.130000,27.590000
2021-03-29,18.990000,27.620000
2021-03-30,19.170000,27.310000
2021-03-31,18.910000,27.080000
2021-04-01,19.150000,27.290000
2021-04-02,19.360000,27.390000
2021-04-06,19.270000,27.580000
2021-04-07,19.110000,27.610000
2021-04-08,19.160000,27.510000
2021-04-09,18.850000,27.380000
2021-04-12,18.540000,26.810000
2021-04-13,18.500000,26.710000
2021-04-14,18.670000,27.020000
2021-04-15,18.530000,26.920000
2021-04-16,18.560000,27.180000
2021-04-19,19.030000,27.460000
2021-04-20,19.000000,27.700000
2021-04-21,19.040000,27.520000
2021-04-22,19.150000,27.530000
2021-04-23,19.340000,27.380000
2021-04-26,19.050000,27.090000
2021-04-27,19.090000,27.070000
2021-04-28,19.210000,27.180000
2021-04-29,19.260000,27.290000
2021-04-30,19.130000,27.160000
2021-05-06,17.690000,23.590000
2021-05-07,17.410000,23.410000
2021-05-10,17.400000,23.500000
2021-05-11,17.560000,23.520000
2021-05-12,17.660000,23.800000
2021-05-13,17.470000,23.570000
2021-05-14,17.890000,23.880000
2021-05-17,18.150000,23.850000
2021-05-18,18.160000,23.960000
2021-05-19,18.140000,23.950000
2021-05-20,18.220000,23.810000
2021-05-21,18.010000,23.820000
2021-05-24,18.110000,23.970000
2021-05-25,18.710000,24.250000
2021-05-26,18.680000,24.370000
2021-05-27,18.730000,24.550000
2021-05-28,18.690000,24.530000
2021-05-31,18.760000,24.870000
2021-06-01,18.790000,25.010000
2021-06-02,18.610000,24.730000
2021-06-03,18.480000,24.730000
2021-06-04,18.600000,24.810000
2021-06-07,18.540000,25.040000
2021-06-08,18.350000,24.940000
2021-06-09,18.430000,24.990000
2021-06-10,18.550000,25.230000
2021-06-11,18.470000,25.070000
2021-06-15,18.270000,24.910000
2021-06-16,17.950000,24.400000
2021-06-17,18.020000,24.690000
2021-06-18,18.030000,24.930000
2021-06-21,17.980000,25.280000
2021-06-22,18.100000,25.370000
2021-06-23,18.120000,25.540000
2021-06-24,18.250000,25.330000
2021-06-25,18.550000,25.470000
2021-06-28,18.620000,25.640000
2021-06-29,18.410000,25.420000
2021-06-30,18.560000,25.630000
2021-07-01,19.160000,23.920000
2021-07-02,18.580000,23.820000
2021-07-05,18.540000,24.130000
2021-07-06,18.550000,24.150000
2021-07-07,18.810000,24.430000
2021-07-08,18.610000,24.380000
2021-07-09,18.500000,24.650000
2021-07-12,18.790000,25.080000
2021-07-13,18.810000,25.300000
2021-07-14,18.560000,24.970000
2021-07-15,18.870000,25.030000
2021-07-16,18.570000,25.060000
2021-07-19,18.680000,24.950000
2021-07-20,18.660000,25.050000
2021-07-21,18.840000,25.500000
2021-07-22,18.850000,25.770000
2021-07-23,18.590000,25.630000
2021-07-26,17.970000,25.280000
2021-07-27,17.280000,24.570000
2021-07-28,17.400000,24.050000
2021-07-29,17.750000,24.790000
2021-07-30,17.550000,24.990000
2021-08-02,17.980000,25.430000
2021-08-03,18.010000,25.010000
2021-08-04,18.190000,25.530000
2021-08-05,18.110000,25.420000
2021-08-06,17.980000,25.600000
2021-08-09,18.170000,25.740000
2021-08-10,18.370000,25.870000
2021-08-11,18.300000,26.080000
2021-08-12,18.120000,26.270000
2021-08-13,18.010000,26.280000
2021-08-16,17.980000,26.050000
2021-08-17,17.600000,25.420000
2021-08-18,17.810000,25.590000
2021-08-19,17.700000,25.690000
2021-08-20,17.340000,25.730000
2021-08-23,17.600000,26.320000
2021-08-24,17.820000,26.520000
2021-08-25,17.870000,26.730000
2021-08-26,17.500000,26.520000
2021-08-27,17.600000,26.720000
2021-08-30,17.560000,26.950000
2021-08-31,17.490000,27.090000
2021-09-01,16.870000,24.510000
2021-09-02,16.830000,25.070000
2021-09-03,16.740000,24.900000
2021-09-06,17.070000,25.090000
2021-09-07,17.240000,25.660000
2021-09-08,17.120000,25.900000
2021-09-09,17.110000,26.020000
2021-09-10,17.270000,26.110000
2021-09-13,17.180000,26.220000
2021-09-14,16.980000,25.990000
2021-09-15,16.780000,26.200000
2021-09-16,16.570000,25.510000
2021-09-17,16.760000,25.390000
2021-09-22,16.620000,25.630000
2021-09-23,16.700000,25.760000
2021-09-24,16.720000,25.300000
2021-09-27,16.890000,24.430000
2021-09-28,16.890000,24.440000
2021-09-29,16.750000,23.530000
2021-09-30,16.900000,24.150000
2021-10-08,17.130000,24.220000
2021-10-11,17.120000,24.120000
2021-10-12,16.960000,23.520000
2021-10-13,17.200000,23.640000
2021-10-14,17.120000,23.760000
2021-10-15,17.250000,23.730000
2021-10-18,17.070000,24.050000
2021-10-19,17.220000,24.280000
2021-10-20,17.170000,24.390000
2021-10-21,17.310000,24.420000
2021-10-22,17.410000,24.200000
2021-10-25,17.480000,24.510000
2021-10-26,17.360000,24.450000
2021-10-27,17.150000,24.240000
2021-10-28,17.000000,23.700000
2021-10-29,17.180000,24.110000
2021-11-01,16.750000,23.620000
2021-11-02,16.750000,23.740000
2021-11-03,16.620000,23.800000
2021-11-04,16.800000,24.090000
2021-11-05,16.700000,23.780000
2021-11-08,16.740000,23.910000
2021-11-09,16.730000,24.240000
2021-11-10,16.620000,24.220000
2021-11-11,16.890000,24.410000
2021-11-12,16.820000,24.690000
2021-11-15,16.770000,24.560000
2021-11-16,16.790000,24.300000
2021-11-17,16.830000,24.730000
2021-11-18,16.670000,24.770000
2021-11-19,16.850000,25.050000
2021-11-22,16.980000,25.480000
2021-11-23,16.960000,25.490000
2021-11-24,16.960000,25.460000
2021-11-25,16.890000,25.390000
2021-11-26,16.780000,25.410000
2021-11-29,16.800000,25.560000
2021-11-30,16.730000,25.680000
2021-12-01,16.750000,25.780000
2021-12-02,16.810000,25.540000
2021-12-03,16.960000,25.780000
2021-12-06,16.890000,25.490000
2021-12-07,16.950000,25.170000
2021-12-08,17.210000,25.580000
2021-12-09,17.480000,25.600000
2021-12-10,17.410000,25.660000
2021-12-13,17.500000,25.830000
2021-12-14,17.390000,25.790000
2021-12-15,17.250000,25.790000
2021-12-16,17.350000,26.030000
2021-12-17,17.080000,25.710000
2021-12-20,16.830000,25.250000
2021-12-21,16.950000,25.590000
2021-12-22,16.950000,25.830000
2021-12-23,17.070000,25.890000
2021-12-24,16.980000,25.450000
2021-12-27,16.970000,25.400000
2021-12-28,17.100000,25.610000
2021-12-29,16.820000,25.550000
2021-12-30,16.970000,25.790000
2021-12-31,17.020000,26.030000
2022-01-04,17.710000,23.340000
2022-01-05,17.520000,22.880000
2022-01-06,17.330000,23.040000
2022-01-07,17.340000,22.740000
2022-01-10,17.400000,22.870000
2022-01-11,17.240000,22.710000
2022-01-12,17.440000,22.970000
2022-01-13,17.150000,22.620000
2022-01-14,17.010000,22.640000
2022-01-17,17.170000,23.000000
2022-01-18,17.330000,22.920000
2022-01-19,17.330000,22.730000
2022-01-20,17.500000,22.320000
2022-01-21,17.350000,21.980000
2022-01-24,17.400000,22.020000
2022-01-25,17.030000,21.150000
2022-01-26,17.160000,21.270000
2022-01-27,16.800000,20.670000
2022-01-28,16.600000,20.680000
2022-02-07,16.890000,20.980000
2022-02-08,16.730000,21.180000
2022-02-09,16.890000,21.560000
2022-02-10,16.830000,21.500000
2022-02-11,16.690000,21.110000
2022-02-14,16.520000,20.960000
2022-02-15,16.750000,21.130000
2022-02-16,16.860000,21.280000
2022-02-17,16.930000,21.300000
2022-02-18,17.000000,21.490000
2022-02-21,16.930000,21.700000
2022-02-22,16.720000,21.420000
2022-02-23,16.920000,21.790000
2022-02-24,16.570000,21.280000
2022-02-25,16.740000,21.460000
2022-02-28,16.770000,21.570000
2022-03-01,16.910000,21.620000
2022-03-02,16.710000,21.640000
2022-03-03,16.590000,21.560000
2022-03-04,16.370000,21.290000
2022-03-07,15.820000,20.830000
2022-03-08,15.530000,20.160000
2022-03-09,15.410000,19.840000
2022-03-10,15.660000,20.250000
2022-03-11,15.700000,20.390000
2022-03-14,15.200000,19.820000
2022-03-15,14.550000,18.730000
2022-03-16,15.210000,19.340000
2022-03-17,15.520000,19.730000
2022-03-18,15.800000,19.940000
2022-03-21,15.720000,20.080000
2022-03-22,15.720000,20.010000
2022-03-23,15.790000,20.200000
2022-03-24,15.750000,20.000000
2022-03-25,15.420000,19.760000
2022-03-28,15.310000,19.770000
2022-03-29,15.220000,19.720000
2022-03-30,15.660000,19.990000
2022-03-31,15.540000,19.940000
2022-04-01,15.740000,20.020000
2022-04-06,15.670000,20.090000
2022-04-07,15.480000,19.660000
2022-04-08,15.640000,19.590000
2022-04-11,15.120000,18.930000
2022-04-12,15.410000,19.250000
2022-04-13,15.260000,19.010000
2022-04-14,15.460000,19.250000
2022-04-15,15.450000,18.960000
2022-04-18,15.360000,19.240000
2022-04-19,15.250000,19.360000
2022-04-20,15.000000,19.080000
2022-04-21,14.710000,18.360000
2022-04-22,14.750000,18.120000
2022-04-25,14.090000,16.780000
2022-04-26,13.970000,16.460000
2022-04-27,14.400000,17.140000
2022-04-28,14.500000,17.160000
2022-04-29,14.860000,17.840000
2022-05-05,14.600000,18.710000
2022-05-06,14.220000,18.410000
2022-05-09,14.090000,18.630000
2022-05-10,14.250000,18.920000
2022-05-11,14.500000,19.020000
2022-05-12,14.410000,19.110000
2022-05-13,14.520000,19.260000
2022-05-16,14.400000,19.290000
2022-05-17,14.620000,19.350000
2022-05-18,14.570000,19.320000
2022-05-19,14.590000,19.470000
2022-05-20,14.890000,19.750000
2022-05-23,14.790000,20.010000
2022-05-24,14.440000,19.220000
2022-05-25,14.500000,19.590000
2022-05-26,14.540000,19.790000
2022-05-27,14.590000,19.700000
2022-05-30,14.750000,19.900000
2022-05-31,14.960000,20.140000
2022-06-01,14.920000,20.220000
2022-06-02,14.960000,20.350000
2022-06-06,15.160000,20.740000
2022-06-07,15.310000,20.720000
2022-06-08,15.440000,20.750000
2022-06-09,15.300000,20.420000
2022-06-10,15.540000,20.840000
2022-06-13,15.340000,20.920000
2022-06-14,15.470000,20.980000
2022-06-15,15.690000,20.930000
2022-06-16,15.590000,21.000000
2022-06-17,15.810000,21.150000
2022-06-20,15.900000,21.340000
2022-06-21,15.890000,21.130000
2022-06-22,15.680000,20.830000
2022-06-23,15.970000,21.250000
2022-06-24,16.170000,21.480000
2022-06-27,16.370000,21.710000
2022-06-28,16.550000,21.990000
2022-06-29,16.280000,21.490000
2022-06-30,16.530000,21.700000
2022-07-01,16.360000,22.200000
2022-07-04,16.440000,22.410000
2022-07-05,16.420000,22.280000
2022-07-06,16.170000,21.950000
2022-07-07,16.240000,22.170000
2022-07-08,16.200000,22.060000
2022-07-11,15.920000,21.800000
2022-07-12,15.770000,21.470000
2022-07-13,15.800000,21.610000
2022-07-14,15.770000,21.770000
2022-07-15,15.510000,21.450000
2022-07-18,15.590000,21.870000
2022-07-19,15.500000,22.100000
2022-07-20,15.550000,22.370000
2022-07-21,15.360000,22.220000
2022-07-22,15.380000,22.080000
2022-07-25,15.300000,21.820000
2022-07-26,15.420000,22.080000
2022-07-27,15.340000,22.240000
2022-07-28,15.310000,22.380000
2022-07-29,15.120000,22.250000
2022-08-01,15.190000,22.420000
2022-08-02,14.760000,21.680000
2022-08-03,14.590000,21.540000
2022-08-04,14.840000,21.700000
2022-08-05,15.020000,22.030000
2022-08-08,14.980000,22.260000
2022-08-09,15.070000,22.300000
2022-08-10,14.850000,22.320000
2022-08-11,15.160000,22.650000
2022-08-12,15.150000,22.540000
2022-08-15,15.150000,22.660000
2022-08-16,15.110000,22.770000
2022-08-17,15.270000,22.840000
2022-08-18,15.010000,22.840000
2022-08-19,14.940000,22.530000
2022-08-22,15.050000,22.720000
2022-08-23,14.970000,22.770000
2022-08-24,14.700000,22.010000
2022-08-25,14.830000,22.050000
2022-08-26,14.760000,21.940000
2022-08-29,14.690000,22.030000
2022-08-30,14.630000,21.940000
2022-08-31,14.670000,21.350000
2022-09-01,14.160000,22.500000
2022-09-02,14.080000,22.700000
2022-09-05,14.050000,22.720000
2022-09-06,14.180000,23.120000
2022-09-07,14.150000,23.220000
2022-09-08,14.090000,23.030000
2022-09-09,14.300000,23.110000
2022-09-13,14.370000,23.070000
2022-09-14,14.210000,22.830000
2022-09-15,14.090000,22.250000
2022-09-16,13.750000,21.720000
2022-09-19,13.750000,21.470000
2022-09-20,13.760000,21.720000
2022-09-21,13.640000,21.790000
2022-09-22,13.510000,21.750000
2022-09-23,13.480000,21.390000
2022-09-26,13.420000,21.030000
2022-09-27,13.620000,21.480000
2022-09-28,13.400000,20.870000
2022-09-29,13.390000,20.850000
2022-09-30,13.310000,20.580000
2022-10-10,13.020000,20.250000
2022-10-11,13.050000,20.400000
2022-10-12,13.230000,20.960000
2022-10-13,13.100000,21.130000
2022-10-14,13.420000,21.630000
2022-10-17,13.420000,21.830000
2022-10-18,13.390000,21.930000
2022-10-19,13.160000,21.740000
2022-10-20,13.070000,21.650000
2022-10-21,13.010000,21.650000
2022-10-24,12.610000,21.430000
2022-10-25,12.590000,21.330000
2022-10-26,12.690000,21.760000
2022-10-27,12.580000,21.750000
2022-10-28,12.270000,20.970000
2022-10-31,12.150000,21.100000
2022-11-01,12.530000,22.730000
2022-11-02,12.680000,22.980000
2022-11-03,12.560000,23.060000
2022-11-04,13.010000,23.570000
2022-11-07,13.060000,23.600000
2022-11-08,12.970000,23.570000
2022-11-09,12.840000,23.580000
2022-11-10,12.750000,23.410000
2022-11-11,13.130000,23.570000
2022-11-14,13.150000,23.510000
2022-11-15,13.400000,24.000000
2022-11-16,13.290000,23.860000
2022-11-17,13.220000,23.960000
2022-11-18,13.160000,23.820000
2022-11-21,13.040000,23.890000
2022-11-22,13.050000,23.600000
2022-11-23,13.060000,23.520000
2022-11-24,13.000000,23.590000
2022-11-25,13.070000,23.430000
2022-11-28,12.920000,23.350000
2022-11-29,13.340000,23.790000
2022-11-30,13.350000,23.770000
2022-12-01,13.510000,23.950000
2022-12-02,13.420000,23.990000
2022-12-05,13.690000,24.220000
2022-12-06,13.780000,24.170000
2022-12-07,13.760000,24.120000
2022-12-08,13.770000,24.000000
2022-12-09,13.920000,24.070000
2022-12-12,13.750000,23.970000
2022-12-13,13.720000,23.830000
2022-12-14,13.770000,23.730000
2022-12-15,13.750000,23.820000
2022-12-16,13.770000,23.660000
2022-12-19,13.570000,23.140000
2022-12-20,13.320000,22.950000
2022-12-21,13.340000,22.790000
2022-12-22,13.380000,22.480000
2022-12-23,13.350000,22.390000
2022-12-26,13.380000,22.720000
2022-12-27,13.550000,22.870000
2022-12-28,13.490000,22.710000
2022-12-29,13.440000,22.660000
2022-12-30,13.490000,22.750000
2023-01-03,13.660000,23.620000
2023-01-04,13.680000,23.650000
2023-01-05,13.960000,23.860000
2023-01-06,14.040000,23.900000
2023-01-09,14.160000,24.020000
2023-01-10,14.180000,23.990000
2023-01-11,14.160000,23.830000
2023-01-12,14.190000,23.820000
2023-01-13,14.390000,23.960000
2023-01-16,14.630000,24.210000
2023-01-17,14.620000,24.240000
2023-01-18,14.580000,24.300000
2023-01-19,14.660000,24.520000
2023-01-20,14.740000,24.730000
2023-01-30,14.820000,24.930000
2023-01-31,14.660000,25.010000
2023-02-01,14.800000,25.400000
2023-02-02,14.740000,25.440000
2023-02-03,14.580000,25.370000
2023-02-06,14.380000,25.260000
2023-02-07,14.400000,25.400000
2023-02-08,14.330000,25.190000
2023-02-09,14.520000,25.620000
2023-02-10,14.440000,25.570000
2023-02-13,14.570000,25.890000
2023-02-14,14.570000,25.940000
2023-02-15,14.490000,25.940000
2023-02-16,14.390000,25.450000
2023-02-17,14.190000,25.240000
2023-02-20,14.530000,25.630000
2023-02-21,14.570000,25.770000
2023-02-22,14.430000,25.780000
2023-02-23,14.430000,25.660000
2023-02-24,14.260000,25.610000
2023-02-27,14.200000,25.420000
2023-02-28,14.290000,25.670000
2023-03-01,14.480000,25.880000
2023-03-02,14.440000,25.820000
2023-03-03,14.490000,25.830000
2023-03-06,14.410000,25.870000
2023-03-07,14.200000,25.360000
2023-03-08,14.120000,25.490000
2023-03-09,14.060000,25.460000
2023-03-10,13.850000,25.100000
2023-03-13,13.980000,25.260000
2023-03-14,13.890000,25.030000
2023-03-15,13.900000,25.160000
2023-03-16,13.810000,24.810000
2023-03-17,13.850000,25.000000
2023-03-20,13.800000,25.040000
2023-03-21,13.990000,25.340000
2023-03-22,14.050000,25.490000
2023-03-23,14.150000,25.580000
2023-03-24,14.110000,25.600000
2023-03-27,14.060000,25.700000
2023-03-28,14.050000,25.530000
2023-03-29,14.040000,25.430000
2023-03-30,14.140000,25.430000
2023-03-31,14.160000,25.830000
2023-04-03,14.240000,26.170000
2023-04-04,14.310000,26.170000
2023-04-06,14.280000,26.250000
2023-04-07,14.360000,26.440000
2023-04-10,14.340000,26.070000
2023-04-11,14.310000,26.000000
2023-04-12,14.280000,26.200000
2023-04-13,14.220000,26.040000
2023-04-14,14.280000,26.200000
2023-04-17,14.490000,26.530000
2023-04-18,14.610000,26.660000
2023-04-19,14.480000,26.420000
2023-04-20,14.450000,26.550000
2023-04-21,14.210000,25.790000
2023-04-24,14.030000,25.710000
2023-04-25,13.890000,25.520000
2023-04-26,13.850000,25.590000
2023-04-27,13.980000,25.570000
2023-04-28,14.060000,26.470000
2023-05-04,13.760000,27.670000
2023-05-05,13.730000,27.360000
2023-05-08,13.880000,27.590000
2023-05-09,13.780000,27.280000
2023-05-10,13.680000,27.270000
2023-05-11,13.670000,27.190000
2023-05-12,13.490000,26.850000
2023-05-15,13.710000,27.050000
2023-05-16,13.650000,26.760000
2023-05-17,13.580000,26.890000
2023-05-18,13.540000,27.040000
2023-05-19,13.490000,27.050000
2023-05-22,13.590000,27.030000
2023-05-23,13.410000,26.720000
2023-05-24,13.230000,26.590000
2023-05-25,13.190000,26.490000
2023-05-26,13.160000,26.710000
2023-05-29,13.100000,26.670000
2023-05-30,13.090000,26.870000
2023-05-31,12.930000,26.840000
2023-06-01,12.960000,26.870000
2023-06-02,13.180000,27.070000
2023-06-05,13.110000,27.140000
2023-06-06,13.010000,26.550000
2023-06-07,12.950000,26.610000
2023-06-08,13.060000,26.450000
2023-06-09,13.100000,26.660000
2023-06-12,13.140000,26.810000
2023-06-13,13.200000,26.890000
2023-06-14,13.200000,27.020000
2023-06-15,13.460000,27.180000
2023-06-16,13.570000,27.390000
2023-06-19,13.430000,27.450000
2023-06-20,13.420000,27.440000
2023-06-21,13.230000,26.810000
2023-06-26,13.020000,26.240000
2023-06-27,13.140000,26.610000
2023-06-28,13.140000,26.500000
2023-06-29,13.080000,26.650000
2023-06-30,13.150000,26.970000
2023-07-03,13.440000,25.250000
2023-07-04,13.420000,25.270000
2023-07-05,13.320000,25.080000
2023-07-06,13.230000,25.000000
2023-07-07,13.180000,24.830000
2023-07-10,13.250000,24.850000
2023-07-11,13.340000,25.030000
2023-07-12,13.260000,24.690000
2023-07-13,13.470000,24.940000
2023-07-14,13.470000,24.940000
2023-07-17,13.360000,24.820000
2023-07-18,13.310000,24.840000
2023-07-19,13.300000,24.830000
2023-07-20,13.210000,24.530000
2023-07-21,13.200000,24.520000
2023-07-24,13.140000,24.520000
2023-07-25,13.540000,24.930000
2023-07-26,13.510000,24.780000
2023-07-27,13.500000,24.610000
2023-07-28,13.830000,24.920000
2023-07-31,13.910000,25.170000
2023-08-01,13.850000,25.170000
2023-08-02,13.750000,25.130000
2023-08-03,13.880000,25.180000
2023-08-04,13.930000,25.310000
2023-08-07,13.830000,25.190000
2023-08-08,13.790000,25.050000
2023-08-09,13.750000,24.850000
2023-08-10,13.770000,24.870000
2023-08-11,13.450000,24.390000
2023-08-14,13.340000,24.460000
2023-08-15,13.310000,24.270000
2023-08-16,13.230000,24.010000
2023-08-17,13.270000,24.230000
2023-08-18,13.110000,23.740000
2023-08-21,12.920000,23.520000
2023-08-22,13.020000,23.710000
2023-08-23,12.800000,23.250000
2023-08-24,12.910000,23.300000
2023-08-25,12.860000,22.930000
2023-08-28,13.020000,23.130000
2023-08-29,13.130000,23.780000
2023-08-30,13.110000,23.850000
2023-08-31,13.030000,23.670000
2023-09-01,13.370000,25.220000
2023-09-04,13.580000,25.670000
2023-09-05,13.480000,25.530000
2023-09-06,13.430000,25.610000
2023-09-07,13.220000,25.180000
2023-09-08,13.150000,25.220000
2023-09-11,13.240000,25.510000
2023-09-12,13.230000,25.530000
2023-09-13,13.150000,25.220000
2023-09-14,13.140000,25.130000
2023-09-15,13.050000,25.160000
2023-09-18,13.120000,25.180000
2023-09-19,13.100000,24.990000
2023-09-20,13.050000,24.820000
2023-09-21,12.910000,24.650000
2023-09-22,13.160000,25.090000
2023-09-25,13.070000,24.960000
2023-09-26,12.990000,24.850000
2023-09-27,13.010000,24.970000
2023-09-28,12.960000,25.130000
2023-10-09,12.940000,25.090000
2023-10-10,12.850000,25.030000
2023-10-11,12.880000,25.080000
2023-10-12,13.010000,25.290000
2023-10-13,12.870000,25.180000
2023-10-16,12.740000,24.990000
2023-10-17,12.790000,24.940000
2023-10-18,12.710000,24.560000
2023-10-19,12.420000,24.250000
2023-10-20,12.340000,23.990000
2023-10-23,12.230000,23.400000
2023-10-24,12.260000,23.720000
2023-10-25,12.320000,23.950000
2023-10-26,12.370000,24.080000
2023-10-27,12.530000,24.460000
2023-10-30,12.610000,24.700000
2023-10-31,12.540000,24.570000
2023-11-01,12.730000,24.910000
2023-11-02,12.670000,24.670000
2023-11-03,12.780000,24.980000
2023-11-06,12.960000,25.490000
2023-11-07,12.910000,25.560000
2023-11-08,12.870000,25.670000
2023-11-09,12.860000,25.540000
2023-11-10,12.770000,25.420000
2023-11-13,12.730000,25.660000
2023-11-14,12.740000,25.780000
2023-11-15,12.830000,25.910000
2023-11-16,12.720000,25.670000
2023-11-17,12.700000,25.860000
2023-11-20,12.730000,26.090000
2023-11-21,12.760000,25.910000
2023-11-22,12.630000,25.610000
2023-11-23,12.700000,25.870000
2023-11-24,12.620000,25.570000
2023-11-27,12.520000,25.490000
2023-11-28,12.540000,25.590000
2023-11-29,12.430000,25.460000
2023-11-30,12.450000,25.320000
2023-12-01,12.400000,25.550000
2023-12-04,12.320000,25.510000
2023-12-05,12.100000,25.030000
2023-12-06,12.120000,25.150000
2023-12-07,12.090000,25.130000
2023-12-08,12.120000,25.080000
2023-12-11,12.190000,25.430000
2023-12-12,12.220000,25.490000
2023-12-13,12.000000,25.260000
2023-12-14,11.940000,25.150000
2023-12-15,11.920000,25.010000
2023-12-18,11.870000,24.660000
2023-12-19,11.890000,24.660000
2023-12-20,11.760000,24.260000
2023-12-21,11.890000,24.400000
2023-12-22,11.930000,24.130000
2023-12-25,11.970000,24.180000
2023-12-26,11.900000,23.860000
2023-12-27,11.930000,24.030000
2023-12-28,12.230000,24.440000
2023-12-29,12.290000,24.730000
2024-01-02,12.110000,23.620000
2024-01-03,12.080000,23.550000
2024-01-04,11.950000,23.390000
2024-01-05,11.910000,23.000000
2024-01-08,11.760000,22.490000
2024-01-09,11.780000,22.530000
2024-01-10,11.730000,22.370000
2024-01-11,11.800000,22.740000
2024-01-12,11.760000,22.630000
2024-01-15,11.750000,22.570000
2024-01-16,11.820000,22.510000
2024-01-17,11.560000,21.940000
2024-01-18,11.730000,21.930000
2024-01-19,11.720000,21.690000
2024-01-22,11.560000,20.520000
2024-01-23,11.600000,20.860000
2024-01-24,11.760000,21.160000
2024-01-25,11.990000,21.850000
2024-01-26,12.040000,21.710000
2024-01-29,11.940000,21.190000
2024-01-30,11.740000,20.640000
2024-01-31,11.650000,19.930000
2024-02-01,11.660000,19.800000
2024-02-02,11.530000,19.170000
2024-02-05,11.630000,18.250000
2024-02-06,12.020000,19.580000
2024-02-07,12.130000,20.650000
2024-02-08,12.210000,21.110000
2024-02-19,12.310000,21.260000
2024-02-20,12.340000,21.340000
2024-02-21,12.520000,21.410000
2024-02-22,12.610000,21.700000
2024-02-23,12.620000,21.920000
2024-02-26,12.490000,21.970000
2024-02-27,12.620000,22.490000
2024-02-28,12.480000,21.710000
2024-02-29,12.700000,22.420000
2024-03-01,12.780000,22.640000
2024-03-04,12.770000,22.750000
2024-03-05,12.870000,22.550000
2024-03-06,12.820000,22.580000
2024-03-07,12.760000,22.270000
2024-03-08,12.800000,22.560000
2024-03-11,12.980000,22.930000
2024-03-12,13.020000,22.970000
2024-03-13,12.920000,23.090000
2024-03-14,12.890000,22.930000
2024-03-15,12.920000,23.200000
2024-03-18,13.030000,23.530000
2024-03-19,12.930000,23.370000
2024-03-20,12.960000,23.530000
2024-03-21,12.950000,23.480000
2024-03-22,12.880000,23.180000
2024-03-25,12.790000,22.690000
2024-03-26,12.850000,22.620000
2024-03-27,12.720000,21.930000
2024-03-28,12.850000,22.470000
2024-03-29,13.110000,22.630000
2024-04-01,13.350000,23.240000
2024-04-02,13.310000,23.100000
2024-04-03,13.250000,23.010000
2024-04-08,13.130000,22.660000
2024-04-09,13.140000,22.830000
2024-04-10,13.010000,22.460000
2024-04-11,13.010000,22.530000
2024-04-12,12.890000,22.390000
2024-04-15,13.170000,22.410000
2024-04-16,13.050000,21.640000
2024-04-17,13.240000,22.490000
2024-04-18,13.250000,22.460000
2024-04-19,13.150000,22.290000
2024-04-22,13.110000,21.990000
2024-04-23,13.070000,21.720000
2024-04-24,13.120000,22.190000
2024-04-25,13.150000,22.230000
2024-04-26,13.420000,22.800000
2024-04-29,13.590000,23.380000
2024-04-30,13.560000,23.290000
2024-05-06,14.450000,27.510000
2024-05-07,14.450000,27.530000
2024-05-08,14.330000,27.120000
2024-05-09,14.460000,27.600000
2024-05-10,14.460000,27.390000
2024-05-13,14.450000,27.160000
2024-05-14,14.410000,27.230000
2024-05-15,14.280000,26.940000
2024-05-16,14.350000,26.910000
2024-05-17,14.510000,27.250000
2024-05-20,14.540000,27.420000
2024-05-21,14.490000,27.160000
2024-05-22,14.520000,27.170000
2024-05-23,14.360000,26.580000
2024-05-24,14.200000,26.330000
2024-05-27,14.330000,26.600000
2024-05-28,14.220000,26.340000
2024-05-29,14.230000,26.370000
2024-05-30,14.150000,26.310000
2024-05-31,14.100000,26.370000
2024-06-03,14.140000,26.110000
2024-06-04,14.250000,26.360000
2024-06-05,14.170000,26.060000
2024-06-06,14.170000,25.640000
2024-06-07,14.080000,25.680000
2024-06-11,13.950000,25.850000
2024-06-12,13.950000,25.930000
2024-06-13,13.870000,25.770000
2024-06-14,13.940000,25.780000
2024-06-17,13.920000,25.770000
2024-06-18,13.960000,25.940000
2024-06-19,13.890000,25.610000
2024-06-20,13.650000,23.800000
2024-06-21,13.610000,23.820000
2024-06-24,13.560000,23.160000
2024-06-25,13.490000,22.960000
2024-06-26,13.570000,23.530000
2024-06-27,13.470000,22.990000
2024-06-28,13.480000,23.110000
2024-07-01,13.410000,24.010000
2024-07-02,13.400000,23.810000
2024-07-03,13.380000,23.630000
2024-07-04,13.330000,23.180000
2024-07-05,13.250000,23.370000
2024-07-08,13.150000,22.830000
2024-07-09,13.290000,23.300000
2024-07-10,13.250000,23.210000
2024-07-11,13.390000,23.770000
2024-07-12,13.410000,23.720000
2024-07-15,13.430000,23.490000
2024-07-16,13.510000,23.560000
2024-07-17,13.530000,23.400000
2024-07-18,13.610000,23.510000
2024-07-19,13.670000,23.550000
2024-07-22,13.570000,23.550000
2024-07-23,13.290000,22.900000
2024-07-24,13.200000,22.580000
2024-07-25,13.110000,22.590000
2024-07-26,13.160000,22.900000
2024-07-29,13.100000,22.780000
2024-07-30,13.000000,22.830000
2024-07-31,13.280000,23.760000
2024-08-01,13.180000,23.690000
2024-08-02,13.050000,23.420000
2024-08-05,12.910000,22.860000
2024-08-06,12.880000,23.160000
2024-08-07,12.880000,23.130000
2024-08-08,12.890000,23.130000
2024-08-09,12.860000,22.930000
2024-08-12,12.850000,22.830000
2024-08-13,12.880000,22.930000
2024-08-14,12.790000,22.670000
2024-08-15,12.920000,22.830000
2024-08-16,12.950000,22.650000
2024-08-19,13.000000,22.640000
2024-08-20,12.920000,22.240000
2024-08-21,12.890000,22.110000
2024-08-22,12.860000,21.850000
2024-08-23,12.930000,21.850000
2024-08-26,12.910000,21.950000
2024-08-27,12.840000,21.690000
2024-08-28,12.760000,21.710000
2024-08-29,12.710000,22.070000
2024-08-30,12.890000,22.460000
2024-09-02,12.640000,22.560000
2024-09-03,12.660000,22.770000
2024-09-04,12.580000,22.700000
2024-09-05,12.600000,22.860000
2024-09-06,12.510000,22.480000
2024-09-09,12.350000,22.310000
2024-09-10,12.360000,22.340000
2024-09-11,12.330000,22.360000
2024-09-12,12.280000,22.240000
2024-09-13,12.240000,21.980000
2024-09-18,12.290000,21.960000
2024-09-19,12.380000,22.320000
2024-09-20,12.410000,22.200000
2024-09-23,12.460000,22.190000
2024-09-24,13.030000,23.080000
2024-09-25,13.220000,23.290000
2024-09-26,13.790000,24.280000
2024-09-27,14.400000,25.630000
2024-09-30,15.610000,28.430000
2024-10-08,16.530000,30.820000
2024-10-09,15.360000,28.610000
2024-10-10,15.570000,28.270000
2024-10-11,15.160000,27.080000
2024-10-14,15.450000,27.920000
2024-10-15,15.020000,27.360000
2024-10-16,14.930000,27.400000
2024-10-17,14.760000,27.280000
2024-10-18,15.300000,28.450000
2024-10-21,15.320000,28.900000
2024-10-22,15.410000,29.090000
2024-10-23,15.480000,29.130000
2024-10-24,15.310000,28.930000
2024-10-25,15.390000,29.430000
2024-10-28,15.410000,29.870000
2024-10-29,15.280000,29.440000
2024-10-30,15.140000,29.550000
2024-10-31,15.140000,29.920000
2024-11-01,14.540000,29.380000
2024-11-04,14.770000,29.970000
2024-11-05,15.140000,31.000000
2024-11-06,15.050000,31.110000
2024-11-07,15.530000,31.670000
2024-11-08,15.360000,31.730000
2024-11-11,15.410000,32.500000
2024-11-12,15.240000,32.130000
2024-11-13,15.350000,32.080000
2024-11-14,15.100000,31.070000
2024-11-15,14.830000,30.280000
2024-11-18,14.780000,29.710000
2024-11-19,14.870000,30.410000
2024-11-20,14.900000,30.890000
2024-11-21,14.910000,30.880000
2024-11-22,14.460000,29.730000
2024-11-25,14.380000,29.790000
2024-11-26,14.360000,29.490000
2024-11-27,14.610000,30.150000
2024-11-28,14.470000,29.970000
2024-11-29,14.640000,30.450000
2024-12-02,14.760000,31.000000
2024-12-03,14.790000,30.960000
2024-12-04,14.720000,30.540000
2024-12-05,14.680000,30.850000
2024-12-06,14.870000,31.250000
2024-12-09,14.850000,31.020000
2024-12-10,14.970000,31.250000
2024-12-11,14.940000,31.580000
2024-12-12,15.090000,31.800000
2024-12-13,14.720000,31.170000
2024-12-16,14.640000,30.800000
2024-12-17,14.690000,30.250000
2024-12-18,14.770000,30.490000
2024-12-19,14.780000,30.580000
2024-12-20,14.710000,30.820000
2024-12-23,14.750000,30.110000
2024-12-24,14.940000,30.460000
2024-12-25,14.950000,30.140000
2024-12-26,14.950000,30.450000
2024-12-27,14.920000,30.520000
2024-12-30,15.010000,30.470000
2024-12-31,14.780000,29.570000
2025-01-02,14.540000,27.770000
2025-01-03,14.370000,27.030000
2025-01-06,14.340000,27.010000
2025-01-07,14.450000,27.350000
2025-01-08,14.430000,27.240000
2025-01-09,14.400000,27.290000
2025-01-10,14.240000,26.720000
2025-01-13,14.190000,26.830000
2025-01-14,14.560000,27.960000
2025-01-15,14.470000,27.800000
2025-01-16,14.470000,27.890000
2025-01-17,14.500000,28.070000
2025-01-20,14.590000,28.210000
2025-01-21,14.610000,28.350000
2025-01-22,14.460000,28.080000
2025-01-23,14.490000,27.960000
2025-01-24,14.580000,28.400000
2025-01-27,14.520000,28.060000
2025-02-05,14.440000,28.290000
2025-02-06,14.620000,29.030000
2025-02-07,14.810000,29.520000
2025-02-10,14.840000,29.890000
2025-02-11,14.760000,29.780000
2025-02-12,14.900000,30.240000
2025-02-13,14.860000,29.930000
2025-02-14,14.980000,30.180000
2025-02-17,15.010000,30.360000
2025-02-18,14.890000,29.770000
2025-02-19,14.990000,30.450000
2025-02-20,14.940000,30.660000
2025-02-21,15.140000,31.250000
2025-02-24,15.110000,31.280000
2025-02-25,14.940000,31.010000
2025-02-26,15.060000,31.450000
2025-02-27,15.100000,31.280000
2025-02-28,14.810000,30.190000
2025-03-03,14.800000,30.260000
2025-03-04,14.720000,30.500000
2025-03-05,14.800000,30.700000
2025-03-06,15.010000,31.310000
2025-03-07,14.960000,31.180000
2025-03-10,14.910000,31.220000
2025-03-11,14.950000,31.370000
2025-03-12,14.900000,31.350000
2025-03-13,14.840000,30.920000
2025-03-14,15.220000,31.400000
2025-03-17,15.160000,31.440000
2025-03-18,15.260000,31.520000
2025-03-19,15.280000,31.280000
2025-03-20,15.000000,31.090000
2025-03-21,14.760000,30.540000
2025-03-24,14.780000,30.340000
2025-03-25,14.740000,30.140000
2025-03-26,14.670000,30.190000
2025-03-27,14.680000,30.180000
2025-03-28,14.560000,29.850000
2025-03-31,14.420000,29.530000
2025-04-01,14.380000,29.730000
2025-04-02,14.360000,29.790000
2025-04-03,14.290000,29.480000
2025-04-07,13.290000,26.340000
2025-04-08,13.530000,26.490000
2025-04-09,13.640000,27.460000
2025-04-10,13.830000,28.020000
2025-04-11,13.860000,28.410000
2025-04-14,13.900000,28.750000
2025-04-15,13.920000,28.610000
2025-04-16,13.980000,28.280000
2025-04-17,13.990000,28.280000
2025-04-18,13.980000,28.220000
2025-04-21,14.010000,28.960000
2025-04-22,14.030000,28.930000
2025-04-23,14.020000,29.020000
2025-04-24,13.970000,28.810000
2025-04-25,13.980000,29.040000
2025-04-28,13.950000,29.020000
2025-04-29,13.970000,29.340000
2025-04-30,14.030000,29.780000
2025-05-06,13.800000,30.200000
2025-05-07,13.890000,30.250000
2025-05-08,13.980000,30.450000
2025-05-09,13.970000,30.060000
2025-05-12,14.140000,30.490000
2025-05-13,14.150000,30.430000
2025-05-14,14.330000,30.490000
2025-05-15,14.210000,29.960000
2025-05-16,14.130000,29.990000
2025-05-19,14.090000,30.050000
2025-05-20,14.170000,30.210000
2025-05-21,14.240000,30.180000
2025-05-22,14.230000,29.870000
2025-05-23,14.120000,29.540000
2025-05-26,14.030000,29.680000
2025-05-27,13.950000,29.560000
2025-05-28,13.940000,29.470000
2025-05-29,14.010000,30.010000
2025-05-30,13.940000,29.740000
2025-06-03,13.980000,29.900000
2025-06-04,14.030000,30.160000
2025-06-05,14.060000,30.380000
2025-06-06,14.040000,30.320000
2025-06-09,14.070000,30.630000
2025-06-10,14.000000,30.350000
2025-06-11,14.120000,30.510000
2025-06-12,14.100000,30.530000
2025-06-13,13.990000,30.110000
2025-06-16,14.030000,30.300000
2025-06-17,14.010000,30.290000
2025-06-18,14.030000,30.260000
2025-06-19,13.920000,29.850000
2025-06-20,13.940000,29.620000
2025-06-23,13.980000,29.890000
2025-06-24,14.150000,30.420000
2025-06-25,14.430000,30.850000
2025-06-26,14.380000,30.710000
2025-06-27,14.290000,30.850000
2025-06-30,14.340000,31.190000
2025-07-01,14.330000,31.020000
2025-07-02,14.330000,30.740000
2025-07-03,14.420000,30.860000
2025-07-04,14.480000,30.750000
2025-07-07,14.420000,30.780000
2025-07-08,14.530000,31.200000
2025-07-09,14.510000,31.110000
2025-07-10,14.570000,31.220000
2025-07-11,14.600000,31.460000
2025-07-14,14.600000,31.480000
2025-07-15,14.610000,31.460000
2025-07-16,14.570000,31.570000
2025-07-17,14.660000,31.900000
2025-07-18,14.760000,32.030000
2025-07-21,14.860000,32.390000
2025-07-22,14.980000,32.580000
2025-07-23,15.000000,32.470000
2025-07-24,15.100000,32.980000
2025-07-25,15.020000,33.010000
2025-07-28,15.060000,33.060000
2025-07-29,15.100000,33.280000
2025-07-30,15.090000,33.030000
2025-07-31,14.820000,32.700000
2025-08-01,14.740000,32.750000
2025-08-04,14.800000,33.080000
2025-08-05,14.920000,33.260000
2025-08-06,14.960000,33.550000
2025-08-07,14.970000,33.520000
2025-08-08,14.930000,33.360000
2025-08-11,14.980000,33.800000
2025-08-12,15.070000,33.890000
2025-08-13,15.190000,34.380000
2025-08-14,15.210000,33.940000
2025-08-15,15.310000,34.630000
2025-08-18,15.440000,35.240000
2025-08-19,15.370000,35.220000
2025-08-20,15.560000,35.550000
2025-08-21,15.640000,35.340000
2025-08-22,16.000000,35.890000
2025-08-25,16.350000,36.560000
2025-08-26,16.280000,36.600000
2025-08-27,16.040000,36.040000
2025-08-28,16.330000,36.610000
2025-08-29,16.440000,36.590000
2025-09-01,16.270000,36.970000
2025-09-02,16.170000,36.060000
2025-09-03,16.060000,35.550000
2025-09-04,15.710000,34.700000
2025-09-05,16.150000,35.760000
2025-09-08,16.150000,36.140000
2025-09-09,16.040000,35.790000
2025-09-10,16.100000,35.790000
2025-09-11,16.510000,36.660000
2025-09-12,16.420000,36.730000
2025-09-15,16.470000,36.740000
2025-09-16,16.540000,37.060000
2025-09-17,16.640000,37.400000
2025-09-18,16.460000,37.020000
2025-09-19,16.450000,36.860000
2025-09-22,16.540000,37.070000
2025-09-23,16.540000,36.730000
2025-09-24,16.710000,37.370000
2025-09-25,16.810000,37.320000
2025-09-26,16.640000,36.710000
2025-09-29,16.900000,37.220000
2025-09-30,16.950000,37.580000
2025-10-09,17.170000,38.040000
2025-10-10,16.820000,37.400000
2025-10-13,16.680000,37.280000
2025-10-14,16.490000,36.530000
2025-10-15,16.760000,37.070000
2025-10-16,16.820000,36.690000
2025-10-17,16.460000,35.590000
2025-10-20,16.540000,35.910000
2025-10-21,16.820000,36.440000
2025-10-22,16.770000,36.220000
2025-10-23,16.830000,36.220000
2025-10-24,17.050000,36.790000
2025-10-27,17.260000,37.220000
2025-10-28,17.170000,37.150000
2025-10-29,17.350000,37.680000
2025-10-30,17.190000,37.280000
2025-10-31,16.930000,37.380000
2025-11-03,16.470000,37.260000
2025-11-04,16.350000,36.700000
2025-11-05,16.380000,36.850000
2025-11-06,16.630000,37.350000
2025-11-07,16.550000,37.330000
2025-11-10,16.590000,37.450000
2025-11-11,16.440000,37.360000
2025-11-12,16.450000,37.040000
2025-11-13,16.640000,37.580000
2025-11-14,16.360000,37.100000
2025-11-17,16.250000,37.300000
2025-11-18,16.170000,36.950000
2025-11-19,16.240000,36.710000
2025-11-20,16.160000,36.440000
2025-11-21,15.790000,35.080000
2025-11-24,15.770000,35.470000
2025-11-25,15.930000,35.950000
2025-11-26,16.050000,35.940000
2025-11-27,16.050000,35.920000
2025-11-28,16.090000,36.320000
2025-12-01,16.260000,36.630000
2025-12-02,16.200000,36.250000
2025-12-03,16.090000,35.950000
2025-12-04,16.160000,35.970000
2025-12-05,16.290000,36.430000
2025-12-08,16.430000,36.870000
2025-12-09,16.370000,36.600000
2025-12-10,16.340000,36.780000
2025-12-11,16.200000,36.330000
2025-12-12,16.310000,36.710000
2025-12-15,16.220000,36.380000
2025-12-16,16.020000,35.750000
2025-12-17,16.290000,36.390000
2025-12-18,16.200000,36.240000
2025-12-19,16.250000,36.530000
2025-12-22,16.390000,36.920000
2025-12-23,16.430000,36.920000
2025-12-24,16.450000,37.490000
2025-12-25,16.490000,37.830000
2025-12-26,16.530000,38.010000
2025-12-29,16.470000,37.850000
2025-12-30,16.520000,37.980000
2025-12-31,16.430000,38.040000
2026-01-05,17.170000,37.210000
2026-01-06,17.430000,37.770000
2026-01-07,17.370000,38.010000
2026-01-08,17.220000,38.400000
2026-01-09,17.290000,39.120000
2026-01-12,17.370000,40.250000
2026-01-13,17.260000,39.510000
2026-01-14,17.180000,39.760000
2026-01-15,17.220000,39.700000
2026-01-16,17.160000,39.670000
2026-01-19,17.200000,39.850000
2026-01-20,17.120000,39.490000
2026-01-21,17.130000,39.720000
2026-01-22,17.130000,40.050000
2026-01-23,17.010000,41.000000
2026-01-26,17.010000,40.320000
2026-01-27,17.030000,40.440000
2026-01-28,17.060000,40.500000
2026-01-29,17.190000,40.130000
2026-01-30,17.060000,39.700000
2026-02-02,16.740000,38.420000
2026-02-03,16.900000,39.670000
2026-02-04,17.020000,39.700000
2026-02-05,16.930000,39.130000
2026-02-06,16.830000,39.100000
2026-02-09,17.100000,39.930000
2026-02-10,17.120000,40.030000
2026-02-11,17.070000,39.930000
2026-02-12,17.090000,40.220000
2026-02-13,16.880000,39.710000
2026-02-24,17.040000,40.010000
2026-02-25,17.140000,40.640000
2026-02-26,17.090000,40.890000
2026-02-27,17.010000,41.300000
2026-03-02,17.070000,41.020000
2026-03-03,16.810000,39.310000
2026-03-04,16.620000,39.080000
2026-03-05,16.790000,39.450000
2026-03-06,16.830000,39.730000
2026-03-09,16.670000,39.290000
2026-03-10,16.820000,39.990000
2026-03-11,16.920000,40.010000
2026-03-12,16.850000,39.840000
2026-03-13,16.790000,39.230000
2026-03-16,16.820000,39.060000
2026-03-17,16.730000,38.230000
2026-03-18,16.800000,38.570000
2026-03-19,16.550000,37.640000
2026-03-20,16.530000,37.100000
2026-03-23,15.950000,35.250000
2026-03-24,16.100000,36.050000
2026-03-25,16.330000,36.810000
2026-03-26,16.120000,36.220000
2026-03-27,16.250000,36.870000
2026-03-30,16.250000,36.860000
2026-03-31,16.080000,36.290000
2026-04-01,16.380000,36.980000
2026-04-02,16.150000,36.270000
2026-04-03,16.010000,35.920000
2026-04-07,16.000000,36.170000
2026-04-08,16.560000,37.750000
2026-04-09,16.450000,37.390000
2026-04-10,16.730000,37.700000
2026-04-13,16.780000,38.070000
2026-04-14,16.660000,38.610000
2026-04-15,16.590000,38.450000
2026-04-16,16.750000,38.940000
2026-04-17,16.760000,39.120000
2026-04-20,16.860000,39.440000
2026-04-21,16.880000,39.610000
2026-04-22,17.020000,40.080000
2026-04-23,17.020000,39.760000
2026-04-24,16.940000,39.740000
2026-04-27,16.970000,39.860000
2026-04-28,17.300000,39.330000
2026-04-29,17.630000,39.990000
2026-04-30,17.530000,40.230000
2026-05-06,17.540000,40.650000
2026-05-07,17.640000,41.210000
2026-05-08,17.520000,41.390000
2026-05-11,17.850000,42.050000
2026-05-12,17.830000,41.850000
2026-05-13,18.010000,42.430000
2026-05-14,17.700000,41.410000
2026-05-15,17.530000,41.000000
2026-05-18,17.430000,41.160000
2026-05-19,17.490000,41.650000
2026-05-20,17.480000,41.660000
2026-05-21,17.250000,40.420000
2026-05-22,17.460000,41.200000
2026-05-25,17.770000,41.590000
2026-05-26,17.870000,41.130000
2026-05-27,17.720000,40.410000
2026-05-28,17.730000,40.700000
2026-05-29,17.670000,39.640000
2026-06-01,17.470000,39.320000
2026-06-02,17.750000,39.410000
2026-06-03,17.850000,39.590000
2026-06-04,17.730000,39.730000
2026-06-05,17.390000,39.520000
2026-06-08,17.040000,38.260000
2026-06-09,17.330000,39.290000
2026-06-10,17.130000,38.670000
2026-06-11,17.050000,38.590000
2026-06-12,17.240000,38.870000
2026-06-15,17.610000,40.200000
2026-06-16,17.570000,40.770000
2026-06-17,17.700000,41.160000
2026-06-18,17.730000,41.340000
2026-06-22,18.120000,41.840000
2026-06-23,17.600000,40.920000
2026-06-24,17.670000,41.400000
2026-06-25,17.930000,41.670000
2026-06-26,17.370000,40.630000
2026-06-29,17.590000,40.960000
2026-06-30,17.800000,41.860000
2026-07-01,19.470000,39.740000
2026-07-02,18.770000,38.820000
2026-07-03,18.920000,38.860000
2026-07-06,18.890000,38.240000
2026-07-07,18.720000,37.460000
2026-07-08,18.550000,36.580000
2026-07-09,19.140000,37.300000
2026-07-10,18.660000,37.050000
2026-07-13,18.290000,35.310000
2026-07-14,18.750000,35.760000
2026-07-15,18.650000,35.370000
2026-07-16,18.260000,34.670000
2026-07-17,17.550000,32.780000
2026-07-20,17.770000,32.170000
2026-07-21,18.400000,33.280000
2026-07-22,18.270000,33.010000
2026-07-23,18.280000,33.180000
2026-07-24,17.990000,32.180000
2026-07-27,18.220000,33.140000
2026-07-28,17.600000,32.300000
2026-07-29,17.680000,32.660000
2026-07-30,17.410000,31.830000
2026-07-31,17.580000,32.600000
2026-08-03,17.350000,32.610000
2026-08-04,17.650000,33.350000
2026-08-05,17.930000,34.190000
2026-08-06,17.910000,34.270000
2026-08-07,18.120000,34.870000
2026-08-10,18.120000,35.100000
2026-08-11,17.970000,34.890000
