,asset_return,asset_return,asset_return,asset_return,asset_return,asset_return,asset_return,asset_return,asset_return,asset_return,asset_return,asset_return,asset_return,asset_return,macro_factor,macro_factor,macro_factor,macro_factor,macro_factor,macro_factor,macro_factor
,上证50,沪深300,中证500,中证1000,恒生指数,中债国债,中债企业债,中证转债,布伦特原油,沪金,标普500,美元兑人民币,中际旭创(300308),新易盛(300502),增长因子,通胀因子,利率因子,信用因子,汇率因子,地缘因子,流动性因子
2021-07-23,-0.370203,-0.108886,0.871650,2.073264,-2.468013,0.330310,0.214080,1.395372,1.206876,-0.911132,1.936907,-0.085037,5.121457,10.808821,1.413444,2.015724,-0.272503,1.071305,0.209134,2.665038,0.751185
2021-07-30,-6.924715,-5.618599,-3.176779,-1.603724,-5.109494,0.401096,0.149120,-0.887679,1.378779,1.178155,-0.375382,-0.074274,21.458044,15.165802,0.995032,2.268545,-0.344463,0.824911,-0.870437,2.502053,2.737499
2021-08-06,1.987119,2.268631,2.503408,2.981534,0.837627,0.272240,0.211941,1.255954,-6.494630,-1.740550,0.934360,0.035596,-2.201691,-4.399205,-1.844432,-0.457229,-0.214388,-0.465390,0.734728,-12.358193,-0.659640
2021-08-13,0.690437,0.494920,2.138980,2.112512,0.807369,-0.343128,0.077556,1.107800,-0.341055,-2.113152,0.707060,0.268884,-3.165086,-12.224491,0.817507,-5.823900,0.408121,-1.513723,-0.280403,-0.096354,0.849395
2021-08-20,-4.613488,-3.638292,-2.410908,-2.310680,-6.020005,0.277646,0.147982,-1.097686,-7.767304,2.006684,-0.591045,0.285091,-7.147862,-2.273465,-3.712505,-1.102574,-0.219530,1.049439,1.004957,-16.543641,1.638799
2021-08-27,1.623538,1.204133,3.689518,2.808805,2.221327,-0.061491,0.013557,1.806001,9.768497,0.605354,1.512702,-0.186373,-3.899503,-4.506316,4.211208,2.109521,0.123323,-0.151002,-0.812648,18.907098,0.429921
2021-09-03,1.677471,0.331312,1.363511,-0.643161,1.926004,0.262669,0.099167,2.170006,1.123841,0.200973,0.576244,-0.441904,2.238593,-2.797060,0.392426,-1.360584,-0.204653,0.947269,-0.614175,2.159891,0.613351
2021-09-10,2.378553,3.459139,4.420794,3.878920,1.166516,-0.134860,0.021452,2.082974,0.646362,-0.806328,-1.708957,-0.017035,-3.911872,7.334032,0.683895,-2.738863,0.197511,-0.605726,0.548458,1.539801,-0.251908
2021-09-17,-2.818990,-3.193590,-2.827716,-2.584948,-5.028377,-0.010321,0.020865,-2.644699,3.422593,-2.055604,-0.575603,-0.060422,-2.588351,-14.912785,-3.465760,-3.553100,0.071518,-0.080951,0.663276,6.377166,0.886182
2021-09-24,-0.533060,-0.134204,-0.205472,-0.448680,-2.967258,0.159805,0.039244,0.198136,2.239925,-0.294022,0.506050,0.111519,-0.142340,-0.955039,1.082141,3.745472,-0.100659,0.560483,0.015762,3.701975,0.022466
2021-10-01,1.636040,0.349017,-3.822294,-3.843315,1.572709,0.034001,0.012900,-1.585201,2.608177,-1.096562,-2.234187,0.393966,0.660476,4.033129,-3.462124,2.248828,0.017849,0.794366,0.857991,4.761174,-2.375857
2021-10-08,1.836980,1.297613,-0.172907,0.272488,1.061299,-0.073511,0.097037,0.027691,4.128631,1.303557,0.784149,-0.386226,0.515465,2.174423,3.530854,0.343141,0.144153,-0.938926,0.029759,6.558146,-0.753683
2021-10-15,1.177588,0.043956,-0.951812,-1.018627,1.965866,-0.401777,-0.036778,-0.815103,2.794211,1.361962,1.806043,-0.338011,-2.397216,-1.232547,6.372996,3.588840,0.468289,-1.081942,-0.145692,4.177216,-1.188511
2021-10-22,0.704504,0.558381,0.027160,1.191012,3.093922,-0.021591,0.080467,0.665469,0.995966,-0.403411,1.631088,-0.551326,-4.206093,-12.718331,-3.512460,2.402941,0.083486,-0.860984,-0.377551,2.020489,0.127911
2021-10-29,-1.545224,-1.032695,-0.050801,-0.717441,-2.911387,0.190605,0.236038,0.236901,-2.646345,-0.161821,1.321946,-0.195406,0.762095,-5.352829,-0.992637,0.508088,-0.131592,-0.698596,0.563723,-4.201519,0.709468
2021-11-05,-2.031450,-1.362415,-0.436573,0.057959,-2.016995,0.594837,0.264734,0.645757,-1.180167,0.339522,1.981165,0.114163,5.467153,4.411344,-0.515676,3.048081,-0.541004,1.455702,0.088445,-1.908481,1.298824
2021-11-12,0.591768,0.946064,2.328334,4.086385,1.822655,-0.114424,0.087608,2.632859,-0.729487,3.140566,-0.312994,0.132766,1.397088,3.384371,1.696730,-0.992466,0.176543,-0.545914,0.942752,-1.385684,0.913445
2021-11-19,-0.237521,0.034415,0.185156,1.367036,-1.103669,0.143133,0.146580,0.491435,-4.097454,-0.224444,0.322147,-0.375323,-4.682010,-0.722260,-0.234385,1.370417,-0.084071,0.351019,0.994444,-7.405526,0.414255
2021-11-26,-0.798402,-0.613960,0.694752,1.740661,-3.946942,0.393498,0.150685,0.683640,-9.125029,-2.658210,-2.224232,0.173762,12.235078,14.211933,-0.777704,0.753183,-0.337072,1.431191,-0.003331,-16.391652,0.784577
2021-12-03,1.063064,0.837837,1.130109,1.041987,-1.311819,-0.205707,0.121411,1.686093,-2.339124,-1.835908,-1.230492,-0.310165,2.430752,-4.215267,0.534379,1.234621,0.268603,-1.525014,0.111842,-4.687805,-0.151350
2021-12-10,4.022043,3.095820,0.064739,-0.937064,0.959046,0.211697,0.137782,-0.654379,7.058840,-0.082019,3.753555,-0.056497,-1.130329,-2.805675,-1.142844,-1.684211,-0.153220,0.659991,-0.126833,13.328565,-1.834430
2021-12-17,-2.253586,-2.005233,0.108255,-0.694577,-3.404093,0.067627,0.110337,0.180523,-3.240462,1.939389,-1.958347,-0.080092,4.250185,5.960970,0.406167,-1.906811,-0.007630,1.766296,0.649632,-5.506218,1.287224
2021-12-24,0.345166,-0.676686,-0.490698,-1.499603,0.134134,0.197070,0.044560,0.698759,3.664697,0.209020,2.250152,0.064393,2.472242,5.711328,1.138142,-2.816036,-0.138400,0.700629,-0.563152,6.494155,0.002809
2021-12-31,-0.484871,0.385905,1.101882,2.961110,0.746055,0.361330,0.166254,0.327393,3.061530,0.304707,0.851040,0.102002,2.645129,6.347452,1.796811,-0.804442,-0.304302,1.439168,-0.169284,5.333242,0.671632
2022-01-07,-1.571505,-2.417561,-2.528176,-4.176045,0.408223,-0.130378,0.152066,-0.384911,4.992592,-1.766241,-1.888185,-0.023530,-0.399687,-5.807324,-0.976672,0.898455,0.192149,-1.586936,-0.241303,8.580499,-6.108067
2022-01-14,-2.647673,-2.003129,-1.326195,-0.095410,3.718061,0.290745,0.165393,-1.251625,5.393232,1.734210,-0.303644,-0.102026,-8.013143,-7.235882,0.109800,-6.414038,-0.233423,0.603395,-0.605766,9.485665,1.060635
2022-01-21,2.506978,1.106307,-1.487111,-3.805879,2.359758,0.631320,0.265039,0.833768,1.640226,0.967064,-5.849060,-0.290952,-1.499627,9.560846,1.129739,-0.818083,-0.578024,2.569218,0.493836,2.578787,-2.336028
2022-01-28,-5.252944,-4.614759,-5.844862,-5.791076,-5.836766,0.085916,0.152842,-1.585531,1.108735,-2.170280,0.768085,0.399252,-7.241963,-7.999885,-3.261314,-2.427338,-0.027074,-0.534302,1.640524,1.259509,0.586911
2022-02-11,2.869061,0.821011,2.468968,0.868737,1.347516,-0.327212,0.129855,1.800026,2.750413,1.379258,-1.836321,-0.102019,-3.005824,5.080619,2.248823,1.454008,0.450803,-2.189893,0.587576,4.239697,0.406305
2022-02-18,0.631485,1.077336,1.325467,3.051424,-2.351921,0.030946,0.031929,-3.058767,-1.579175,2.992821,-1.591592,-0.532184,7.271275,4.649744,0.746188,-2.220889,0.028763,0.743138,0.074427,-2.104809,-0.519545
2022-02-25,-2.796867,-1.687064,-0.228359,1.507718,-6.629600,-0.076251,-0.033963,0.403757,1.009734,1.228712,0.819376,0.004736,-0.778438,-3.705916,-0.809637,1.886215,0.137419,-1.476485,0.457732,1.589253,0.928668
2022-03-04,-0.430267,-1.697854,-0.228982,-1.648884,-3.859187,-0.179978,-0.064931,-1.522796,22.187371,0.819280,-1.280327,-0.091603,1.550864,-4.548318,6.524343,1.044894,0.242303,-1.446229,2.017965,32.327588,1.130737
2022-03-11,-4.225270,-4.315322,-4.967248,-3.524513,-6.368281,0.179544,-0.154784,-3.235125,-5.153854,2.536975,-2.919635,0.028437,-6.189359,-7.069636,-3.968078,2.369280,-0.121390,3.953573,0.622353,-7.449379,1.082045
2022-03-18,-0.769335,-0.947697,-2.216341,-1.606538,4.092484,0.015361,0.064558,0.925760,-6.180709,-2.218206,5.973788,0.187799,-6.300360,-5.377418,1.962694,-0.824443,0.044720,0.347675,-0.910145,-8.637160,-1.216811
2022-03-25,-1.967533,-2.164121,-1.015512,-0.869447,-0.035126,-0.002023,0.052867,-2.277411,10.295726,1.454389,1.775272,0.493851,-3.148833,-1.092849,-0.002886,-1.176252,0.062275,-0.502390,0.590851,14.760368,1.216838
2022-04-01,2.994048,2.404258,1.524368,-0.694633,2.921963,0.207408,0.169639,1.657033,-10.914333,-1.363498,0.061613,-0.361499,-1.625943,-2.518587,-0.272910,10.850714,-0.149794,0.345016,-0.242576,-15.834988,-0.829105
2022-04-08,-0.604984,-1.067167,-2.230737,-2.956803,-0.763083,0.271404,0.215076,-0.503660,-2.268985,-0.055535,-1.274737,0.226483,-2.496529,-5.166368,1.277554,-0.901822,-0.214956,-0.002911,1.282287,-3.331236,-0.386158
2022-04-15,0.173738,-0.998159,-2.494956,-4.673261,-1.631423,0.069508,0.204728,-0.761194,8.657183,2.439450,-2.155052,0.381030,-5.657439,-6.227205,0.545027,-2.008659,-0.010385,-0.549204,0.675876,12.710998,-0.414348
2022-04-22,-4.054761,-4.280035,-5.585128,-6.302208,-4.173428,-0.079811,0.069232,-1.212636,-5.466446,0.241195,-2.788843,1.089573,-1.480741,-15.242728,-3.029805,5.252713,0.140706,-1.501111,0.598286,-7.403947,1.295561
2022-04-29,-0.312891,0.074505,-1.989395,-2.706360,2.161084,0.039482,0.124553,0.036349,0.339944,-0.241195,-3.328599,2.418048,6.231239,1.027846,-3.233806,-2.950694,0.019811,-1.186918,2.049591,0.672044,-1.039750
2022-05-06,-3.097924,-2.711213,-1.146093,0.525235,-5.293980,0.066137,0.110553,-0.289817,6.513931,-0.548542,-0.208110,0.233946,4.253333,0.552370,-2.959898,-0.015213,-0.007264,-0.335063,0.429624,9.363935,3.944187
2022-05-13,1.041553,2.020608,4.103047,5.188154,-0.517235,0.185102,0.250193,1.567640,-1.782261,-0.981010,-2.441442,2.333414,-0.728011,9.768281,-2.935979,3.044948,-0.127699,-0.444512,0.758439,-2.146022,0.317914
2022-05-20,2.149225,2.206819,2.263162,3.109682,4.030828,0.146023,0.249382,0.980548,1.508082,-0.622461,-3.092389,-0.607159,-1.204711,-1.204950,2.552032,-3.337671,-0.088337,-0.952913,-1.366390,1.805606,-0.683771
2022-05-27,-1.610884,-1.888952,-0.499996,-0.855408,-0.096005,0.458692,0.190930,-0.243112,2.111983,1.241071,6.376670,-0.148287,-2.875797,-3.987437,1.426443,2.737902,-0.404266,0.726217,-1.358752,3.140701,1.201254
2022-06-03,0.981200,2.182038,2.980930,3.680801,1.841961,-0.270390,-0.047558,0.295317,4.874061,-0.788900,-1.202417,-0.434260,9.280849,6.496850,1.723818,2.804233,0.323989,-1.483669,0.517632,6.524998,-0.408739
2022-06-10,3.841039,3.588649,2.624948,2.828104,3.376765,0.060753,0.020565,1.457342,0.699562,-0.361573,-5.187069,-0.150646,0.933332,1.281425,-0.844948,-0.477811,0.006502,0.444806,1.959910,0.945965,-1.550511
2022-06-17,1.255081,1.639028,1.213833,2.193559,-3.410591,0.029030,0.127538,0.959572,-7.067558,0.261267,-5.968745,-0.106036,-2.728409,0.112282,-3.624550,1.207924,0.029965,-0.507843,0.455424,-9.407307,-0.556719
2022-06-24,1.304505,1.969956,0.819479,2.289787,3.010271,-0.057593,0.121887,0.247450,-4.151539,-1.247144,6.247269,0.114991,-6.594756,-4.677536,-4.000282,2.434485,0.117391,-1.080235,-0.515235,-5.794175,-0.866806
2022-07-01,2.342789,1.623817,1.097158,0.902577,0.645866,-0.065582,0.050034,1.014780,2.258907,-1.201170,-2.233755,-0.204687,1.628080,1.098020,-1.918475,3.303229,0.125535,-0.030127,0.942150,3.148619,0.459025
2022-07-08,-1.721058,-0.852951,-0.531003,0.089803,-0.614930,-0.105059,0.087870,0.177966,-3.961548,-3.107381,1.917283,0.350849,-3.247605,-7.805236,-4.410618,3.851223,0.165696,-1.437424,1.678348,-5.686403,0.394114
2022-07-15,-5.278805,-4.155197,-3.295838,-2.136258,-6.799101,0.417770,0.247628,-0.779090,-5.782290,-0.975461,-0.933206,0.601780,-2.632488,-0.041926,-6.572727,-2.489210,-0.362752,0.823836,1.011379,-8.519434,1.744569
2022-07-22,0.317956,-0.242571,1.485373,2.618077,1.522610,0.184106,0.233612,0.556493,-2.381542,0.693928,2.517006,0.028143,13.218218,4.829748,2.569386,-2.486496,-0.126932,-0.744415,-1.333052,-3.617759,1.589872
2022-07-29,-1.989416,-1.620622,0.072823,1.170681,-2.220735,0.270797,0.242290,1.062766,5.179949,2.656045,4.169207,-0.125964,-1.726180,1.283681,5.086212,-0.987745,-0.214645,0.332784,-0.673958,7.793319,1.363143
2022-08-05,-0.646479,-0.316820,-0.375708,-0.386156,0.225133,0.292506,0.288017,-0.336512,-9.409937,1.286688,0.360100,-0.047463,3.033056,5.909969,0.040654,-2.350640,-0.236955,1.199915,0.692351,-14.062398,0.059638
2022-08-12,0.809651,0.820336,2.369308,1.939210,-0.130369,-0.027439,0.021700,1.158683,3.477799,0.030678,3.203943,0.011868,0.647089,4.187251,3.023055,-2.432018,0.086435,-1.250988,-0.841088,5.165010,0.286284
2022-08-19,-1.667746,-0.960859,-0.454821,0.077033,-2.015606,0.849005,0.273238,-0.294230,-1.978426,-0.939939,-1.214547,0.962525,-1.686125,-0.506451,-0.169508,-1.749366,-0.799967,2.479819,2.274677,-2.918157,0.870995
2022-08-26,0.034855,-1.054140,-1.471127,-3.577340,1.987945,-0.190331,-0.062368,-1.428671,2.882398,0.955274,-4.123614,0.616621,-10.456829,-10.588498,-0.222367,4.082550,0.250428,-1.012003,0.687851,4.099326,-0.196622
2022-09-02,-1.476369,-2.064537,-2.393253,-2.956578,-3.624382,0.363639,0.111455,-1.311081,-5.850351,-2.133621,-3.342865,0.627354,-3.029230,-0.566046,-4.900732,-3.130079,-0.309850,2.163926,0.691819,-9.040642,4.238721
2022-09-09,1.693335,1.729028,2.688109,1.997848,-0.462923,0.043117,0.144143,1.174635,-0.926232,1.682800,3.581634,0.262290,0.341955,-2.872437,2.757468,-1.974321,0.014221,-0.542851,-0.591645,-1.980388,-0.333090
2022-09-16,-2.926576,-4.014877,-5.909219,-6.457495,-3.150827,-0.116701,0.073868,-2.027288,-0.923970,-1.531487,-4.887954,0.299127,-10.788161,-8.862467,-0.718861,-2.320130,0.175790,-1.366506,0.635062,-1.610616,0.232236
2022-09-23,-1.817143,-1.968591,-1.095945,-1.830512,-4.515938,0.082172,0.053709,-0.371470,-6.811960,1.047673,-4.761319,0.883468,2.878872,-1.834079,-4.094570,2.121383,-0.025318,1.427194,3.029257,-10.713860,0.702543
2022-09-30,-0.751633,-1.335003,-3.025809,-3.825084,-4.042182,-0.495969,-0.090750,-1.478028,0.035064,0.817002,-2.957001,1.529998,-3.838151,-2.157106,0.379132,-2.419347,0.559460,-1.271321,-0.782743,0.590934,-0.600147
2022-10-14,-0.979133,0.982949,4.439248,4.494990,-6.716394,0.489948,0.218484,2.072285,-7.364709,0.408560,-1.567030,0.126684,6.099935,3.810788,-0.228331,3.844677,-0.380064,1.725603,0.489505,-11.187038,1.290287
2022-10-21,-3.843750,-2.625652,-0.277575,0.402970,-2.296343,-0.010362,0.141882,-1.091034,2.312867,-1.272008,4.626893,0.137762,1.646379,0.995629,1.315063,-0.533794,0.068112,-0.556381,-1.295985,3.394395,2.005752
2022-10-28,-6.661119,-5.535659,-2.983247,-3.036692,-8.681849,0.293028,0.052215,-1.758744,0.596508,1.363704,3.875941,0.716668,3.279470,9.784632,-0.243367,0.067385,-0.238475,1.128389,-1.055343,1.081118,2.559074
2022-11-04,5.896526,6.182306,5.904493,7.257676,8.373066,-0.065830,0.026325,2.297800,4.759593,-0.505374,-3.402743,1.188204,3.909690,11.858575,6.617441,6.798617,0.124138,-0.903073,0.097173,6.824571,0.537364
2022-11-11,1.996434,0.562870,0.084064,-0.990981,6.957904,-0.200269,-0.144826,-0.118192,-3.074634,3.992907,5.730442,-0.897128,-3.391611,-4.497001,4.199401,-6.012745,0.260098,-0.673960,-4.029788,-4.343057,-0.583552
2022-11-18,1.132002,0.345979,0.860110,0.224311,3.776859,-0.605433,-0.764143,-2.500677,-8.746717,0.171961,-0.693370,-1.141287,2.159911,4.238703,-4.801290,2.803552,0.670125,4.937809,0.524427,-13.851797,0.239438
2022-11-25,-0.082521,-0.680774,-1.690476,-2.220780,-2.356059,0.148479,0.159059,0.603081,-4.546767,0.044171,1.521153,0.348242,-4.546237,-4.842935,0.404287,-4.931752,-0.091933,1.502623,-0.840597,-7.122225,-0.165433
2022-12-02,2.713712,2.489336,1.308022,2.552756,6.080783,-0.288717,-0.324494,1.463796,1.867005,0.518770,1.125747,-1.123489,0.104299,-1.462665,5.144244,2.915798,0.349929,1.375814,-1.484103,3.200699,-0.818876
2022-12-09,3.462815,3.235593,0.393003,-0.002489,6.355898,-0.132713,-0.580746,-0.414892,-10.611525,-1.539665,-3.430729,-1.361614,-1.515522,-3.713193,-0.301174,-2.389183,0.192364,5.216727,0.397163,-17.714841,-2.203668
2022-12-16,-0.683925,-1.107018,-1.947662,-2.438627,-2.288193,0.093355,-0.336787,-2.119320,3.126857,-0.138896,-2.106736,0.291292,-0.462210,-2.531610,-2.866616,-3.964098,-0.035777,3.738009,-0.075415,5.448158,0.062525
2022-12-23,-2.730493,-3.238550,-5.231193,-5.659016,0.729391,0.392418,0.197284,-2.020328,6.460949,0.963327,-0.195916,0.027220,-6.324825,-4.127669,1.016107,-4.023012,-0.337879,2.219591,-0.500168,10.430724,-0.041778
2022-12-30,0.737712,1.127696,1.739341,1.943032,0.956719,0.111108,0.181023,1.074725,1.688794,0.959005,-0.138464,-0.235200,2.619121,2.130358,-1.403525,0.294081,-0.053994,-0.457847,-0.802649,3.008249,-0.081782
2023-01-06,2.931003,2.782852,2.498148,3.422340,5.938166,0.084664,0.297503,2.092889,-8.985932,-0.287714,1.437207,-1.059494,5.018534,6.007204,2.918305,-5.352567,-0.027398,-2.909723,0.404632,-14.955326,-0.742824
2023-01-13,2.680603,2.321279,0.743551,0.264144,3.496798,-0.158302,0.014718,0.183440,8.332563,1.377392,2.635262,-2.378897,-2.136445,-2.816901,6.109013,-1.795216,0.218154,-1.084146,-1.689600,14.635320,-1.473629
2023-01-20,1.758561,2.595852,3.148226,3.309979,1.397770,-0.088221,-0.012180,2.077016,2.576836,1.974501,-0.664353,0.607436,4.118030,4.312377,0.805220,1.162957,0.147353,-0.272902,-0.168100,4.124217,-0.374684
2023-02-03,-2.210013,-0.958653,1.464917,2.755635,-4.638688,0.148239,0.246963,0.181071,-7.701207,-0.987147,1.606460,-0.473780,8.498233,3.038241,-2.357881,-3.272814,-0.033434,-0.177208,1.048137,-12.413291,1.624783
2023-02-10,-1.017040,-0.856515,-0.148827,0.723986,-2.193975,0.054931,0.251221,-0.306012,8.060150,-2.067294,-1.118775,0.742245,10.200694,20.702486,-0.997875,2.144840,0.002558,-1.683854,0.561356,12.771377,0.899403
2023-02-17,-1.187852,-1.764063,-1.540745,-1.543620,-2.245895,0.074815,0.304113,-1.642348,-3.972939,-0.121800,-0.278351,1.135186,-4.685677,-5.122097,1.460416,1.717176,-0.017497,-2.344804,0.294519,-6.422453,0.636649
2023-02-24,0.488843,0.655639,1.644753,1.104395,-3.485610,-0.062747,0.105083,0.644829,-0.361447,0.699541,-2.709775,0.411335,4.453785,1.736680,-3.763594,-0.100502,0.121551,-2.116584,1.320264,-0.375381,0.217568
2023-03-03,1.705489,1.697038,0.777218,0.332299,2.747996,0.016836,0.157395,0.555057,3.731556,0.588862,1.886359,0.253515,1.594021,3.507498,1.978018,-1.458514,0.041073,-1.714029,-0.698795,6.212703,-0.705239
2023-03-10,-5.106318,-4.036666,-2.944486,-2.464724,-6.257742,0.288672,0.253777,-1.212270,-3.985347,0.283538,-4.656074,0.775376,-3.182823,-5.244178,-1.630248,4.079596,-0.234065,0.079680,0.116073,-6.475761,1.826403
2023-03-17,-0.296222,-0.209837,-0.350573,-0.915160,1.023066,0.202395,0.250091,0.047048,-13.063144,3.693307,1.415513,-0.869464,0.840653,1.673479,-1.460264,-2.404992,-0.146765,-1.423974,-0.754390,-21.867845,-0.145477
2023-03-24,0.935050,1.708718,2.031779,1.934518,2.014002,0.022706,0.175404,0.823646,2.841217,1.892078,1.378129,-0.986721,41.152003,22.570073,2.750074,0.691941,0.034838,-0.998349,-0.732188,5.538644,-0.317814
2023-03-31,0.324906,0.591239,0.469892,0.114324,2.403293,0.099046,0.168488,0.024036,6.887669,0.113392,3.423970,0.500399,12.018664,21.032368,0.409100,1.295812,-0.042414,-0.063014,-0.494889,11.645339,0.101119
2023-04-07,0.858170,1.770352,1.947036,2.400945,-0.338364,0.041821,0.154873,0.973144,6.079388,1.377593,-0.104452,0.175930,17.976839,36.978233,-0.723099,-1.198335,0.015399,-1.272481,-0.480406,9.633292,-0.040829
2023-04-14,-0.218298,-0.761538,-0.517973,-0.324200,0.527889,0.241568,0.184187,0.002680,1.970105,0.819312,0.791496,-0.337592,-5.823083,3.471712,1.353347,-5.694267,-0.186764,-0.377804,-0.518258,2.685965,0.022775
2023-04-21,-0.929884,-1.463036,-2.847215,-3.575692,-1.792392,0.129685,0.182137,-1.238841,-5.798037,-1.902688,-0.099623,0.212583,16.176755,4.071469,-2.420784,1.031886,-0.073541,-1.048071,0.140287,-9.365562,-0.262457
2023-04-28,0.883188,-0.086369,-0.148906,-0.743995,-0.906479,0.304513,0.165443,0.819402,-1.839444,0.347418,0.866198,0.707290,14.067485,-9.280993,-1.574560,1.989208,-0.250535,1.001815,-0.054675,-2.868843,1.622889
2023-05-05,0.276592,-0.303467,-0.653736,-1.041372,0.774791,0.290568,0.183794,-0.520403,-6.286205,3.077985,-0.800175,-0.182142,-13.811703,-14.546344,-0.093824,2.463080,-0.236667,0.318073,-0.368654,-10.486359,2.714683
2023-05-12,-2.040103,-1.989224,-1.772378,-1.784928,-2.127634,0.216983,0.235492,-0.974481,-1.604956,-1.411912,-0.294662,0.529602,-3.321114,5.097195,-3.132017,1.605216,-0.162446,0.323637,1.385943,-2.712397,0.435119
2023-05-19,0.092631,0.171983,0.416701,1.010393,-0.904202,-0.032924,0.085830,0.893447,1.896424,-0.863071,1.633021,1.251473,21.000523,5.472365,-0.258409,-1.874033,0.090297,-0.733161,0.474124,4.282491,0.270442
2023-05-26,-2.841396,-2.401226,-1.351229,-0.850416,-3.684690,0.119797,0.106893,-0.516500,2.068679,-0.474741,0.320813,0.572580,-2.268611,4.568939,-1.828646,-0.315765,-0.064343,0.632338,0.984842,4.004889,1.113176
2023-06-02,-0.628542,0.282197,1.157073,1.212692,1.077129,0.158865,0.101467,0.480243,-1.002809,1.514843,1.812529,0.252648,15.421723,13.247441,3.360375,-2.336849,-0.103776,1.343808,-0.160761,-1.653097,0.391366
2023-06-09,0.013964,-0.652882,-1.578854,-1.992400,2.295413,0.214886,0.128294,-0.112919,-1.796139,0.008843,0.384328,0.247793,7.845956,4.127982,0.164913,-0.980927,-0.160264,0.780224,-0.471865,-2.657034,-0.169207
2023-06-16,2.215412,3.247655,2.277356,2.635122,3.299385,0.024264,0.064887,0.775073,1.612726,-0.407603,2.543184,0.244375,29.675037,15.320120,2.978568,-0.857545,0.031918,-0.577262,-1.205524,2.950483,-1.255948
2023-06-23,-3.197164,-2.537858,-2.589630,-1.824894,-5.911765,0.032571,-0.013856,-0.953381,-2.267852,-0.146611,-1.398985,0.707280,3.111999,2.587688,0.567554,1.445630,0.007411,0.873678,0.552056,-4.374262,0.832789
2023-06-30,-1.076671,-0.560068,0.131511,0.815652,0.139976,0.262102,0.104477,0.222959,0.854820,-0.276034,2.319762,0.642821,-8.106392,-3.569314,-1.692448,-2.401359,-0.192185,1.569010,0.482013,1.556200,0.602331
2023-07-07,-0.103054,-0.436946,-0.620781,-1.228513,-2.954606,0.128064,0.157622,0.096453,3.886771,0.493652,-1.162361,-0.282721,-0.311999,-0.723821,-0.117716,-1.753764,-0.073050,-0.143814,-1.121944,7.337147,-3.157576
2023-07-14,2.318893,1.900531,1.149319,0.352564,5.549833,0.107724,0.129505,0.426997,1.850496,0.702905,2.391524,-1.026709,5.557142,-3.145075,2.183642,-0.104917,-0.052705,-1.365959,-2.237735,2.655793,-1.222223
2023-07-21,-1.528399,-1.999615,-1.754679,-2.209944,-1.759092,0.319214,0.182027,-0.177248,1.569930,1.160639,0.683940,0.193313,-17.656040,-16.182379,-1.817951,-2.685156,-0.266582,0.208812,1.116555,2.329228,0.668014
2023-07-28,5.343790,4.372681,1.965467,0.994188,4.315934,-0.062583,0.021573,1.337585,4.117303,-0.655310,1.006526,-0.165273,-2.596861,-5.582956,2.321663,1.055381,0.119015,-0.426905,0.618645,6.464518,-2.373604
2023-08-04,0.068476,0.694886,1.401824,1.076040,-1.911554,0.125352,0.121510,0.376422,2.182674,-0.417262,-2.300256,0.112079,9.787226,7.559023,-0.711652,3.306276,-0.070908,0.502514,0.285397,3.768613,0.107987
2023-08-11,-3.064641,-3.449508,-3.574662,-3.593648,-2.404747,0.080149,0.189562,-1.060001,0.670988,0.254956,-0.312679,0.236355,-13.742013,-11.337106,-2.136120,2.067725,-0.025191,-1.112909,0.852501,1.043139,0.879399
2023-08-18,-2.415910,-2.614824,-2.319004,-3.019580,-6.075107,0.430643,0.227142,-0.344798,-2.215059,-0.101026,-2.135978,0.583596,-5.450118,-7.479184,-0.572017,-1.228702,-0.379678,0.555875,0.548954,-3.546683,0.642969
2023-08-25,-0.891089,-1.997946,-3.461662,-3.969810,0.030802,0.184464,0.183409,-1.276786,-0.626739,0.744312,0.820478,-0.170965,-7.699550,-7.051382,-0.175593,2.828562,-0.131263,-1.463014,0.722995,-1.019846,-0.041369
2023-09-01,1.870268,2.195620,2.993356,3.807710,2.342971,-0.184464,0.007739,1.050551,5.414214,0.859978,2.467429,-0.132247,4.747571,1.022176,0.444393,2.126032,0.241695,-0.539383,0.078285,8.343787,0.997064
2023-09-08,-0.486310,-1.367574,-0.736166,-0.077173,-0.983987,-0.453581,-0.288646,-1.171523,1.616264,0.942652,-1.298989,0.502995,-6.349874,-6.681619,-1.201302,1.001948,0.513883,1.169494,0.754277,2.566570,1.054533
2023-09-15,-0.198215,-0.838159,-0.069384,-0.384600,-0.105428,0.091903,0.131194,-0.333412,4.147635,0.615019,-0.160982,-0.505781,-6.445623,-2.792943,1.201049,-2.223082,-0.037339,1.095698,0.257509,6.360921,0.398377
2023-09-22,1.421404,0.809813,-0.102537,-0.397814,-0.692270,-0.120549,0.073124,0.141819,-1.971139,0.161668,-2.970671,-0.079434,11.836846,10.352044,-1.768298,0.012622,0.177727,-1.236008,0.259688,-2.697334,-0.635023
2023-09-29,-1.735765,-1.330459,-0.141306,0.395868,-1.381734,-0.028111,0.052004,0.412492,-0.346809,-2.361451,-0.743721,0.096149,4.161385,3.001098,0.691112,1.621720,0.076126,-0.125019,0.549666,-0.654326,1.031396
2023-10-13,-0.718972,-0.710109,-1.013534,0.048038,1.855437,0.043861,0.149306,-0.731450,7.273650,-1.001736,0.446489,-0.032039,-12.327086,-7.046899,-2.782036,1.780299,0.074800,-1.633798,0.535380,11.252326,0.515350
2023-10-20,-4.096450,-4.261072,-3.793657,-5.189102,-3.666607,-0.106812,0.011638,-2.716515,1.865746,4.672383,-2.423428,0.025075,-8.455446,-15.921751,0.371593,-0.889723,0.163551,-1.688167,-0.489871,2.782072,0.908553
2023-10-27,1.069627,1.464649,1.252388,2.435469,1.310949,0.093688,0.072959,1.433038,-3.677209,0.062916,-2.560581,-0.015323,-5.080672,-12.048791,1.579922,-1.797624,-0.039138,2.101724,0.398244,-5.388946,-0.264106
2023-11-03,0.908055,0.608726,0.333194,0.950208,1.513825,0.275210,0.194867,-0.575816,-4.519117,0.255449,5.687664,0.019502,-0.853661,-1.273085,0.842187,-3.991642,-0.222639,-0.283624,-1.441104,-6.757077,-0.489030
2023-11-10,-0.945156,0.065626,1.132202,1.913405,-2.643656,0.145097,0.191385,0.533835,-4.229948,-1.440692,1.297094,-0.034827,13.575697,28.611822,-1.065625,2.709500,-0.091306,-1.925158,0.717147,-6.422700,0.686055
2023-11-17,-0.657204,-0.514940,1.041078,1.801341,1.448083,0.148352,0.228490,-0.100208,-1.330724,0.440306,2.212592,-0.059931,3.911085,9.466989,3.577228,0.706397,-0.094633,-0.925259,-1.897096,-1.965083,0.974741
2023-11-24,-0.299961,-0.846036,-1.089167,-1.361338,0.601082,-0.193703,0.087581,-1.044915,-0.584688,-1.605417,0.998977,-0.807681,-11.202271,-9.537440,1.661266,-1.199087,0.250872,-2.101699,-0.372387,-0.894937,-0.009344
2023-12-01,-1.645423,-1.570414,-0.063779,0.239171,-4.240972,0.116582,0.067780,-0.021456,-0.738843,2.098454,0.771035,-0.066079,5.762914,15.746751,2.082476,-2.166347,-0.062248,-0.050269,-0.232976,-1.811406,1.089243
2023-12-08,-3.036791,-2.424279,-1.245024,-2.091982,-2.990936,0.056732,0.045669,-0.212200,-5.039401,-0.121979,0.211762,0.026718,16.126822,8.406363,-2.446393,-0.753446,-0.001870,0.356793,0.774933,-8.310835,0.775034
2023-12-15,-1.606432,-1.718185,-0.880610,-0.862311,2.764242,0.403669,0.198194,-0.566163,1.703841,0.054699,2.463132,-0.233671,-6.550364,-6.085531,1.026299,-0.965096,-0.352167,1.537322,-1.359612,2.564998,0.955710
2023-12-22,1.116693,-0.129473,-2.566633,-3.726266,-2.727272,0.350594,0.211761,-0.705005,2.489862,0.854455,0.748171,-0.005637,0.308479,-4.307127,-0.088894,-0.625626,-0.298818,-1.078794,-0.871777,5.355744,-1.358641
2023-12-29,2.422365,2.774324,2.188701,2.638897,4.235593,0.263367,0.330198,1.433637,-2.321064,0.449420,0.319178,-0.177740,2.257154,0.957542,0.507783,-0.464399,-0.211110,-0.127444,-0.320365,-3.758748,-0.994508
2024-01-05,-2.508908,-3.017837,-2.751669,-3.657332,-3.049781,0.174645,0.158091,-0.801475,2.333739,0.141067,-1.533556,0.284796,-12.112092,-9.790891,-0.662668,-3.197688,-0.121621,-1.768792,1.041825,3.865962,-0.646664
2024-01-12,-1.390709,-1.359247,-1.443441,-1.801183,-1.773999,0.088830,0.199653,-0.004824,-0.737824,-0.332240,1.826638,0.029561,0.528429,-1.146982,-0.849939,0.152336,-0.035032,-2.303781,0.000781,-1.589043,0.214559
2024-01-19,0.282645,-0.439138,-3.672822,-4.917720,-5.933867,0.230022,0.156324,-1.489043,0.395031,-0.087396,1.163398,0.164537,9.877580,14.365870,0.790479,2.509195,-0.177789,0.098932,0.769579,0.761862,-1.329499
2024-01-26,3.108449,1.939761,0.172415,-0.703841,4.117799,0.301617,0.182127,0.183950,5.432824,-0.341995,1.051518,-0.130764,4.371502,1.863402,2.490385,0.394133,-0.250300,0.277472,0.234826,8.268676,-1.678520
2024-02-02,-3.757986,-4.735510,-9.681295,-14.145130,-2.659579,0.557801,0.280934,-2.241919,-6.661247,1.266181,1.373481,-0.095721,-5.412951,-13.353139,-0.573318,3.057551,-0.509257,-0.595403,0.473487,-10.131206,-1.783402
2024-02-09,5.395211,5.664299,12.101217,8.752349,1.362035,-0.038955,0.129127,1.360250,5.254139,-0.264365,1.362034,0.042241,14.507136,18.780102,-2.108704,1.259974,0.085628,-0.853945,0.103923,8.406363,-0.129063
2024-02-23,3.378092,3.642062,0.917729,4.552508,2.334238,0.447108,0.286561,2.089981,-3.444630,-0.951695,1.649075,0.039409,15.119911,8.816440,3.259904,-0.199221,-0.336104,1.173469,-0.290804,-5.211042,-0.727040
2024-03-01,-0.765781,1.367845,3.429301,3.317508,-0.818968,0.269710,0.186106,-0.217546,3.300952,1.005451,0.944278,-0.007036,8.663908,7.762778,-0.184471,-2.277986,-0.226274,-1.932135,-0.085539,5.311974,0.377013
2024-03-08,0.467837,0.200660,-0.549059,-0.586088,-1.433113,0.379264,0.120410,-0.459184,-1.703867,4.541828,-0.260994,-0.114055,8.270343,6.004354,0.908982,0.816553,-0.329633,1.214897,-1.106256,-2.632064,-0.228384
2024-03-15,0.042404,0.705089,1.935525,3.391722,2.222362,-0.380050,-0.047713,0.567913,3.943164,0.370648,-0.128896,-0.004227,1.345275,11.219659,5.692085,1.897461,0.437660,-1.634936,0.689738,6.054443,0.426338
2024-03-22,-0.993491,-0.702483,-1.283947,0.721709,-1.333058,0.202995,0.142519,0.687211,-0.481532,0.846533,2.262428,0.040851,-5.612408,3.472398,-3.085804,-1.369780,-0.151600,1.232819,0.942926,-0.763952,0.165651
2024-03-29,0.486410,-0.212298,-1.844433,-2.802076,0.253928,0.178838,0.096242,-0.492111,2.476727,3.606515,0.384611,-0.076081,-6.861812,-17.357693,0.268889,1.251463,-0.127203,0.455659,0.070642,3.720139,-2.000045
2024-04-05,0.629456,0.853420,1.659099,1.090581,1.097249,0.088865,0.122364,0.765095,4.260746,1.905317,-0.956341,-0.001409,-0.294252,1.142694,3.332387,-1.549115,-0.051660,-0.269025,-0.201337,6.708307,-0.068285
2024-04-12,-2.336467,-2.611417,-1.828404,-2.992137,-0.013335,0.176105,0.298925,0.336613,-0.784490,5.213317,-1.567266,0.025367,8.135266,2.520720,1.524975,1.947934,-0.109569,0.290380,1.641348,-1.229273,0.755365
2024-04-19,2.353456,1.876022,0.710868,-1.403003,-3.020642,0.388754,0.250711,-0.191247,-3.109409,-0.386372,-3.095789,0.111257,0.805813,-1.012302,3.392619,0.436312,-0.339740,-1.335497,0.086830,-4.686008,-1.432378
2024-04-26,1.278468,1.195836,1.071485,2.838096,8.430068,-0.282789,0.056288,0.466671,0.763753,-2.443838,2.637036,0.014074,7.969118,19.722917,1.026374,-0.668979,0.338633,-1.288904,-0.023279,0.938186,-0.467377
2024-05-03,0.096949,0.559930,1.276602,1.493470,4.566733,-0.051191,-0.063573,0.471241,-6.183190,-0.920230,0.544207,0.009851,0.781314,3.171148,0.074291,1.810614,0.082085,0.028145,-0.951918,-9.277080,0.115267
2024-05-10,1.783012,1.702299,1.717420,1.387379,2.605731,0.007370,0.214808,1.913740,0.000000,2.142489,1.833591,-0.073201,-8.457947,-3.135353,1.000112,-0.129019,0.068363,-0.918487,0.230594,1.177541,1.824822
2024-05-17,0.619751,0.318413,-0.788974,-0.197550,3.063435,0.085716,0.118439,-0.020823,1.463031,0.614425,1.531293,0.047868,-0.362808,1.386026,5.851586,-1.624470,-0.033752,0.110526,-0.795444,2.348201,-0.406138
2024-05-24,-1.990429,-2.101727,-3.303105,-3.906244,-4.951781,0.221576,0.134062,-0.347005,-2.592850,-1.854718,0.027338,0.080199,-3.089803,0.352322,-2.401168,0.446636,-0.171041,-0.698304,0.237914,-3.772002,0.121028
2024-05-31,-0.495981,-0.600183,-0.092531,0.095328,-2.885733,0.108640,0.155062,0.064394,-0.588165,0.428312,-0.514259,-0.019692,-5.034230,1.662542,-1.663554,-1.920625,-0.057001,-0.504372,-0.105362,0.084911,0.504495
2024-06-07,-0.200275,-0.162437,-1.893288,-3.837698,1.576807,0.253839,0.170826,-1.050366,-2.362706,0.972165,1.307939,0.025318,5.870305,4.937753,-4.383930,-0.919335,-0.203706,0.115295,0.293647,-3.103966,-0.876021
2024-06-14,-1.259205,-0.915768,0.078927,0.523786,-2.342078,0.243874,0.110077,0.102475,3.947719,-2.488470,1.569996,0.063266,14.602528,17.457285,0.149546,2.181116,-0.193847,-0.645187,0.558001,7.533428,0.776765
2024-06-21,-1.141950,-1.304901,-2.147615,-2.448708,0.482288,0.184810,0.089985,-2.226914,1.810059,2.032157,0.606084,0.063226,3.341930,3.860017,-2.465669,-3.217780,-0.134368,0.769334,0.282373,2.588910,-1.358884
2024-06-28,-0.170323,-0.976332,-3.176887,-3.202784,-1.733945,0.436247,0.117980,0.463068,0.780976,-1.479429,-0.075789,0.101078,-3.646084,-6.616566,0.122227,0.069537,-0.388243,2.396306,0.016630,0.488155,-0.492723
2024-07-05,-0.371087,-0.887798,-1.560163,-1.755375,0.456105,-0.224946,0.083847,-0.446811,2.353050,1.465135,1.935374,0.029462,2.591602,6.936233,3.484199,1.070244,0.278867,-0.775109,-0.924303,3.244387,1.501510
2024-07-12,1.109251,1.197700,1.085259,1.387717,2.736270,0.137643,0.090554,-0.192917,-1.847494,1.574221,0.861348,0.036465,5.913525,0.326954,-0.386048,2.347086,-0.087211,-0.306990,-0.736190,-2.161459,-0.221174
2024-07-19,1.814311,1.900221,-0.966378,-1.167025,-4.905346,0.096780,0.110907,-1.241755,-3.229740,-0.458361,-1.984715,0.000000,-10.630836,-7.309730,-4.351810,0.951150,-0.046126,-0.216867,0.254911,-4.645081,-1.482621
2024-07-26,-4.218059,-3.734364,-2.824293,-2.506409,-2.301969,0.531173,0.210299,-1.555868,-3.337543,-1.524083,-0.837283,-0.063120,-8.283103,-9.961903,-0.812061,0.283248,-0.484832,1.251596,-0.040347,-5.611364,1.396621
2024-08-02,-0.493762,-0.733072,1.096889,2.266906,-0.446319,0.544374,0.187812,0.630907,-2.909804,2.945185,-2.083058,0.148620,-4.334022,-3.152891,-0.033830,1.101586,-0.498569,0.434188,-1.054007,-4.373090,1.351740
2024-08-09,-1.103633,-1.571335,-1.436685,-2.252758,0.850405,-0.226114,-0.015679,-0.715856,2.420193,-2.351308,-0.044899,0.102223,-5.573554,1.578216,-2.387232,0.504719,0.279342,-0.944534,-0.075298,4.041727,0.161634
2024-08-16,1.160484,0.419532,-1.063436,-1.006472,1.969508,-0.074101,-0.009723,-2.346243,0.150905,1.247756,3.855902,0.020992,6.393851,4.498892,1.975663,0.349161,0.125849,-0.410748,-0.727592,-0.513732,-0.890992
2024-08-23,0.439561,-0.552796,-2.895498,-3.503956,1.038413,0.292274,-0.071979,-1.007714,-1.723744,0.848890,1.436453,-0.148437,-0.033350,0.801259,2.078754,-1.942622,-0.244307,2.714446,-1.695477,-2.050715,-1.212175
2024-08-30,-0.859773,-0.173215,2.223827,2.936771,2.117819,-0.069417,-0.086535,1.826590,-1.507080,0.258146,0.244438,-0.328463,-9.639486,-5.396054,-0.847079,-1.882057,0.120794,2.202340,1.037090,-2.810749,1.200355
2024-09-06,-3.116372,-2.749743,-2.215734,-2.650569,-3.075140,0.522506,0.159797,-0.048734,-7.517679,-0.066217,-4.341532,-0.280185,-9.107677,-5.681353,-1.184232,0.656556,-0.477032,1.189048,-0.541115,-11.547241,1.934317
2024-09-13,-2.584461,-2.256497,-1.924664,-2.130704,-0.432076,0.580295,0.028628,-1.758329,0.013992,1.710980,3.944527,0.147934,15.371955,12.421997,1.684895,-1.085664,-0.535921,2.603244,-0.071184,0.587410,0.567089
2024-09-20,1.236537,1.314508,1.060007,1.130382,4.994237,0.282513,0.046028,-0.117774,3.370101,1.199129,1.351118,-0.544914,-6.172486,-4.661964,1.848018,-1.094476,-0.235551,0.291041,-0.374051,5.263628,-0.513740
2024-09-27,14.086708,14.584946,14.525930,14.045942,12.222325,-1.018704,-0.088186,5.089993,-2.673040,1.478969,0.622690,-0.771612,20.350235,15.986288,4.482569,-0.911093,1.078407,0.910344,-0.311802,-4.835422,-4.217073
2024-10-04,6.923631,8.141981,9.904062,10.565297,9.713003,-0.159683,-0.286688,2.458551,8.211379,-0.451453,0.224558,-0.038523,14.767115,14.559569,-0.758885,-3.898060,0.182792,4.080800,2.043411,13.971861,-1.349751
2024-10-11,-2.760266,-3.306744,-4.859222,-5.251596,-6.753777,0.402617,-0.134635,-2.511901,0.828399,0.110544,1.106002,0.933212,3.039981,10.237074,-0.516206,-0.833999,-0.327838,4.797734,0.420995,0.545669,0.086283
2024-10-18,0.056826,0.974535,3.046029,5.960402,-2.129950,0.122127,0.474897,2.862941,-7.400058,3.564877,0.850027,0.764766,5.104275,2.041796,-1.405230,0.159955,-0.073336,-5.949609,0.519511,-11.224765,1.214250
2024-10-25,0.052672,0.791386,2.963928,3.846737,-1.033776,-0.334661,-0.142543,1.489996,3.663118,0.910135,-0.968928,-0.258492,-7.180300,-2.969825,-0.389796,-1.315744,0.387778,1.071640,0.821848,6.085903,0.861378
2024-11-01,-1.191787,-1.692545,0.380257,-0.750548,-0.407431,0.272966,-0.002030,-0.542729,-3.977950,0.797173,-1.375085,0.063280,-10.531785,-9.779493,-1.595330,1.911660,-0.225746,2.656670,0.007189,-6.203694,3.549057
2024-11-08,4.209669,5.355918,6.483349,7.984093,1.075611,0.327474,0.147220,2.135875,1.307564,-2.287282,4.550977,0.418047,1.046163,0.431969,-3.039113,-2.309643,-0.281040,-0.367806,0.601412,2.060470,-0.682861
2024-11-15,-3.461341,-3.350202,-4.906942,-4.744180,-6.486473,0.132353,0.160837,-0.914990,-3.932897,-3.670228,-2.105561,0.779505,-1.209732,-1.707853,-3.572403,-2.346141,-0.084189,-0.945352,1.636901,-5.687676,0.527241
2024-11-22,-2.651173,-2.632905,-2.985091,-1.563447,-1.015988,0.088890,0.103795,-0.097294,5.783063,5.664889,1.667612,-0.069476,-6.028662,-7.915574,-0.615581,2.007586,-0.040172,-1.121338,0.753498,9.589684,0.937848
2024-11-29,0.895383,1.307715,1.753039,2.596617,1.001934,0.413667,0.203974,1.493398,-4.329915,-1.456695,1.050526,-0.090391,-4.286201,-2.618732,-0.957040,-3.736758,-0.367919,-0.756167,-1.608346,-6.276022,0.085734
2024-12-06,1.530062,1.433720,2.151330,2.560100,2.251284,0.447486,0.289012,1.020355,-1.453148,-0.463256,0.955079,-0.040355,3.702407,5.046644,-0.943515,1.962798,-0.402057,-0.965890,0.183333,-2.483891,-0.045699
2024-12-13,-1.033354,-1.010838,0.151995,0.084492,0.529106,1.160208,0.222673,1.759457,4.539981,1.556163,-0.645399,0.038964,-3.410877,6.670740,1.178674,-1.889212,-1.120954,4.002063,0.913619,7.216262,0.550983
2024-12-20,0.394754,-0.138322,-1.194707,-1.318413,-1.262439,0.415471,0.059326,-0.801842,-2.381876,-1.881399,-2.007088,0.034776,0.000000,-0.457560,-0.485216,4.185576,-0.370574,2.780411,0.836195,-2.432385,-0.368317
2024-12-27,1.990367,1.347551,-0.304809,-1.610343,1.857623,0.034426,0.041209,0.153502,1.395181,1.017705,0.672008,-0.011127,7.391131,0.596742,0.298416,0.093325,0.013620,0.558770,0.161497,2.500449,-1.257401
2025-01-03,-4.333258,-5.309672,-8.327642,-9.269440,-1.657172,0.683979,0.224405,-1.714156,4.085460,1.240222,-0.476275,-0.020867,-10.661978,-10.947272,-2.063286,-1.359531,-0.641716,-1.549122,0.835365,6.512129,-2.038076
2025-01-10,-1.044498,-1.137098,-1.084062,-1.437667,-3.585640,-0.313175,0.019715,0.446606,3.962686,1.187268,-1.961572,0.018085,-8.372807,-6.905444,1.253153,0.537404,0.363948,-3.320755,0.672989,5.173373,0.157246
2025-01-17,0.864767,2.117088,3.980105,5.211847,2.689902,0.005195,-0.095836,1.301193,1.171206,0.818097,2.869349,-0.002782,3.278122,9.819462,1.138791,-0.286032,0.042643,1.959032,-0.253383,0.597824,0.646181
2025-01-24,-0.131351,0.536829,1.115169,1.639438,2.432034,-0.010877,-0.025618,1.054028,-4.096135,1.274851,1.728938,-0.256278,9.266262,11.875950,1.658748,0.849316,0.058824,0.058316,-1.751224,-4.311188,0.076223
2025-01-31,0.176480,-0.412644,-1.078498,-1.562488,0.788859,0.234754,0.075446,-0.407429,-1.285816,-0.209805,-1.000027,-0.009763,-11.061572,-6.703502,-1.632372,1.690969,-0.216322,0.596936,0.958912,-2.436222,-0.176813
2025-02-07,0.941395,1.961794,4.283908,4.808655,4.393645,0.370002,0.148480,1.623104,-2.394452,3.394788,-0.240998,0.001395,-6.327356,-10.362165,3.550905,-0.385154,-0.298400,0.241216,-0.383998,-3.820727,0.591536
2025-02-14,2.002977,1.182532,1.931986,1.853902,6.798771,-0.289014,-0.006605,0.254749,-0.066967,2.724162,1.460248,0.009763,-0.325266,-3.939359,0.860397,-0.014264,0.339335,-2.664793,-1.206508,0.451141,0.080371
2025-02-21,0.800424,0.996175,1.820460,3.156545,3.721135,-0.752336,-0.168501,1.314122,-1.064054,-0.576908,-1.673885,-0.013947,10.001256,10.468143,0.573100,-1.467258,0.807107,-0.771352,-0.143919,-2.314522,0.594374
2025-02-28,-1.626779,-2.246911,-3.309777,-2.811730,-2.312075,-0.150202,-0.174104,-0.891969,-1.048129,-1.816409,-0.979818,0.058564,-16.301949,-23.135630,-0.951311,-1.162682,0.199581,0.629745,0.853636,-1.256897,0.143110
2025-03-07,1.618487,1.377739,2.592507,3.715289,5.470553,-0.420228,-0.032573,1.380553,-3.665148,1.089090,-3.144049,-0.046011,1.349048,-3.356415,2.024389,-0.432931,0.472038,0.797665,-3.471378,-5.269507,0.535340
2025-03-14,2.157401,1.573313,1.423302,0.969600,-1.126025,-0.346936,0.010272,0.145472,0.283487,2.252649,-2.301064,0.046011,1.697171,1.028407,0.624425,-1.011839,0.398417,0.807832,-0.152386,0.912866,-0.838907
2025-03-21,-2.405967,-2.319462,-2.121545,-2.551768,-1.134374,-0.110724,0.172836,-1.384433,1.433413,1.711980,0.506259,0.030662,-1.491987,1.312876,0.732904,-0.465799,0.160090,-1.798408,0.401847,2.555718,0.938556
2025-03-28,0.163661,0.012021,-0.940434,-2.166573,-1.116907,0.348223,0.193171,-0.197671,1.206589,2.215847,-1.540147,-0.011149,-5.044608,0.105135,-0.867200,-0.326401,-0.303659,-1.816395,-0.115665,2.351850,0.034324
2025-04-04,-0.654728,-1.380119,-1.199295,-1.043412,-2.492933,0.795485,0.176153,-0.332066,-9.357472,2.221949,-9.521199,0.190753,-3.691146,-2.543364,-3.138726,-2.363034,-0.761991,1.238110,-1.077262,-14.829796,0.735153
2025-04-11,-1.615991,-2.916297,-4.624788,-5.655163,-8.849102,0.503322,0.146544,-1.719069,-2.250381,2.440743,5.544542,0.275046,-18.057613,-17.686122,-1.353702,2.093746,-0.454349,0.853503,-3.108379,-2.097797,0.594605
2025-04-18,1.442472,0.585039,-0.369730,-0.521654,2.271201,-0.071812,0.017922,-0.584082,4.923978,4.356378,-1.515331,-0.024973,0.977714,0.154239,0.018550,0.646528,0.119293,-0.679827,-0.543123,9.036291,-0.792452
2025-04-25,-0.332675,0.382848,1.188078,1.831900,2.700282,-0.033330,-0.032229,0.891395,-3.022373,-0.484091,4.488393,-0.004163,7.460426,20.064735,1.927147,0.477726,0.080316,0.420877,0.357121,-4.997677,1.043813
2025-05-02,-0.592576,-0.434617,0.082503,0.178556,2.355667,0.322290,0.064489,-0.067905,-6.885182,-0.880388,2.880358,-0.072182,-2.109583,-5.808602,-2.334156,-4.312058,-0.291808,0.864991,0.459660,-12.061351,0.690068
2025-05-09,1.912555,1.984805,1.583637,2.193616,1.600390,0.058475,0.157532,1.306512,3.878249,1.035248,-0.471685,0.112415,12.704255,19.579895,2.957573,-1.955440,0.000606,0.493128,0.378522,6.907421,0.613429
2025-05-16,1.209354,1.109965,-0.102704,-0.229876,2.065779,-0.391351,0.083962,0.317251,2.244502,-4.756061,5.139064,-0.218006,3.146193,8.248386,-0.630088,3.478777,0.441609,-3.116343,0.557089,4.655676,-0.808762
2025-05-23,-0.177190,-0.175292,-1.104877,-1.301107,1.091513,0.041118,0.131456,-0.114587,-0.460264,3.695179,-2.645463,-0.026415,-6.285679,-2.276987,0.824371,-1.600081,0.004791,-0.974474,-1.858769,0.083740,-0.505958
2025-05-30,-1.230202,-1.088823,0.318413,0.613923,-1.328589,-0.016745,0.035366,0.226202,-3.792370,-1.069667,1.858774,-0.098771,1.812160,6.792513,-1.277750,-3.971697,0.063000,-0.651411,0.318490,-4.896309,1.061337
2025-06-06,0.378382,0.875060,1.591992,2.073809,2.135788,0.231102,0.055936,1.069278,6.253004,1.471371,1.488772,-0.004176,10.059229,12.206625,1.604590,1.551179,-0.186903,0.759431,-0.237814,10.792971,0.249547
2025-06-13,-0.462888,-0.253339,-0.379717,-0.764126,0.419503,0.181760,0.097642,-0.018692,12.043019,1.409760,-0.390572,-0.101659,12.008962,0.320349,-0.354078,-0.659564,-0.137560,-0.891600,-1.072329,18.717259,-0.026529
2025-06-20,-0.101444,-0.454891,-1.770325,-1.758189,-1.527051,0.292659,0.108079,-0.172216,0.794917,-2.006501,-0.152870,-0.107342,10.850898,9.490125,0.273620,0.394318,-0.249281,0.051725,0.628618,2.867387,-0.370359
2025-06-27,1.258069,1.933881,3.898790,4.519080,3.152727,-0.081325,0.013234,2.060035,-13.304138,-1.576752,3.381123,-0.094891,6.646721,11.307541,1.903071,-2.039511,0.127291,0.635351,-1.533201,-19.259434,-0.093380
2025-07-04,1.206884,1.529531,0.810303,0.560156,-1.527367,0.178071,0.148605,1.202559,3.218668,1.381334,1.707019,-0.128526,0.755805,4.111425,-0.178211,2.452384,-0.134176,-1.074852,-0.281288,4.305661,-0.957819
2025-07-11,0.594066,0.815399,1.937382,2.331581,0.930220,-0.168401,0.007171,0.755182,3.047526,-0.451433,-0.312622,-0.083910,4.095678,2.165701,-1.472638,4.176677,0.214905,-1.151881,0.908448,4.879369,0.307300
2025-07-18,0.280496,1.083615,1.196243,1.398212,2.802539,0.072540,0.080856,0.664795,-2.002069,0.446285,0.589973,0.032174,21.773252,32.934544,2.258494,0.699389,-0.028131,-0.228489,0.597863,-5.038905,-0.038387
2025-07-25,1.114995,1.676492,3.225978,2.331192,2.241261,-0.554344,-0.152827,2.117402,-2.382630,0.038602,1.448143,-0.110554,2.514892,-5.264521,-0.455600,-5.227765,0.603911,-0.240072,-0.805490,-1.810880,-0.011571
2025-08-01,-1.491385,-1.765726,-1.380839,-0.540296,-3.529857,0.232367,0.086553,-1.376611,2.800650,-0.852696,-2.386019,0.107756,12.855870,5.702352,-1.590210,0.079649,-0.189048,0.674932,1.038815,3.604189,0.907854
2025-08-08,1.264396,1.226460,1.759655,2.482367,1.422078,0.134539,0.097585,2.279190,-4.712297,2.191911,2.398697,-0.159577,-0.633441,-0.459773,-0.003779,1.821106,-0.090701,-0.257578,-0.429536,-6.230049,-0.141515
2025-08-15,1.554678,2.344700,3.802332,4.004238,1.640807,-0.472713,-0.049344,1.585435,-0.286901,-1.534950,0.940093,-0.015411,12.871213,24.635251,0.068315,-1.630109,0.521741,-0.116935,-0.428630,0.267645,-0.235874
2025-08-22,3.323669,4.094680,3.798067,3.390259,0.272954,-0.329074,-0.108272,2.795451,1.694320,-0.309838,0.264928,-0.070081,15.837255,16.053798,-0.308032,-2.030952,0.376867,0.739726,-0.125070,1.523639,-1.499431
2025-08-29,1.621001,2.676546,3.189108,1.023371,-1.037442,0.096529,0.056366,-2.613164,0.296912,1.504019,-0.102884,-0.408849,24.103914,26.305792,0.743690,1.155882,-0.052402,0.135957,0.126092,-0.306587,-1.020326
2025-09-05,-1.157600,-0.813533,-1.862633,-2.628934,1.348098,0.105770,0.071993,0.605018,-2.689263,3.808747,0.328240,0.047856,13.692075,-1.970437,0.187150,-2.081917,-0.061803,0.786784,-0.114529,-3.336619,0.295006
2025-09-12,0.890704,1.373232,3.325590,2.416408,3.745863,-0.410018,-0.051452,0.425480,1.825778,2.257312,1.573454,-0.063343,3.640538,2.468912,0.821366,0.230052,0.458532,-0.969025,-0.120704,2.497007,-0.078470
2025-09-19,-2.000497,-0.445007,0.315683,0.205965,0.592975,-0.011003,0.023596,-1.558254,-1.248794,-0.439698,1.208742,0.153362,-0.139881,-2.254397,-0.702110,0.314773,0.056000,1.681029,0.034926,-1.639498,0.012736
2025-09-26,1.069074,1.063407,0.979278,-0.547317,-1.582998,-0.231578,-0.108401,0.934040,4.108237,3.024030,-0.310489,0.033736,-1.867870,6.632265,1.248592,1.062160,0.278545,1.289827,0.552174,6.073044,-0.878500
2025-10-03,1.616243,1.972588,2.340293,2.369429,3.802736,0.022341,0.021359,1.544620,-6.700207,2.119747,1.079243,-0.136421,-2.451859,-2.225108,0.671504,-0.421076,0.003245,0.887615,-0.479493,-10.368460,-0.319611
2025-10-10,-0.472355,-0.515461,-0.191003,-0.544625,-3.184174,0.049728,0.077741,0.026197,-3.590738,3.058866,-2.461329,-0.009852,-3.447572,-5.498808,0.984607,0.428526,0.014295,-0.108978,1.118737,-4.311196,0.314377
2025-10-17,-0.238235,-2.247358,-5.303731,-4.734017,-4.048951,0.359973,0.117826,-2.375656,-1.215279,10.342866,1.687322,-0.139440,-4.193483,-9.029390,1.219730,1.146677,-0.318041,-1.193143,-0.270243,-2.700167,-0.432627
2025-10-24,2.595643,3.192648,3.397525,3.201392,3.552596,-0.127299,0.135320,1.462163,5.672359,-6.369871,1.897840,-0.029603,27.934981,16.477524,1.427076,-0.526014,0.173246,-1.905175,0.390993,8.493535,-1.029866
2025-10-31,-1.131242,-0.430388,0.993443,1.171659,-0.973757,0.535651,0.191073,0.781945,-0.525099,-1.739810,0.711716,-0.067697,-4.341898,-7.995556,-0.132735,-2.500473,-0.495348,0.540922,0.794377,-0.030496,1.028692
2025-11-07,0.885667,0.818223,-0.042190,0.467865,1.285501,-0.105774,0.070607,0.853739,-1.372020,-0.071615,-1.642015,-0.062096,3.539088,1.579055,-1.789281,-1.278018,0.151230,-1.697890,-0.183763,-0.069531,1.394062
2025-11-14,0.002633,-1.088545,-1.269628,-0.520071,1.252064,0.054765,0.043654,0.523223,0.921954,3.408245,0.078883,-0.015530,-5.716922,-11.889147,1.158616,-1.544264,-0.010689,1.061261,-0.264746,2.541156,0.508669
2025-11-21,-2.755181,-3.844055,-5.951449,-5.973498,-5.223722,-0.046777,0.040032,-1.798587,-2.807755,-2.793591,-1.966308,0.070572,0.256789,-3.465903,-0.850351,1.751151,0.091700,0.486929,0.870656,-4.350463,0.213704
2025-11-28,0.464538,1.627025,3.092756,3.701413,2.501633,-0.240434,-0.043076,-0.272412,-0.304415,2.869097,3.659322,-0.121414,10.328945,14.784513,3.401397,0.371100,0.286877,0.526593,-0.715062,1.223701,0.069658
2025-12-05,1.084861,1.270436,0.938312,0.112869,0.870905,-0.392152,-0.030917,0.077437,2.441078,0.743622,0.310653,-0.056522,4.289567,8.196945,3.240019,-0.925176,0.439849,0.242290,-0.459728,4.676655,-0.674961
2025-12-12,-0.245607,-0.078268,1.008615,0.386711,-0.416006,0.105784,0.051176,0.200711,-4.221926,0.996022,-0.627694,-0.157016,8.037922,12.552614,-1.153331,0.731648,-0.061770,1.401444,-0.589512,-4.283257,0.201034
2025-12-19,0.323238,-0.279194,-0.003346,-0.559645,-1.108101,0.083765,0.055471,0.476987,-1.813136,0.947427,0.103792,-0.124657,-1.785605,1.461235,2.201403,-1.828439,-0.039506,0.426925,0.315859,3.740883,0.055119
2025-12-26,1.357549,1.930854,3.955667,3.692659,0.498550,0.106682,0.076712,1.629301,0.348692,3.647333,1.386784,-0.272518,9.233216,2.501266,1.759111,-0.775026,-0.062713,-0.087700,-0.689621,-3.441402,0.361478
2026-01-02,-0.469934,-0.587920,0.090263,-0.134801,1.992266,-0.278361,0.017070,-0.273583,0.776030,-3.886419,-1.036677,-0.099541,-2.748758,-3.291857,2.532931,1.565635,0.312564,-0.765234,0.432890,0.043505,0.414420
2026-01-09,3.347958,2.747739,7.619993,6.793284,-0.405857,-0.194616,0.052352,4.353358,3.586234,2.915470,1.559698,-0.227894,-4.492878,-7.882502,3.271967,-2.124393,0.253902,-0.502195,0.685643,4.974605,-2.222484
2026-01-16,-1.756100,-0.570013,2.160859,1.265715,2.310606,0.221129,0.074205,1.069700,1.855108,2.534960,-0.377815,-0.071324,5.633884,-0.258987,-0.408092,-0.502872,-0.178172,0.805359,0.234049,4.463351,0.988465
2026-01-23,-1.556656,-0.622751,4.250718,2.850073,-0.356194,0.336674,0.096807,2.879007,1.913048,7.761953,-0.352204,-0.212847,-5.325718,-3.632754,1.814176,1.374121,-0.294750,-0.386453,-1.893446,1.064496,1.759758
2026-01-30,1.124952,0.081700,-2.590200,-2.581617,2.355631,0.030887,0.066187,-2.642628,6.493002,4.021516,0.338082,-0.359581,10.382088,9.095247,-0.451399,-0.484929,0.013325,-0.349729,-0.400883,10.188538,-1.360741
2026-02-06,-0.938225,-1.342151,-2.713836,-2.493453,-3.066802,0.179888,0.052599,0.046402,-2.508650,-6.335561,-0.097035,-0.126375,-18.384507,-14.172100,-0.722883,1.400109,-0.136895,0.878833,0.508409,-2.927177,0.307746
2026-02-13,-0.115750,0.361344,1.862783,1.885531,0.026992,0.142673,0.099106,1.079077,-0.544800,1.816232,-1.396402,-0.276283,-1.682564,0.561515,-0.767467,0.657258,-0.099688,-0.388948,-0.772362,-0.197494,0.375597
2026-02-27,0.167444,1.072276,4.233024,4.247577,0.818911,-0.155816,0.068668,-0.234473,2.727756,3.348408,-0.444288,-0.245264,0.563384,-1.721876,2.093537,2.675234,0.245573,-0.782517,-0.101849,5.264629,0.943076
2026-03-06,-1.549364,-1.071559,-3.503730,-3.712407,-3.334098,0.208699,0.094649,-2.093419,24.270242,-0.620442,-2.039296,-0.293665,2.127030,11.073700,-2.431821,-3.033907,-0.166154,0.901073,1.334200,28.286797,-0.736182
2026-03-13,-1.205326,0.186525,-1.452263,-0.419900,-1.138917,-0.342089,0.027333,-1.105281,10.729820,-0.686079,-1.612783,-0.026081,-0.636324,-2.002503,-1.080132,-0.493536,0.389262,0.438059,1.552424,13.740634,-0.310290
2026-03-20,-2.499223,-2.211445,-5.998879,-5.387794,-0.742097,-0.019134,0.075880,-3.205195,0.499281,-8.639855,-1.913646,-0.158080,12.142936,19.119426,-5.318503,1.788101,0.063858,0.444263,-0.993939,1.390332,-1.042436
2026-03-27,-1.627605,-1.421215,-0.289361,-0.478069,-1.295838,0.138285,0.073364,1.273465,1.784575,-3.981133,-2.137968,0.352075,-2.314152,-6.414591,2.122323,0.834328,-0.095152,-0.696144,0.665552,4.572148,0.859205
2026-04-03,-0.236761,-1.381626,-2.654282,-2.744586,0.657703,0.070814,0.105487,-1.589663,2.737608,3.380809,3.302456,-0.307091,1.414697,1.748115,2.061130,9.314011,-0.027247,-0.018152,0.019764,4.395708,-0.005572
2026-04-10,2.407819,4.314186,5.605416,5.944938,3.046732,0.274063,0.084278,2.770707,-14.749038,1.475985,3.495988,-0.399759,19.165648,13.766843,3.069585,3.851488,-0.232348,-1.398482,-1.502939,-18.952314,-1.033380
2026-04-17,0.388738,1.967042,3.025886,3.793051,1.025062,0.287224,0.049551,2.141778,-1.971352,0.538439,4.435513,-0.046621,14.701794,11.980120,2.398715,-0.366792,-0.245946,1.454682,-0.478144,-1.590132,1.233523
2026-04-24,1.167014,0.856965,0.409208,-0.039670,-0.699142,0.109923,0.067085,-0.342291,13.596297,-2.099649,0.546074,0.075749,4.142158,-9.192542,0.964815,1.296365,-0.067259,0.495243,0.302711,15.544767,-0.105940
2026-05-01,1.364560,0.792306,1.224693,0.932584,-0.778833,-0.063167,0.033367,0.396911,3.087469,-1.562349,0.903641,-0.067006,-3.262988,-2.159887,-1.973955,0.773979,0.100945,0.148293,-0.322768,4.572452,-1.729391
2026-05-08,0.603736,1.334948,4.045016,4.196167,2.366134,-0.078087,0.017668,1.459412,-8.551399,2.151626,2.307976,-0.183767,3.269577,4.804816,3.066596,-6.167892,0.128510,0.771914,-0.367953,-9.813530,1.072175
2026-05-15,-1.542727,-0.253188,-1.831993,-0.671464,-1.646368,0.076112,0.076603,-2.880613,8.798347,-3.313727,0.129259,-0.127084,16.970468,10.059088,-0.193022,-1.383912,-0.033343,0.755922,1.439081,9.664719,-0.381270
2026-05-22,-1.158893,-0.298765,0.474437,0.115243,-1.383418,0.182104,0.086014,0.123824,-4.885868,-1.105271,0.873143,-0.061409,-1.138984,-0.539111,0.369429,5.640090,-0.140209,-0.775386,0.068781,-8.357736,0.431639
2026-05-29,-0.083619,0.965904,-2.567148,-3.320849,-1.668293,0.307291,0.107266,-1.189898,-12.619966,-0.397430,1.416170,-0.288541,11.214299,15.210261,-0.189493,1.596816,-0.266272,1.006244,-0.412790,-16.262621,-2.166524
2026-06-05,-1.908321,-1.549131,-1.305429,-0.809244,-0.879228,0.061818,0.090810,-0.278079,0.963889,-1.566686,-2.624083,-0.027873,1.608646,5.715056,-1.254277,-2.940421,-0.019334,-1.331608,1.158479,2.389785,0.904725
2026-06-12,0.866184,-0.825485,-1.772189,-1.670324,-0.981690,-0.193438,-0.084149,0.267352,-6.662447,-6.620860,0.644205,-0.070450,-2.661396,-5.218745,1.037175,3.076183,0.237651,0.163289,-0.275062,-7.359710,-0.053748
2026-06-19,1.304248,3.380904,6.759555,6.697816,-3.261977,0.204779,0.063985,0.849792,-8.308112,2.848407,0.925801,0.030828,17.437009,13.813123,0.296425,-1.848280,-0.169467,0.993519,0.946474,-9.764135,0.463833
2026-06-26,-0.747264,-1.496041,0.350762,-1.952775,-5.379149,0.087320,0.051899,-2.077557,-8.188049,-6.004241,-1.973325,0.052826,-8.701137,-2.698251,-0.871241,-5.655354,-0.038912,0.401468,0.597401,-11.039281,0.672488
2026-07-03,0.833809,-0.536474,0.477918,0.225071,2.947376,-0.107518,0.016926,1.933947,-2.281258,3.131699,1.741875,-0.174726,-11.649985,-7.329286,0.218849,0.690013,0.151036,0.424369,-0.476287,-3.632720,-7.055796
2026-07-10,0.823426,-1.275862,-2.797875,-5.024880,3.472574,0.199362,0.056229,-1.262955,4.458472,-1.487863,1.223898,-0.085272,-1.992844,-0.562415,1.451666,-0.944749,-0.158200,-0.157664,0.085218,6.619789,-0.858693
2026-07-17,-4.422113,-5.408291,-12.379681,-13.430166,1.588630,0.038314,0.040352,-1.544889,15.986984,-2.734329,-1.565912,-0.080928,-11.057630,-7.990889,0.176536,-2.447152,0.003852,-0.262931,-0.197499,18.137045,-0.564391
2026-07-24,4.450040,2.617117,0.251726,-2.433142,1.619364,0.259249,0.038803,0.387601,5.037513,0.850196,-0.614810,0.007360,6.621470,-1.430831,0.723475,-2.904987,-0.218780,-0.037106,0.695263,5.667179,-2.247038
2026-07-31,-1.135461,-1.320628,-0.515292,1.134434,3.623769,0.193160,0.028415,0.984227,-1.936316,0.804761,1.043380,-0.066258,-14.859050,-18.402039,1.430849,-0.410291,-0.152315,0.605416,-1.669409,-2.479247,1.937825
2026-08-07,1.273327,2.289099,6.285331,8.191912,-0.839538,0.129958,0.047261,1.215220,-9.995628,5.311759,3.514675,0.014728,1.960675,6.107459,0.971300,1.382820,-0.088917,0.392210,-0.185872,-12.865621,0.530155
2026-08-14,-1.507586,-0.610137,0.127776,1.168890,-2.170731,0.177301,0.059801,-2.463889,7.526915,0.680883,0.361826,-0.038297,2.483392,6.245773,0.716900,5.619896,-0.136711,-0.126238,0.039651,6.858920,0.531190
2026-08-21,0.999183,1.599206,2.402754,2.523454,1.330371,0.030432,0.021273,1.042466,2.534596,1.322904,-0.524120,-0.007366,4.671762,0.917488,0.529107,2.235693,-0.012711,0.263755,-0.059131,4.201047,-0.325134
