week,增长因子,通胀因子,利率因子,信用因子,汇率因子,地缘因子
2021-01-01,14.797590,-15.656496,-118.096300,1.019434,89.940002,
2021-01-08,,-13.383757,-118.147200,0.986119,90.065100,61.765478
2021-01-15,,,-118.143600,0.981210,90.790000,58.273513
2021-01-22,,,-118.320900,0.993733,90.211200,58.738157
2021-01-29,,,-117.904600,0.981416,90.538200,57.917823
2021-02-05,,,-117.679300,0.966620,90.992100,69.260381
2021-02-12,,,-117.659700,0.973862,90.444300,76.186671
2021-02-19,,,-117.567100,0.970136,90.339800,76.740082
2021-02-26,,,-117.433800,0.976976,90.939900,82.001121
2021-03-05,,,-117.675400,0.972109,91.997000,95.029358
2021-03-12,,,-117.672300,0.968899,91.667600,93.935900
2021-03-19,,,-117.836700,0.973653,91.949300,80.969591
2021-03-26,,,-118.043700,0.978434,92.725200,80.826292
2021-04-02,,,-118.066100,0.983677,92.997700,81.738455
2021-04-09,,-12.700247,-118.011600,0.985252,92.176600,76.925238
2021-04-16,16.476393,-15.232303,-118.453800,0.995314,91.536300,86.813656
2021-04-23,23.241457,-17.173304,-118.576500,0.998318,90.829500,84.351120
2021-04-30,31.114055,-17.851882,-118.553100,0.992907,91.298500,84.955110
2021-05-07,34.518721,-18.668355,-118.638500,0.992583,90.239500,88.694871
2021-05-14,32.153362,-18.900736,-118.784300,0.986170,90.309400,90.414398
2021-05-21,27.863256,-20.809656,-119.141100,0.998776,90.043200,85.562239
2021-05-28,31.634584,-20.095609,-119.042700,0.983288,90.054700,91.286418
2021-06-04,30.596809,-21.138212,-118.866900,0.981681,90.139300,98.673878
2021-06-11,29.765222,-11.688483,-118.532600,0.975107,90.509300,100.849235
2021-06-18,26.494632,-13.909032,-118.423800,0.974666,92.321700,102.439254
2021-06-25,39.098004,-9.849759,-118.745300,0.990033,91.805700,107.921428
2021-07-02,37.674285,-5.963585,-118.725600,0.988712,92.245200,109.285265
2021-07-09,40.643633,15.833774,-119.353900,0.995166,92.101200,108.977076
2021-07-16,37.475721,21.669524,-119.798700,0.992807,92.714300,103.359201
2021-07-23,36.588281,23.949506,-120.125600,1.003456,92.908400,106.150796
2021-07-30,36.531009,31.359487,-120.540100,1.011576,92.103200,108.840251
2021-08-06,32.438123,25.295160,-120.798800,1.006781,92.782400,96.187488
2021-08-13,34.489716,20.307597,-120.306800,0.991530,92.522600,96.094852
2021-08-20,31.039087,29.844274,-120.571200,1.001912,93.457100,81.442670
2021-08-27,31.466640,37.508983,-120.422600,1.000330,92.700700,98.393064
2021-09-03,32.866279,27.337450,-120.669300,1.009827,92.133100,100.541364
2021-09-10,31.775774,19.462096,-120.431200,1.003717,92.639800,102.101481
2021-09-17,24.155429,10.455815,-120.345100,1.002823,93.256300,108.824761
2021-09-24,24.918173,14.093257,-120.466300,1.008443,93.271000,112.928925
2021-10-01,20.718025,14.063829,-120.444800,1.016461,94.074700,118.435721
2021-10-08,23.656855,9.101918,-120.271300,1.006917,94.102700,126.463260
2021-10-15,29.006717,13.013288,-119.709400,0.996049,93.965700,131.857790
2021-10-22,24.228552,13.268907,-119.609500,0.987258,93.611600,134.549059
2021-10-29,21.868380,14.333642,-119.767000,0.980373,94.140800,129.013067
2021-11-05,17.222150,15.090800,-120.416700,0.994705,94.224100,126.574223
2021-11-12,18.361610,13.920994,-120.204300,0.989262,95.116600,124.832400
2021-11-19,19.511251,15.199644,-120.305400,0.992728,96.067200,115.921910
2021-11-26,21.331168,14.228325,-120.711600,1.007005,96.064000,98.396010
2021-12-03,22.460094,15.292767,-120.387800,0.991735,96.171500,93.889842
2021-12-10,18.551487,13.180852,-120.572400,0.998212,96.049600,107.276311
2021-12-17,18.405352,10.795018,-120.581600,1.015939,96.675600,101.529122
2021-12-24,18.830280,9.602669,-120.748600,1.022984,96.132700,108.341386
2021-12-31,19.790672,8.480170,-121.116600,1.037785,95.970100,114.276351
2022-01-07,20.277641,12.560772,-120.884100,1.021387,95.738800,124.514807
2022-01-14,18.851607,10.092744,-121.166600,1.027552,95.160600,136.904183
2022-01-21,22.165048,7.190984,-121.869000,1.054079,95.631700,140.480566
2022-01-28,22.396543,3.136478,-121.902000,1.048280,97.213500,142.261121
2022-02-04,,5.981920,,,95.468300,151.038979
2022-02-11,20.475044,6.773812,-121.353700,1.025396,96.030900,157.580259
2022-02-18,19.892638,6.676510,-121.318800,1.033003,96.102400,154.298157
2022-02-25,17.490755,9.425790,-121.152200,1.017715,96.543300,156.769934
2022-03-04,25.276196,6.704673,-120.859000,1.002999,98.511300,216.600626
2022-03-11,19.824055,7.966361,-121.005800,1.043150,99.126300,201.051569
2022-03-18,21.705059,6.513251,-120.951700,1.046503,98.228200,184.415218
2022-03-25,19.696872,3.234776,-120.876400,1.041201,98.810300,213.747095
2022-04-01,15.469059,11.452812,-121.057600,1.044771,98.570900,182.444065
2022-04-08,13.580875,10.550990,-121.318100,1.044715,99.843000,176.466539
2022-04-15,14.293989,12.482982,-121.330700,1.038906,100.520100,200.385148
2022-04-22,10.939935,18.244601,-121.160100,1.023353,101.123300,186.084670
2022-04-29,5.498880,15.427438,-121.136100,1.011198,103.217300,187.339452
2022-05-06,4.829834,15.510714,-121.144900,1.007810,103.661700,205.729371
2022-05-13,1.251107,16.993999,-121.299700,1.003286,104.450900,201.361409
2022-05-20,2.941329,13.812431,-121.406900,0.993690,103.033400,205.030226
2022-05-27,3.851173,16.356293,-121.898700,1.000873,101.642900,211.571801
2022-06-03,1.686565,18.895940,-121.504400,0.986084,102.170400,225.837205
2022-06-10,-2.902432,18.600260,-121.496500,0.990448,104.192600,227.983683
2022-06-17,-5.544699,20.485886,-121.460100,0.985410,104.668200,207.514454
2022-06-24,-7.337645,20.795774,-121.317600,0.974782,104.130300,195.832410
2022-07-01,-11.396332,22.092320,-121.165400,0.974416,105.116000,202.096526
2022-07-08,-13.901709,25.540542,-120.964800,0.960437,106.895100,190.925138
2022-07-15,-17.537034,21.644978,-121.404400,0.968367,107.981700,175.333008
2022-07-22,-12.547111,17.142757,-121.558600,0.961147,106.551800,169.103251
2022-07-29,-7.638509,13.886468,-121.819800,0.964282,105.836100,182.809142
2022-08-05,-8.849584,11.993057,-122.108800,0.975842,106.571400,158.827497
2022-08-12,-5.265605,15.384939,-122.003300,0.963652,105.678800,167.246503
2022-08-19,-5.919702,14.738147,-122.983200,0.987570,108.110200,162.436511
2022-08-26,-8.840215,16.711176,-122.675600,0.977588,108.856400,169.233680
2022-09-02,-13.011683,14.941681,-123.056300,0.998913,109.612100,154.605090
2022-09-09,-10.055167,15.706223,-123.038800,0.993497,108.965500,151.573428
2022-09-16,-10.567868,16.939194,-122.822700,0.979964,109.659700,149.151717
2022-09-23,-13.131258,15.315104,-122.853800,0.994006,113.032400,133.998074
2022-09-30,-16.228424,10.646929,-122.168400,0.981372,112.151100,134.792258
2022-10-07,,3.747647,,,112.756200,167.908870
2022-10-14,-14.691007,4.003483,-122.633600,0.998388,113.309500,150.137421
2022-10-21,-13.463178,1.066749,-122.550100,0.992836,111.850500,155.321159
2022-10-28,-13.144639,0.626045,-122.842700,1.004069,110.676300,157.009474
2022-11-04,-6.595928,4.376581,-122.690300,0.995005,110.783900,168.098793
2022-11-11,-8.167329,-0.643698,-122.371600,0.988306,106.408300,160.954431
2022-11-18,-9.750920,0.789438,-121.554300,1.036972,106.967800,140.134590
2022-11-25,-7.796589,-4.895497,-121.666100,1.052533,106.072400,130.501023
2022-12-02,-3.693487,-3.214320,-121.241100,1.066926,104.509800,134.745533
2022-12-09,-3.813158,-3.919292,-121.008100,1.123594,104.925700,112.870331
2022-12-16,-8.213245,-5.976579,-121.051400,1.166008,104.846600,119.190282
2022-12-23,-6.262024,-7.183554,-121.461100,1.192003,104.323500,132.294231
2022-12-30,-7.775739,-6.085031,-121.526700,1.186420,103.489500,136.334436
2023-01-06,-5.484851,-12.336053,-121.560000,1.152256,103.909100,117.396571
2023-01-13,1.876462,-7.717231,-121.295100,1.139741,102.168200,135.898856
2023-01-20,1.459896,-5.736191,-121.116500,1.136555,101.996600,141.620802
2023-01-27,,-1.819612,,,101.922000,137.945310
2023-02-03,-2.761524,-7.262115,-121.157000,1.134501,102.995900,121.841911
2023-02-10,-2.793596,-6.571283,-121.153900,1.115516,103.575700,138.440159
2023-02-17,-0.648142,-2.633218,-121.175100,1.089602,103.881200,129.828408
2023-02-24,-4.880262,-4.619936,-121.027900,1.066657,105.261800,129.341971
2023-03-03,-3.304723,-7.123344,-120.978200,1.048490,104.528800,137.632469
2023-03-10,-5.435813,-5.413028,-121.261700,1.049295,104.650200,129.002174
2023-03-17,-6.553045,-6.993577,-121.439800,1.034430,103.863700,103.663576
2023-03-24,-5.162736,-5.125385,-121.397500,1.024097,103.106000,109.567111
2023-03-31,-7.555961,-14.680288,-121.449000,1.023445,102.597000,123.099213
2023-04-07,-6.220023,-14.976801,-121.430300,1.010483,102.105300,135.547694
2023-04-14,-6.329155,-18.662409,-121.657300,1.006655,101.577500,139.237793
2023-04-21,-9.180930,-22.883237,-121.746800,0.996112,101.720100,126.789419
2023-04-28,-11.533989,-17.943335,-122.052200,1.006105,101.664500,123.203710
2023-05-05,-11.065725,-15.465042,-122.341400,1.009304,101.290400,110.938453
2023-05-12,-15.022006,-16.904774,-122.540300,1.012476,102.704000,107.969804
2023-05-19,-15.444011,-15.441136,-122.429700,1.005044,103.192100,112.694037
2023-05-26,-12.304309,-18.494802,-122.508500,1.011354,104.213400,117.298903
2023-06-02,-5.100514,-23.635885,-122.635700,1.024981,104.046000,115.375778
2023-06-09,-3.287016,-24.139001,-122.832400,1.032963,103.556200,112.350573
2023-06-16,-1.934580,-26.204469,-122.793200,1.026907,102.315300,115.714845
2023-06-23,-1.775717,-27.193324,-122.784100,1.035871,102.881700,110.762283
2023-06-30,-7.163840,-32.897912,-123.020300,1.052194,103.378800,112.499447
2023-07-07,-4.543286,-38.502900,-123.110200,1.050675,102.225430,121.064054
2023-07-14,0.684387,-36.118607,-123.175100,1.036397,99.963300,124.322340
2023-07-21,2.869514,-36.317266,-123.503900,1.038561,101.085700,127.252079
2023-07-28,9.869147,-34.274141,-123.357000,1.034041,101.713000,135.750029
2023-08-04,12.648963,-28.617225,-123.444500,1.039192,102.003700,140.963544
2023-08-11,12.795262,-24.117482,-123.475600,1.027673,102.877000,142.441686
2023-08-18,11.425197,-23.596818,-123.945300,1.033391,103.443300,137.478270
2023-08-25,7.953033,-24.850807,-124.108100,1.018335,104.193900,136.083329
2023-09-01,8.389920,-19.594696,-123.808500,1.012705,104.275500,147.924984
2023-09-08,3.552133,-16.618428,-123.173900,1.024459,105.065000,151.770723
2023-09-15,6.360505,-16.521381,-123.219900,1.035631,105.335900,161.738396
2023-09-22,3.862627,-18.630142,-123.001100,1.022835,105.609800,157.434083
2023-09-29,6.756127,-14.589075,-122.907500,1.021497,106.191900,156.407313
2023-10-06,,-6.286065,,,106.107100,136.737470
2023-10-13,5.562845,-8.350443,-122.815600,1.004827,106.676700,153.022668
2023-10-20,4.917549,-8.706372,-122.614900,0.987948,106.155400,157.339641
2023-10-27,7.654427,-10.571381,-122.662900,1.008773,106.579000,149.085106
2023-11-03,10.260456,-21.361641,-122.936300,1.005870,105.054100,139.344119
2023-11-10,8.850720,-12.639396,-123.048600,0.986644,105.810200,130.675813
2023-11-17,14.397890,-14.736552,-123.165100,0.977536,103.821800,128.132991
2023-11-24,11.461275,-11.003887,-122.856500,0.957139,103.435900,126.991397
2023-12-01,14.576395,-16.086032,-122.933000,0.956633,103.195200,124.711776
2023-12-08,6.810460,-14.450295,-122.935300,0.960012,103.998000,114.766190
2023-12-15,5.939435,-11.451294,-123.369000,0.974825,102.593600,117.748019
2023-12-22,7.357065,-8.053908,-123.738200,0.964321,101.703100,124.226231
2023-12-29,7.636799,-8.812388,-123.999700,0.962947,101.377800,119.643545
2024-01-05,2.310390,-6.657508,-124.150600,0.945954,102.439500,124.359490
2024-01-12,1.761626,-4.709957,-124.194100,0.924359,102.440300,122.398982
2024-01-19,5.418721,-3.363720,-124.415100,0.925261,103.231700,123.335054
2024-01-26,6.893002,-4.458827,-124.726900,0.927764,103.474400,133.966722
2024-02-02,8.562816,1.871538,-125.363700,0.922182,103.965500,121.059162
2024-02-09,-0.525982,0.986672,-125.256400,0.914291,104.073600,131.675821
2024-02-16,,-0.100651,,,104.276600,136.069305
2024-02-23,-0.543906,-0.199369,-125.678100,0.925039,103.973800,129.160257
2024-03-01,-1.788974,-1.018842,-125.962800,0.907239,103.884900,136.206712
2024-03-08,1.578329,-4.281884,-126.378700,0.918057,102.742000,132.668433
2024-03-15,7.707884,0.020569,-125.826800,0.903078,103.453100,140.948907
2024-03-22,3.703054,-2.041152,-126.017700,0.914198,104.433200,139.876227
2024-03-29,7.153546,-2.085501,-126.178100,0.918318,104.507000,145.177819
2024-04-05,7.810480,-2.436280,-126.243300,0.915822,104.296800,155.250881
2024-04-12,11.732486,5.205921,-126.381700,0.918453,106.022800,153.354106
2024-04-19,18.429038,4.610347,-126.811800,0.906195,106.114900,146.333693
2024-04-26,16.238207,1.952160,-126.383100,0.894503,106.090200,147.713036
2024-05-03,16.013555,1.299694,-126.279400,0.894430,105.085100,134.626011
2024-05-10,16.484865,-0.434541,-126.193100,0.886170,105.327700,136.220658
2024-05-17,23.179252,-0.184978,-126.235700,0.887127,104.493200,139.457245
2024-05-24,20.046807,0.577424,-126.451800,0.880927,104.742100,134.294889
2024-05-31,20.181967,0.993648,-126.523900,0.876479,104.631800,134.408969
2024-06-07,17.372599,1.055240,-126.781900,0.877462,104.939500,130.301044
2024-06-14,18.476405,4.093900,-127.027900,0.871812,105.526700,140.496388
2024-06-21,18.065189,-0.569509,-127.198700,0.878484,105.825100,144.181206
2024-06-28,21.483647,1.901387,-127.693500,0.899723,105.842700,144.886755
2024-07-05,20.864433,4.725396,-127.337900,0.892681,104.868900,149.664527
2024-07-12,19.403556,7.177398,-127.449000,0.889829,104.099700,146.464300
2024-07-19,13.310534,10.813704,-127.507800,0.887899,104.365400,139.816508
2024-07-26,12.933590,10.041571,-128.127500,0.898970,104.323300,132.186957
2024-08-02,12.453225,7.836881,-128.767900,0.902844,103.229500,126.530877
2024-08-09,10.863874,6.273875,-128.408700,0.894330,103.151800,131.749664
2024-08-16,12.245521,7.851737,-128.247200,0.890487,102.404000,131.074560
2024-08-23,12.040238,3.080554,-128.560900,0.914883,100.682400,128.413968
2024-08-30,9.644769,-0.927534,-128.405700,0.935095,101.732000,124.854827
2024-09-06,10.790974,-1.272925,-129.019700,0.946226,101.183000,111.238803
2024-09-13,14.611988,-0.135507,-129.713000,0.971093,101.111000,111.894154
2024-09-20,17.565681,-1.242605,-130.018900,0.973919,100.733500,117.941608
2024-09-27,20.769189,-3.775418,-128.624300,0.982502,100.419900,112.374319
2024-10-04,19.916253,-9.420347,-128.389400,1.022596,102.493000,129.224867
2024-10-11,19.839824,-12.034645,-128.811000,1.072060,102.925400,129.931935
2024-10-18,19.685476,-10.984967,-128.905500,1.009400,103.461500,116.136136
2024-10-25,18.086934,-10.503087,-128.406600,1.020186,104.315300,123.423573
2024-11-01,18.445621,-4.599784,-128.696800,1.047551,104.322800,115.999419
2024-11-08,14.618668,-9.618927,-129.059000,1.043697,104.952100,118.414346
2024-11-15,13.828302,-12.671464,-129.167700,1.033863,106.684200,111.867275
2024-11-22,12.841128,-9.464790,-129.219600,1.022310,107.491100,123.126214
2024-11-29,9.824581,-11.035201,-129.695900,1.014584,105.776100,115.636279
2024-12-06,7.687644,-8.318956,-130.218400,1.004728,105.970200,112.799378
2024-12-13,9.173011,-9.243073,-131.686300,1.045514,106.942800,121.240169
2024-12-20,5.297319,-4.431871,-132.175200,1.074828,107.840800,118.326718
2024-12-27,5.988780,-3.874148,-132.157200,1.080783,108.015100,121.322718
2025-01-03,3.108815,-2.035992,-133.008000,1.064119,108.921200,129.486338
2025-01-10,6.372247,-1.650923,-132.524800,1.029233,109.656700,136.361453
2025-01-17,6.961633,-4.446150,-132.468300,1.049440,109.379200,137.179096
2025-01-24,6.168059,-3.990968,-132.390400,1.050009,107.480400,131.390718
2025-01-31,4.401473,-5.357550,-132.677100,1.056277,108.516000,128.228425
2025-02-07,7.893738,-7.002677,-133.073600,1.058823,108.100100,123.421580
2025-02-14,9.685204,-7.646795,-132.622800,1.030872,106.803700,123.979643
2025-02-21,11.108243,-8.914832,-131.556700,1.022875,106.650100,121.143060
2025-02-28,9.366454,-7.799528,-131.294400,1.029261,107.564400,119.629946
2025-03-07,8.900456,-9.049012,-130.676100,1.037299,103.894500,113.489251
2025-03-14,10.098197,-11.958312,-130.156500,1.045613,103.736300,114.529999
2025-03-21,11.165710,-11.054331,-129.948300,1.026913,104.154000,117.494787
2025-03-28,9.680424,-12.632194,-130.343500,1.008368,104.033600,120.290839
2025-04-04,5.858446,-13.446114,-131.340500,1.020850,102.918900,103.711656
2025-04-11,3.595762,-13.300302,-131.938600,1.029396,99.769000,101.558658
2025-04-18,-0.742039,-13.090086,-131.781300,1.022399,99.228600,111.163207
2025-04-25,1.356070,-11.943381,-131.675500,1.026701,99.583600,105.744170
2025-05-02,0.671206,-18.066053,-132.060300,1.035601,100.042400,93.729144
2025-05-09,2.422735,-19.892474,-132.059500,1.040709,100.421800,100.432252
2025-05-16,-1.644944,-14.789227,-131.477600,1.008666,100.982800,105.218606
2025-05-23,-3.693298,-16.835945,-131.471300,0.998854,99.123100,105.306753
2025-05-30,-5.433973,-18.887017,-131.388500,0.992333,99.439300,100.274804
2025-06-06,-5.539818,-16.416503,-131.634300,0.999870,99.203100,111.703067
2025-06-13,-8.292837,-19.257183,-131.815500,0.990979,98.145000,134.695511
2025-06-20,-13.825456,-15.645085,-132.144500,0.991486,98.763900,138.613659
2025-06-27,-9.619628,-17.754133,-131.976400,0.997794,97.261200,114.330833
2025-07-04,-4.680643,-16.371994,-132.153600,0.987105,96.988000,119.361046
2025-07-11,-5.656291,-14.542402,-131.869900,0.975783,97.873100,125.329540
2025-07-18,0.001134,-14.794164,-131.907000,0.973531,98.460000,119.170774
2025-07-25,0.619588,-20.305177,-131.112800,0.971186,97.670100,117.032157
2025-08-01,-4.273849,-21.327113,-131.360900,0.977722,98.690000,121.327152
2025-08-08,-3.835151,-20.010726,-131.480100,0.975163,98.267000,113.999053
2025-08-15,-0.580530,-21.989995,-130.795900,0.974012,97.846700,114.304575
2025-08-22,0.181565,-22.078325,-130.303900,0.981201,97.724400,116.059500
2025-08-29,0.086230,-19.040386,-130.372200,0.982513,97.847700,115.704222
2025-09-05,4.136992,-21.778860,-130.452800,0.990204,97.735700,111.907309
2025-09-12,4.213299,-20.463144,-129.856000,0.980608,97.617800,114.736822
2025-09-19,0.698667,-19.053895,-129.783300,0.997170,97.651900,112.871050
2025-09-26,1.358111,-17.080641,-129.422300,1.010089,98.192600,119.938181
2025-10-03,2.593442,-13.603657,-129.418100,1.019074,97.722900,108.125420
2025-10-10,5.620735,-12.341132,-129.399600,1.017964,98.822300,103.562976
2025-10-17,4.714215,-11.354410,-129.811800,1.005863,98.555600,100.804019
2025-10-24,1.213579,-10.564680,-129.587100,0.986842,98.941700,109.739961
2025-10-31,0.067936,-14.976813,-130.230600,0.992170,99.730800,109.706500
2025-11-07,0.951536,-13.945188,-130.033800,0.975429,99.547700,109.630246
2025-11-14,0.896164,-13.143312,-130.047700,0.985820,99.284500,112.451820
2025-11-21,1.858998,-13.399747,-129.928500,0.990621,100.152700,107.664535
2025-11-28,6.300423,-9.291889,-129.556300,0.995842,99.439100,108.990121
2025-12-05,14.949917,-12.179864,-128.987700,0.998251,98.983000,114.208280
2025-12-12,13.738167,-9.559003,-129.067400,1.012310,98.401200,109.419731
2025-12-19,18.246672,-15.573018,-129.118400,1.016615,98.712500,113.590521
2025-12-26,20.126219,-16.441369,-129.199400,1.015723,98.034100,109.747914
2026-01-02,22.590266,-13.516203,-128.796200,1.007965,98.459400,109.795670
2026-01-09,25.451313,-16.178000,-128.469600,1.002862,99.136800,115.395706
2026-01-16,24.881280,-16.394839,-128.698700,1.010961,99.369100,120.662893
2026-01-23,27.288840,-15.870034,-129.078600,1.007057,97.505300,121.954205
2026-01-30,28.751355,-18.045931,-129.061400,1.003527,97.115200,135.034593
2026-02-06,27.124347,-16.260669,-129.238200,1.012372,97.610200,131.139183
2026-02-13,24.190188,-15.589146,-129.367100,1.008435,96.859200,130.880447
2026-02-20,,-12.703176,,,97.743800,140.464033
2026-02-27,25.453222,-8.865259,-129.049800,1.000564,97.644300,148.057062
2026-03-06,20.721206,-11.466235,-129.264400,1.009593,98.955800,196.461351
2026-03-13,20.007808,-10.947932,-128.762200,1.014001,100.504000,225.398978
2026-03-20,13.253229,-8.694032,-128.680000,1.018511,99.510000,228.554658
2026-03-27,16.113031,-7.533304,-128.802500,1.011439,100.174500,239.247090
2026-04-03,16.381112,4.143741,-128.837600,1.011222,100.194300,249.998257
2026-04-10,18.245551,5.901483,-129.137300,0.997140,98.699700,206.836950
2026-04-17,19.389147,4.888164,-129.455300,1.011722,98.228900,203.573981
2026-04-24,20.865247,5.706802,-129.542400,1.016738,98.526700,237.811216
2026-05-01,20.950027,10.792839,-129.411700,1.018222,98.209200,248.937453
2026-05-08,32.305236,6.580387,-129.245500,1.026088,97.848500,225.668334
2026-05-15,27.521013,1.717697,-129.288600,1.033861,99.266800,248.567282
2026-05-22,26.193578,8.957869,-129.470000,1.025855,99.335100,228.637138
2026-05-29,25.552361,14.526382,-129.815200,1.036189,98.925900,194.320719
2026-06-05,24.072688,10.034783,-129.840300,1.022460,100.078600,199.020500
2026-06-12,25.739950,13.770530,-129.532100,1.024125,99.803700,184.899185
2026-06-19,25.637708,11.527932,-129.751800,1.034328,100.752800,167.698778
2026-06-26,25.618514,7.912089,-129.802300,1.038481,101.356500,150.171289
2026-07-03,24.232772,6.149717,-129.606400,1.042883,100.874900,144.813885
2026-07-10,26.038516,1.028291,-129.811600,1.041229,100.960900,154.724677
2026-07-17,25.941432,-2.118249,-129.806600,1.038490,100.761700,185.493104
2026-07-24,24.761836,0.204528,-130.090900,1.038101,101.464700,196.308912
2026-07-31,26.944526,-0.285412,-130.289200,1.044395,99.784900,191.501765
2026-08-07,28.765240,-0.723698,-130.405100,1.048498,99.599600,168.382945
2026-08-14,26.527564,6.526306,-130.583500,1.047171,99.639100,180.337486
2026-08-21,26.995704,10.792951,-130.600100,1.049933,99.580200,188.074938
