date,沪金,布伦特原油
2018-01-02,279.400000,66.550000
2018-01-03,280.350000,67.920000
2018-01-04,279.000000,67.980000
2018-01-05,279.850000,67.790000
2018-01-08,280.200000,67.920000
2018-01-09,280.550000,69.160000
2018-01-10,279.950000,69.100000
2018-01-11,280.850000,69.110000
2018-01-12,281.550000,69.810000
2018-01-15,282.050000,70.220000
2018-01-16,281.850000,69.320000
2018-01-17,280.800000,69.450000
2018-01-18,279.250000,69.140000
2018-01-19,278.350000,68.650000
2018-01-22,278.500000,69.230000
2018-01-23,279.400000,69.840000
2018-01-24,280.700000,70.750000
2018-01-25,281.750000,70.040000
2018-01-26,279.950000,69.940000
2018-01-29,278.700000,69.160000
2018-01-30,276.350000,68.110000
2018-01-31,276.600000,68.880000
2018-02-01,276.050000,69.780000
2018-02-02,276.400000,68.230000
2018-02-05,274.000000,66.920000
2018-02-06,276.000000,67.220000
2018-02-07,272.300000,65.350000
2018-02-08,271.700000,64.310000
2018-02-09,273.050000,62.710000
2018-02-12,272.900000,62.660000
2018-02-13,274.250000,62.600000
2018-02-14,276.100000,64.350000
2018-02-15,276.100000,64.530000
2018-02-16,276.100000,64.900000
2018-02-19,276.100000,65.620000
2018-02-20,276.100000,65.110000
2018-02-21,276.100000,65.060000
2018-02-22,273.650000,66.180000
2018-02-23,274.600000,67.100000
2018-02-26,275.850000,67.530000
2018-02-27,274.400000,66.330000
2018-02-28,272.050000,64.750000
2018-03-01,271.700000,64.200000
2018-03-02,272.700000,64.560000
2018-03-05,273.650000,65.560000
2018-03-06,273.300000,65.530000
2018-03-07,274.500000,64.570000
2018-03-08,274.000000,63.870000
2018-03-09,272.550000,65.490000
2018-03-12,272.500000,64.950000
2018-03-13,272.300000,64.730000
2018-03-14,272.750000,64.900000
2018-03-15,272.500000,65.010000
2018-03-16,271.350000,65.990000
2018-03-19,270.050000,66.100000
2018-03-20,271.200000,67.590000
2018-03-21,271.150000,69.820000
2018-03-22,273.500000,68.300000
2018-03-23,276.500000,69.750000
2018-03-26,276.150000,69.520000
2018-03-27,275.800000,68.890000
2018-03-28,274.200000,69.000000
2018-03-29,271.050000,69.350000
2018-03-30,271.550000,69.350000
2018-04-02,271.750000,67.690000
2018-04-03,273.750000,68.190000
2018-04-04,273.400000,68.230000
2018-04-05,273.400000,68.500000
2018-04-06,273.400000,67.440000
2018-04-09,272.550000,68.550000
2018-04-10,272.700000,71.150000
2018-04-11,274.300000,72.000000
2018-04-12,275.200000,72.080000
2018-04-13,273.150000,72.500000
2018-04-16,274.250000,72.010000
2018-04-17,274.650000,71.440000
2018-04-18,274.500000,73.200000
2018-04-19,275.200000,73.580000
2018-04-20,273.850000,73.710000
2018-04-23,272.550000,75.030000
2018-04-24,271.850000,73.880000
2018-04-25,271.600000,74.060000
2018-04-26,271.900000,74.740000
2018-04-27,271.150000,74.420000
2018-04-30,271.150000,74.670000
2018-05-01,271.150000,73.380000
2018-05-02,270.400000,73.060000
2018-05-03,274.150000,73.720000
2018-05-04,274.300000,74.960000
2018-05-07,275.150000,75.530000
2018-05-08,274.950000,75.950000
2018-05-09,274.600000,77.350000
2018-05-10,274.800000,77.500000
2018-05-11,275.200000,76.990000
2018-05-14,275.150000,78.520000
2018-05-15,273.800000,78.120000
2018-05-16,271.250000,79.330000
2018-05-17,269.850000,79.560000
2018-05-18,270.300000,78.710000
2018-05-21,269.500000,79.430000
2018-05-22,270.250000,79.440000
2018-05-23,270.500000,79.690000
2018-05-24,272.250000,78.820000
2018-05-25,273.550000,76.420000
2018-05-28,272.350000,75.320000
2018-05-29,273.250000,75.560000
2018-05-30,274.150000,77.860000
2018-05-31,274.500000,77.610000
2018-06-01,273.850000,76.710000
2018-06-04,272.400000,75.370000
2018-06-05,271.900000,74.960000
2018-06-06,272.400000,75.860000
2018-06-07,272.150000,77.440000
2018-06-08,272.100000,76.340000
2018-06-11,272.700000,76.360000
2018-06-12,272.400000,75.430000
2018-06-13,272.100000,76.560000
2018-06-14,273.350000,75.900000
2018-06-15,273.650000,73.000000
2018-06-18,273.650000,75.460000
2018-06-19,271.400000,75.070000
2018-06-20,270.200000,74.300000
2018-06-21,269.450000,73.400000
2018-06-22,270.550000,75.530000
2018-06-25,271.150000,74.750000
2018-06-26,271.250000,76.480000
2018-06-27,271.600000,77.130000
2018-06-28,270.900000,77.550000
2018-06-29,271.400000,79.080000
2018-07-02,272.100000,77.490000
2018-07-03,271.900000,77.880000
2018-07-04,272.650000,78.160000
2018-07-05,272.750000,77.540000
2018-07-06,273.250000,77.290000
2018-07-09,273.100000,78.180000
2018-07-10,272.000000,78.860000
2018-07-11,272.850000,74.170000
2018-07-12,271.900000,74.530000
2018-07-13,271.700000,74.920000
2018-07-16,272.050000,71.870000
2018-07-17,271.550000,71.600000
2018-07-18,269.050000,73.060000
2018-07-19,270.300000,72.620000
2018-07-20,270.650000,73.000000
2018-07-23,271.900000,72.930000
2018-07-24,271.700000,73.750000
2018-07-25,271.700000,74.840000
2018-07-26,272.100000,75.060000
2018-07-27,271.500000,74.920000
2018-07-30,271.550000,75.350000
2018-07-31,271.650000,74.190000
2018-08-01,271.450000,72.620000
2018-08-02,270.750000,73.390000
2018-08-03,270.200000,73.420000
2018-08-06,270.250000,73.670000
2018-08-07,270.100000,74.460000
2018-08-08,269.500000,72.230000
2018-08-09,269.550000,72.030000
2018-08-10,269.400000,72.960000
2018-08-13,270.100000,72.830000
2018-08-14,267.650000,72.160000
2018-08-15,267.400000,70.810000
2018-08-16,264.000000,71.430000
2018-08-17,263.400000,71.860000
2018-08-20,265.150000,72.100000
2018-08-21,266.350000,72.820000
2018-08-22,266.250000,74.920000
2018-08-23,266.200000,74.710000
2018-08-24,266.300000,75.440000
2018-08-27,267.450000,76.250000
2018-08-28,268.300000,75.920000
2018-08-29,267.050000,77.690000
2018-08-30,267.450000,77.750000
2018-08-31,267.800000,77.710000
2018-09-03,266.600000,78.010000
2018-09-04,265.600000,77.860000
2018-09-05,265.600000,77.120000
2018-09-06,266.400000,76.630000
2018-09-07,267.200000,77.100000
2018-09-10,266.250000,77.360000
2018-09-11,267.000000,79.500000
2018-09-12,266.800000,79.750000
2018-09-13,268.100000,78.430000
2018-09-14,268.650000,78.100000
2018-09-17,267.350000,78.000000
2018-09-18,267.650000,78.900000
2018-09-19,267.950000,79.340000
2018-09-20,268.200000,78.710000
2018-09-21,269.050000,78.770000
2018-09-24,269.050000,80.730000
2018-09-25,267.950000,80.890000
2018-09-26,268.350000,81.180000
2018-09-27,267.400000,81.300000
2018-09-28,264.900000,82.950000
2018-10-01,264.900000,84.950000
2018-10-02,264.900000,84.640000
2018-10-03,264.900000,86.100000
2018-10-04,264.900000,84.880000
2018-10-05,264.900000,84.110000
2018-10-08,268.650000,83.760000
2018-10-09,267.900000,84.860000
2018-10-10,267.900000,82.600000
2018-10-11,269.450000,80.360000
2018-10-12,272.850000,80.600000
2018-10-15,275.350000,80.760000
2018-10-16,275.250000,81.560000
2018-10-17,274.500000,80.360000
2018-10-18,274.750000,79.320000
2018-10-19,276.050000,80.030000
2018-10-22,275.850000,79.980000
2018-10-23,276.950000,76.240000
2018-10-24,277.150000,75.680000
2018-10-25,278.500000,76.700000
2018-10-26,278.300000,77.820000
2018-10-29,277.850000,76.870000
2018-10-30,277.250000,76.180000
2018-10-31,274.900000,74.590000
2018-11-01,275.300000,72.750000
2018-11-02,275.400000,72.610000
2018-11-05,275.600000,72.710000
2018-11-06,275.850000,71.650000
2018-11-07,275.900000,72.000000
2018-11-08,279.400000,70.960000
2018-11-09,278.700000,69.880000
2018-11-12,276.550000,68.970000
2018-11-13,275.450000,65.350000
2018-11-14,275.500000,65.860000
2018-11-15,277.050000,66.630000
2018-11-16,277.500000,67.040000
2018-11-19,278.250000,67.010000
2018-11-20,279.300000,62.440000
2018-11-21,279.000000,63.460000
2018-11-22,279.650000,62.520000
2018-11-23,279.650000,59.190000
2018-11-26,279.500000,60.410000
2018-11-27,278.900000,60.880000
2018-11-28,277.550000,58.960000
2018-11-29,279.550000,59.700000
2018-11-30,279.450000,59.150000
2018-12-03,278.350000,61.900000
2018-12-04,278.350000,61.920000
2018-12-05,278.900000,61.610000
2018-12-06,279.900000,60.310000
2018-12-07,280.250000,61.330000
2018-12-10,283.100000,59.810000
2018-12-11,282.650000,60.460000
2018-12-12,281.200000,60.180000
2018-12-13,280.800000,61.710000
2018-12-14,280.350000,60.270000
2018-12-17,280.200000,58.660000
2018-12-18,281.900000,56.080000
2018-12-19,282.550000,56.550000
2018-12-20,282.150000,54.700000
2018-12-21,284.800000,53.480000
2018-12-24,285.450000,50.490000
2018-12-25,287.100000,52.890000
2018-12-26,287.500000,55.180000
2018-12-27,286.300000,53.580000
2018-12-28,287.850000,53.060000
2019-01-02,288.300000,54.680000
2019-01-03,290.700000,55.550000
2019-01-04,290.550000,57.450000
2019-01-07,288.650000,57.570000
2019-01-08,287.250000,58.590000
2019-01-09,286.200000,61.340000
2019-01-10,286.900000,61.180000
2019-01-11,284.950000,60.530000
2019-01-14,285.050000,59.320000
2019-01-15,284.300000,60.530000
2019-01-16,284.600000,61.300000
2019-01-17,285.100000,61.150000
2019-01-18,285.050000,62.610000
2019-01-21,283.200000,62.810000
2019-01-22,283.250000,61.610000
2019-01-23,283.600000,60.990000
2019-01-24,283.300000,61.190000
2019-01-25,282.900000,61.500000
2019-01-28,285.600000,59.950000
2019-01-29,286.600000,61.160000
2019-01-30,287.550000,61.660000
2019-01-31,287.850000,61.220000
2019-02-01,289.200000,62.850000
2019-02-04,289.200000,62.820000
2019-02-05,289.200000,62.110000
2019-02-06,289.200000,62.550000
2019-02-07,289.200000,61.680000
2019-02-08,289.200000,62.060000
2019-02-11,288.750000,61.580000
2019-02-12,288.850000,62.610000
2019-02-13,288.250000,63.600000
2019-02-14,287.600000,64.560000
2019-02-15,289.600000,66.360000
2019-02-18,290.950000,66.500000
2019-02-19,291.350000,66.440000
2019-02-20,293.350000,67.180000
2019-02-21,291.500000,66.940000
2019-02-22,289.600000,66.910000
2019-02-25,289.300000,64.760000
2019-02-26,289.000000,65.790000
2019-02-27,288.650000,66.470000
2019-02-28,286.850000,66.280000
2019-03-01,285.850000,64.870000
2019-03-04,281.800000,65.550000
2019-03-05,280.800000,65.570000
2019-03-06,282.350000,65.930000
2019-03-07,280.900000,66.220000
2019-03-08,283.550000,65.700000
2019-03-11,284.750000,66.630000
2019-03-12,284.200000,66.820000
2019-03-13,285.650000,67.640000
2019-03-14,285.100000,67.180000
2019-03-15,284.900000,67.020000
2019-03-18,285.200000,67.420000
2019-03-19,285.950000,67.420000
2019-03-20,285.550000,68.300000
2019-03-21,287.400000,67.740000
2019-03-22,286.350000,67.080000
2019-03-25,288.050000,67.300000
2019-03-26,288.300000,68.040000
2019-03-27,288.250000,67.300000
2019-03-28,287.450000,67.310000
2019-03-29,282.000000,67.550000
2019-04-01,282.100000,69.160000
2019-04-02,282.150000,69.570000
2019-04-03,282.900000,69.520000
2019-04-04,282.950000,69.310000
2019-04-05,282.950000,70.480000
2019-04-08,284.150000,71.100000
2019-04-09,284.400000,70.830000
2019-04-10,285.800000,71.570000
2019-04-11,286.150000,70.980000
2019-04-12,283.300000,71.550000
2019-04-15,281.750000,71.300000
2019-04-16,281.500000,71.860000
2019-04-17,280.000000,71.640000
2019-04-18,278.200000,72.010000
2019-04-19,279.500000,72.010000
2019-04-22,279.500000,74.250000
2019-04-23,279.000000,74.360000
2019-04-24,278.850000,74.480000
2019-04-25,280.400000,73.620000
2019-04-26,281.450000,71.130000
2019-04-29,281.300000,71.420000
2019-04-30,281.600000,71.660000
2019-05-01,281.600000,72.050000
2019-05-02,281.600000,70.350000
2019-05-03,281.600000,70.780000
2019-05-06,282.700000,70.980000
2019-05-07,282.400000,69.870000
2019-05-08,283.950000,70.320000
2019-05-09,284.100000,70.320000
2019-05-10,284.450000,70.860000
2019-05-13,289.200000,69.950000
2019-05-14,292.750000,70.990000
2019-05-15,291.250000,71.950000
2019-05-16,292.350000,72.770000
2019-05-17,291.700000,72.170000
2019-05-20,289.400000,72.060000
2019-05-21,289.150000,72.040000
2019-05-22,288.900000,70.910000
2019-05-23,289.350000,68.000000
2019-05-24,291.100000,69.260000
2019-05-27,291.250000,68.680000
2019-05-28,291.000000,68.690000
2019-05-29,291.450000,68.170000
2019-05-30,290.100000,65.210000
2019-05-31,293.450000,61.760000
2019-06-03,296.700000,60.890000
2019-06-04,299.750000,60.930000
2019-06-05,301.700000,59.680000
2019-06-06,301.700000,60.560000
2019-06-07,301.700000,63.320000
2019-06-10,300.850000,62.860000
2019-06-11,299.550000,62.370000
2019-06-12,302.600000,60.860000
2019-06-13,303.200000,61.350000
2019-06-14,307.750000,62.020000
2019-06-17,304.100000,60.930000
2019-06-18,306.150000,62.260000
2019-06-19,304.300000,62.180000
2019-06-20,311.250000,64.660000
2019-06-21,313.600000,65.280000
2019-06-24,315.800000,64.740000
2019-06-25,321.800000,65.070000
2019-06-26,316.400000,65.500000
2019-06-27,315.600000,65.420000
2019-06-28,316.850000,64.500000
2019-07-01,308.850000,65.190000
2019-07-02,312.050000,62.810000
2019-07-03,321.100000,63.830000
2019-07-04,317.650000,63.170000
2019-07-05,318.000000,64.380000
2019-07-08,316.350000,63.880000
2019-07-09,313.450000,64.520000
2019-07-10,313.200000,66.690000
2019-07-11,319.000000,66.780000
2019-07-12,316.650000,66.910000
2019-07-15,317.750000,66.160000
2019-07-16,317.750000,64.350000
2019-07-17,315.800000,63.560000
2019-07-18,319.100000,62.520000
2019-07-19,323.300000,62.500000
2019-07-22,320.650000,63.300000
2019-07-23,318.700000,64.200000
2019-07-24,319.650000,63.100000
2019-07-25,320.300000,62.910000
2019-07-26,319.100000,63.160000
2019-07-29,319.600000,63.720000
2019-07-30,320.850000,64.930000
2019-07-31,322.250000,64.200000
2019-08-01,316.600000,61.020000
2019-08-02,324.250000,61.120000
2019-08-05,334.000000,60.050000
2019-08-06,335.550000,58.600000
2019-08-07,341.800000,57.430000
2019-08-08,344.350000,57.740000
2019-08-09,345.900000,58.380000
2019-08-12,344.250000,58.350000
2019-08-13,352.300000,60.880000
2019-08-14,342.950000,58.950000
2019-08-15,347.400000,58.330000
2019-08-16,347.750000,58.640000
2019-08-19,346.400000,59.710000
2019-08-20,344.750000,60.050000
2019-08-21,345.350000,60.370000
2019-08-22,346.450000,60.050000
2019-08-23,346.250000,58.790000
2019-08-26,358.250000,58.820000
2019-08-27,358.700000,60.050000
2019-08-28,358.850000,59.830000
2019-08-29,362.800000,60.350000
2019-08-30,356.700000,59.130000
2019-09-02,355.800000,58.600000
2019-09-03,357.450000,58.190000
2019-09-04,359.000000,60.430000
2019-09-05,360.900000,60.750000
2019-09-06,349.200000,61.770000
2019-09-09,350.600000,62.620000
2019-09-10,344.850000,62.680000
2019-09-11,345.950000,61.000000
2019-09-12,346.150000,60.440000
2019-09-13,346.150000,60.180000
2019-09-16,346.250000,66.360000
2019-09-17,344.950000,64.140000
2019-09-18,346.500000,62.600000
2019-09-19,346.000000,64.800000
2019-09-20,346.700000,64.430000
2019-09-23,350.300000,63.260000
2019-09-24,352.050000,61.360000
2019-09-25,353.850000,61.560000
2019-09-26,349.550000,61.590000
2019-09-27,346.350000,61.140000
2019-09-30,345.050000,59.380000
2019-10-01,345.050000,59.200000
2019-10-02,345.050000,57.520000
2019-10-03,345.050000,57.590000
2019-10-04,345.050000,58.430000
2019-10-07,345.050000,58.410000
2019-10-08,344.500000,58.120000
2019-10-09,349.500000,58.260000
2019-10-10,347.700000,59.530000
2019-10-11,345.850000,60.600000
2019-10-14,340.700000,59.150000
2019-10-15,341.650000,58.840000
2019-10-16,340.200000,59.050000
2019-10-17,342.700000,59.850000
2019-10-18,342.000000,59.300000
2019-10-21,341.750000,59.060000
2019-10-22,340.450000,59.540000
2019-10-23,341.950000,61.070000
2019-10-24,341.500000,61.390000
2019-10-25,344.650000,61.650000
2019-10-28,344.600000,61.130000
2019-10-29,340.900000,61.250000
2019-10-30,340.550000,60.170000
2019-10-31,341.100000,59.460000
2019-11-01,344.050000,61.520000
2019-11-04,343.700000,62.110000
2019-11-05,341.400000,62.920000
2019-11-06,336.550000,61.740000
2019-11-07,338.350000,62.310000
2019-11-08,332.100000,62.540000
2019-11-11,331.500000,62.250000
2019-11-12,328.300000,61.980000
2019-11-13,331.850000,62.590000
2019-11-14,332.700000,62.410000
2019-11-15,331.900000,63.390000
2019-11-18,332.050000,62.270000
2019-11-19,334.050000,60.780000
2019-11-20,336.500000,62.440000
2019-11-21,336.000000,63.730000
2019-11-22,334.950000,63.500000
2019-11-25,332.650000,62.440000
2019-11-26,332.350000,63.020000
2019-11-27,333.150000,63.070000
2019-11-28,332.050000,63.280000
2019-11-29,333.100000,60.720000
2019-12-02,333.500000,60.870000
2019-12-03,334.200000,61.160000
2019-12-04,340.400000,63.000000
2019-12-05,338.750000,63.210000
2019-12-06,336.400000,64.270000
2019-12-09,333.600000,64.040000
2019-12-10,333.900000,64.130000
2019-12-11,334.120000,63.950000
2019-12-12,336.020000,64.420000
2019-12-13,331.760000,64.920000
2019-12-16,335.320000,65.280000
2019-12-17,335.140000,65.790000
2019-12-18,335.600000,66.120000
2019-12-19,335.180000,66.560000
2019-12-20,336.080000,66.040000
2019-12-23,337.180000,65.580000
2019-12-24,338.680000,67.200000
2019-12-25,340.620000,67.200000
2019-12-26,340.920000,66.780000
2019-12-27,345.300000,66.850000
2019-12-30,345.460000,66.670000
2019-12-31,347.480000,66.020000
2020-01-02,346.240000,66.290000
2020-01-03,351.160000,68.670000
2020-01-06,358.340000,68.530000
2020-01-07,354.940000,68.510000
2020-01-08,360.680000,65.770000
2020-01-09,348.040000,65.320000
2020-01-10,349.300000,65.080000
2020-01-13,349.420000,64.230000
2020-01-14,344.700000,64.410000
2020-01-15,347.540000,64.240000
2020-01-16,347.960000,64.670000
2020-01-17,347.780000,65.150000
2020-01-20,347.940000,65.200000
2020-01-21,351.340000,64.480000
2020-01-22,348.320000,62.660000
2020-01-23,350.720000,62.050000
2020-01-24,350.720000,60.680000
2020-01-27,350.720000,58.060000
2020-01-28,350.720000,59.300000
2020-01-29,350.720000,58.670000
2020-01-30,350.720000,58.090000
2020-01-31,350.720000,56.650000
2020-02-03,359.300000,54.190000
2020-02-04,356.200000,53.790000
2020-02-05,354.220000,55.560000
2020-02-06,352.400000,55.050000
2020-02-07,354.300000,54.470000
2020-02-10,355.560000,53.350000
2020-02-11,354.600000,54.250000
2020-02-12,354.000000,56.340000
2020-02-13,356.520000,56.460000
2020-02-14,356.780000,57.230000
2020-02-17,357.900000,57.530000
2020-02-18,359.680000,57.660000
2020-02-19,364.060000,59.330000
2020-02-20,365.060000,59.130000
2020-02-21,371.900000,58.420000
2020-02-24,379.700000,55.530000
2020-02-25,371.740000,54.160000
2020-02-26,374.260000,52.780000
2020-02-27,374.300000,50.950000
2020-02-28,369.980000,49.920000
2020-03-02,361.240000,53.060000
2020-03-03,360.260000,51.600000
2020-03-04,368.540000,51.500000
2020-03-05,368.620000,50.160000
2020-03-06,376.080000,45.440000
2020-03-09,373.420000,33.300000
2020-03-10,368.640000,37.780000
2020-03-11,371.220000,35.830000
2020-03-12,367.260000,34.520000
2020-03-13,356.400000,36.320000
2020-03-16,347.180000,29.720000
2020-03-17,330.880000,28.800000
2020-03-18,339.080000,28.200000
2020-03-19,336.620000,28.080000
2020-03-20,339.780000,29.350000
2020-03-23,339.620000,29.790000
2020-03-24,358.460000,30.210000
2020-03-25,364.400000,30.050000
2020-03-26,363.340000,29.310000
2020-03-27,367.580000,28.250000
2020-03-30,364.700000,26.450000
2020-03-31,364.900000,25.820000
2020-04-01,358.620000,25.560000
2020-04-02,360.700000,29.650000
2020-04-03,363.480000,34.590000
2020-04-06,363.480000,33.270000
2020-04-07,373.880000,32.360000
2020-04-08,370.200000,33.560000
2020-04-09,371.460000,31.610000
2020-04-10,373.740000,31.610000
2020-04-13,373.260000,31.830000
2020-04-14,377.600000,31.720000
2020-04-15,376.320000,27.900000
2020-04-16,379.380000,28.310000
2020-04-17,372.180000,28.260000
2020-04-20,370.800000,26.000000
2020-04-21,374.420000,19.340000
2020-04-22,373.180000,20.550000
2020-04-23,379.800000,24.950000
2020-04-24,382.780000,25.070000
2020-04-27,380.140000,22.950000
2020-04-28,377.100000,23.160000
2020-04-29,378.740000,24.400000
2020-04-30,380.280000,26.610000
2020-05-01,380.280000,26.600000
2020-05-04,380.280000,27.960000
2020-05-05,380.280000,31.980000
2020-05-06,380.080000,29.830000
2020-05-07,378.180000,29.340000
2020-05-08,383.380000,30.850000
2020-05-11,381.740000,30.130000
2020-05-12,380.880000,29.400000
2020-05-13,381.860000,29.440000
2020-05-14,384.460000,31.450000
2020-05-15,390.160000,32.700000
2020-05-18,401.160000,35.440000
2020-05-19,394.500000,34.550000
2020-05-20,398.720000,35.770000
2020-05-21,395.060000,35.920000
2020-05-22,394.380000,35.350000
2020-05-25,393.540000,36.130000
2020-05-26,395.340000,36.590000
2020-05-27,391.200000,34.950000
2020-05-28,394.180000,36.110000
2020-05-29,394.420000,37.610000
2020-06-01,398.000000,38.530000
2020-06-02,396.960000,39.540000
2020-06-03,393.040000,39.420000
2020-06-04,389.740000,39.870000
2020-06-05,390.180000,41.900000
2020-06-08,386.280000,40.790000
2020-06-09,386.300000,40.820000
2020-06-10,390.400000,41.360000
2020-06-11,393.700000,38.320000
2020-06-12,393.620000,38.800000
2020-06-15,392.540000,39.830000
2020-06-16,392.400000,40.660000
2020-06-17,392.860000,40.530000
2020-06-18,392.180000,41.450000
2020-06-19,392.940000,41.900000
2020-06-22,397.500000,42.860000
2020-06-23,396.960000,42.440000
2020-06-24,400.060000,40.500000
2020-06-25,400.060000,41.390000
2020-06-26,400.060000,40.610000
2020-06-29,400.140000,41.850000
2020-06-30,400.720000,41.600000
2020-07-01,403.100000,41.910000
2020-07-02,399.060000,42.920000
2020-07-03,400.540000,42.780000
2020-07-06,399.660000,43.060000
2020-07-07,400.320000,42.970000
2020-07-08,402.360000,43.320000
2020-07-09,404.940000,42.330000
2020-07-10,401.880000,43.170000
2020-07-13,403.740000,42.170000
2020-07-14,403.020000,43.050000
2020-07-15,403.620000,43.630000
2020-07-16,402.120000,43.400000
2020-07-17,399.760000,43.100000
2020-07-20,401.780000,43.170000
2020-07-21,404.540000,43.950000
2020-07-22,414.220000,44.280000
2020-07-23,416.520000,43.320000
2020-07-24,420.400000,43.630000
2020-07-27,430.060000,43.950000
2020-07-28,429.940000,43.610000
2020-07-29,431.380000,44.100000
2020-07-30,428.940000,43.600000
2020-07-31,432.860000,43.660000
2020-08-03,431.400000,43.850000
2020-08-04,431.960000,44.340000
2020-08-05,444.060000,45.330000
2020-08-06,447.560000,45.080000
2020-08-07,449.720000,44.600000
2020-08-10,446.380000,44.920000
2020-08-11,436.940000,44.520000
2020-08-12,417.160000,45.320000
2020-08-13,416.740000,45.010000
2020-08-14,420.300000,44.910000
2020-08-17,424.440000,45.270000
2020-08-18,433.940000,45.000000
2020-08-19,429.160000,45.150000
2020-08-20,418.280000,44.850000
2020-08-21,419.480000,44.180000
2020-08-24,415.540000,45.010000
2020-08-25,416.500000,46.390000
2020-08-26,415.660000,46.290000
2020-08-27,420.540000,45.630000
2020-08-28,420.400000,45.790000
2020-08-31,422.680000,45.570000
2020-09-01,426.980000,45.770000
2020-09-02,422.600000,44.400000
2020-09-03,415.300000,43.970000
2020-09-04,416.540000,42.350000
2020-09-07,416.360000,42.050000
2020-09-08,416.560000,39.700000
2020-09-09,416.500000,40.590000
2020-09-10,419.460000,39.710000
2020-09-11,418.340000,39.780000
2020-09-14,418.440000,39.680000
2020-09-15,419.800000,40.660000
2020-09-16,418.640000,42.300000
2020-09-17,415.620000,43.260000
2020-09-18,416.920000,43.520000
2020-09-21,417.040000,41.730000
2020-09-22,407.580000,41.750000
2020-09-23,400.900000,41.980000
2020-09-24,396.580000,42.260000
2020-09-25,401.060000,42.230000
2020-09-28,400.140000,42.870000
2020-09-29,405.900000,41.310000
2020-09-30,406.100000,42.120000
2020-10-01,406.100000,40.710000
2020-10-02,406.100000,38.900000
2020-10-05,406.100000,41.530000
2020-10-06,406.100000,41.860000
2020-10-07,406.100000,42.150000
2020-10-08,406.100000,43.450000
2020-10-09,405.360000,42.720000
2020-10-12,410.020000,41.740000
2020-10-13,408.540000,42.420000
2020-10-14,404.040000,43.430000
2020-10-15,403.620000,43.000000
2020-10-16,404.980000,42.790000
2020-10-19,404.900000,42.460000
2020-10-20,403.580000,42.780000
2020-10-21,404.660000,41.710000
2020-10-22,404.860000,42.390000
2020-10-23,403.580000,41.850000
2020-10-26,401.560000,40.790000
2020-10-27,405.300000,41.090000
2020-10-28,405.360000,39.560000
2020-10-29,399.780000,38.110000
2020-10-30,397.100000,37.840000
2020-11-02,400.680000,39.250000
2020-11-03,402.600000,40.070000
2020-11-04,404.280000,41.200000
2020-11-05,404.220000,40.800000
2020-11-06,408.300000,39.570000
2020-11-09,407.420000,42.020000
2020-11-10,396.540000,44.030000
2020-11-11,395.640000,43.700000
2020-11-12,394.980000,43.260000
2020-11-13,396.880000,42.630000
2020-11-16,396.640000,43.890000
2020-11-17,396.180000,43.780000
2020-11-18,393.640000,44.120000
2020-11-19,392.000000,44.110000
2020-11-20,392.180000,45.140000
2020-11-23,392.800000,45.510000
2020-11-24,383.320000,47.840000
2020-11-25,379.240000,48.730000
2020-11-26,380.220000,47.750000
2020-11-27,381.140000,48.270000
2020-11-30,371.340000,47.660000
2020-12-01,374.200000,47.230000
2020-12-02,379.640000,47.960000
2020-12-03,383.700000,48.800000
2020-12-04,384.460000,48.950000
2020-12-07,383.380000,48.610000
2020-12-08,389.180000,48.810000
2020-12-09,387.000000,49.010000
2020-12-10,383.260000,50.400000
2020-12-11,382.780000,49.910000
2020-12-14,382.820000,50.310000
2020-12-15,385.660000,50.720000
2020-12-16,388.400000,51.090000
2020-12-17,390.500000,51.480000
2020-12-18,393.580000,52.300000
2020-12-21,398.360000,50.800000
2020-12-22,392.760000,49.800000
2020-12-23,391.440000,51.150000
2020-12-24,393.040000,51.350000
2020-12-25,395.000000,51.350000
2020-12-28,395.780000,50.890000
2020-12-29,393.860000,51.240000
2020-12-30,393.700000,51.460000
2020-12-31,394.980000,51.710000
2021-01-04,400.040000,50.670000
2021-01-05,402.320000,53.570000
2021-01-06,402.880000,54.150000
2021-01-07,399.060000,54.520000
2021-01-08,396.060000,56.360000
2021-01-11,385.000000,55.620000
2021-01-12,387.420000,56.780000
2021-01-13,387.540000,55.910000
2021-01-14,385.300000,56.460000
2021-01-15,387.900000,55.000000
2021-01-18,386.820000,54.790000
2021-01-19,387.720000,55.930000
2021-01-20,388.820000,55.690000
2021-01-21,392.720000,56.170000
2021-01-22,390.900000,55.210000
2021-01-25,389.000000,55.910000
2021-01-26,390.140000,55.870000
2021-01-27,387.940000,55.300000
2021-01-28,386.300000,55.030000
2021-01-29,388.340000,55.100000
2021-01-31,388.340000,55.100000
2021-02-01,392.640000,56.210000
2021-02-02,389.500000,57.820000
2021-02-03,385.100000,58.670000
2021-02-04,382.260000,59.110000
2021-02-05,377.860000,59.620000
2021-02-07,377.860000,59.620000
2021-02-08,381.000000,60.660000
2021-02-09,385.600000,61.290000
2021-02-10,385.660000,61.100000
2021-02-11,385.660000,60.860000
2021-02-12,385.660000,62.710000
2021-02-15,385.660000,63.330000
2021-02-16,385.660000,63.560000
2021-02-17,385.660000,64.890000
2021-02-18,374.180000,63.530000
2021-02-19,372.460000,62.840000
2021-02-20,372.460000,62.840000
2021-02-22,376.660000,64.940000
2021-02-23,380.660000,64.200000
2021-02-24,379.600000,66.450000
2021-02-25,375.940000,66.050000
2021-02-26,369.500000,64.630000
2021-02-28,369.500000,64.630000
2021-03-01,367.940000,63.310000
2021-03-02,361.740000,62.620000
2021-03-03,363.500000,63.990000
2021-03-04,360.340000,67.260000
2021-03-05,356.600000,69.690000
2021-03-08,360.360000,68.120000
2021-03-09,359.040000,67.300000
2021-03-10,362.900000,68.180000
2021-03-11,365.880000,69.620000
2021-03-12,360.760000,69.230000
2021-03-15,363.860000,68.790000
2021-03-16,364.560000,68.470000
2021-03-17,366.200000,67.740000
2021-03-18,369.240000,62.690000
2021-03-19,367.660000,64.360000
2021-03-22,365.700000,64.230000
2021-03-23,366.800000,60.440000
2021-03-24,366.240000,64.100000
2021-03-25,367.220000,61.700000
2021-03-26,366.240000,64.220000
2021-03-29,366.440000,65.190000
2021-03-30,361.500000,64.020000
2021-03-31,357.380000,63.070000
2021-04-01,364.980000,64.650000
2021-04-02,369.980000,64.650000
2021-04-05,369.980000,62.300000
2021-04-06,367.300000,62.650000
2021-04-07,369.100000,62.900000
2021-04-08,370.080000,63.370000
2021-04-09,371.960000,63.050000
2021-04-12,369.180000,63.200000
2021-04-13,365.800000,63.960000
2021-04-14,369.540000,66.280000
2021-04-15,369.540000,66.840000
2021-04-16,372.860000,66.720000
2021-04-19,375.500000,67.160000
2021-04-20,372.100000,66.310000
2021-04-21,375.980000,65.080000
2021-04-22,376.400000,65.750000
2021-04-23,375.200000,66.120000
2021-04-25,375.200000,66.120000
2021-04-26,373.140000,65.790000
2021-04-27,373.480000,66.090000
2021-04-28,371.400000,66.520000
2021-04-29,372.680000,68.020000
2021-04-30,370.760000,66.440000
2021-05-03,370.760000,67.660000
2021-05-04,370.760000,69.490000
2021-05-05,370.760000,68.550000
2021-05-06,376.280000,68.280000
2021-05-07,380.400000,68.270000
2021-05-08,380.400000,68.270000
2021-05-10,381.760000,68.220000
2021-05-11,381.540000,68.650000
2021-05-12,382.440000,69.000000
2021-05-13,380.680000,67.050000
2021-05-14,382.960000,68.830000
2021-05-17,387.300000,69.600000
2021-05-18,389.960000,68.590000
2021-05-19,390.300000,66.690000
2021-05-20,390.400000,65.050000
2021-05-21,390.400000,66.730000
2021-05-24,391.660000,68.370000
2021-05-25,389.820000,68.450000
2021-05-26,393.400000,68.690000
2021-05-27,390.960000,69.210000
2021-05-28,391.380000,69.020000
2021-05-31,394.380000,69.460000
2021-06-01,396.900000,70.630000
2021-06-02,389.980000,71.200000
2021-06-03,387.500000,71.390000
2021-06-04,382.620000,71.820000
2021-06-07,385.320000,71.500000
2021-06-08,387.900000,72.050000
2021-06-09,387.700000,72.020000
2021-06-10,386.460000,72.400000
2021-06-11,389.920000,72.620000
2021-06-14,389.920000,73.070000
2021-06-15,382.660000,74.270000
2021-06-16,382.240000,73.870000
2021-06-17,375.660000,72.990000
2021-06-18,371.620000,73.220000
2021-06-21,371.940000,74.840000
2021-06-22,373.440000,74.740000
2021-06-23,374.020000,74.710000
2021-06-24,371.940000,74.850000
2021-06-25,371.400000,75.310000
2021-06-28,372.160000,74.010000
2021-06-29,370.800000,74.670000
2021-06-30,367.500000,74.670000
2021-07-01,371.780000,75.610000
2021-07-02,372.640000,75.970000
2021-07-05,373.880000,77.100000
2021-07-06,377.460000,74.930000
2021-07-07,377.300000,73.340000
2021-07-08,376.620000,74.350000
2021-07-09,377.780000,75.580000
2021-07-12,377.000000,75.200000
2021-07-13,378.800000,76.350000
2021-07-14,379.500000,74.540000
2021-07-15,382.480000,73.290000
2021-07-16,381.480000,73.300000
2021-07-19,377.840000,68.750000
2021-07-20,380.680000,68.630000
2021-07-21,379.280000,72.250000
2021-07-22,376.300000,73.670000
2021-07-23,378.020000,74.190000
2021-07-26,379.040000,74.820000
2021-07-27,375.840000,73.790000
2021-07-28,379.900000,73.900000
2021-07-29,381.160000,74.840000
2021-07-30,382.500000,75.220000
2021-07-31,382.500000,75.220000
2021-08-02,377.840000,73.240000
2021-08-03,377.820000,72.280000
2021-08-04,378.660000,70.310000
2021-08-05,378.040000,71.180000
2021-08-06,375.900000,70.490000
2021-08-09,365.600000,69.200000
2021-08-10,363.920000,70.860000
2021-08-11,363.520000,71.620000
2021-08-12,367.160000,71.150000
2021-08-13,368.040000,70.250000
2021-08-16,371.240000,69.570000
2021-08-17,375.020000,69.110000
2021-08-18,375.400000,67.500000
2021-08-19,374.280000,66.560000
2021-08-20,375.500000,65.000000
2021-08-23,374.880000,68.780000
2021-08-24,377.680000,71.200000
2021-08-25,375.540000,71.930000
2021-08-26,373.960000,70.520000
2021-08-27,377.780000,71.670000
2021-08-30,379.040000,72.110000
2021-08-31,378.840000,71.700000
2021-09-01,379.120000,71.310000
2021-09-02,378.920000,72.840000
2021-09-03,378.540000,72.480000
2021-09-06,380.960000,72.100000
2021-09-07,379.420000,71.530000
2021-09-08,374.960000,72.660000
2021-09-09,373.200000,71.370000
2021-09-10,375.500000,72.950000
2021-09-13,373.300000,73.670000
2021-09-14,373.820000,73.910000
2021-09-15,374.820000,75.500000
2021-09-16,371.760000,75.670000
2021-09-17,367.860000,75.490000
2021-09-18,367.860000,75.490000
2021-09-20,367.860000,74.250000
2021-09-21,367.860000,74.680000
2021-09-22,372.520000,75.850000
2021-09-23,369.260000,76.470000
2021-09-24,366.780000,77.200000
2021-09-26,366.780000,77.200000
2021-09-27,367.860000,78.630000
2021-09-28,364.220000,77.430000
2021-09-29,364.480000,77.900000
2021-09-30,362.780000,78.360000
2021-10-01,362.780000,79.240000
2021-10-04,362.780000,81.270000
2021-10-05,362.780000,82.560000
2021-10-06,362.780000,80.830000
2021-10-07,362.780000,82.480000
2021-10-08,367.540000,82.580000
2021-10-09,367.540000,82.580000
2021-10-11,366.160000,83.690000
2021-10-12,368.220000,83.380000
2021-10-13,368.100000,83.370000
2021-10-14,373.240000,84.070000
2021-10-15,372.580000,84.920000
2021-10-18,367.580000,84.150000
2021-10-19,368.760000,85.150000
2021-10-20,367.660000,85.890000
2021-10-21,369.540000,84.750000
2021-10-22,371.080000,85.770000
2021-10-25,370.140000,85.170000
2021-10-26,371.640000,85.420000
2021-10-27,368.920000,83.500000
2021-10-28,372.560000,83.900000
2021-10-29,370.480000,83.530000
2021-10-31,370.480000,83.530000
2021-11-01,368.780000,84.550000
2021-11-02,371.260000,84.090000
2021-11-03,368.040000,81.380000
2021-11-04,366.580000,80.950000
2021-11-05,371.740000,82.550000
2021-11-08,375.900000,83.680000
2021-11-09,377.460000,85.200000
2021-11-10,377.460000,82.720000
2021-11-11,383.360000,82.640000
2021-11-12,383.600000,81.950000
2021-11-15,382.200000,82.170000
2021-11-16,384.020000,82.270000
2021-11-17,382.260000,80.210000
2021-11-18,383.540000,81.050000
2021-11-19,382.740000,78.660000
2021-11-22,379.140000,79.500000
2021-11-23,371.780000,82.180000
2021-11-24,369.760000,81.000000
2021-11-25,369.780000,80.980000
2021-11-26,372.700000,71.800000
2021-11-29,371.420000,73.260000
2021-11-30,370.240000,70.220000
2021-12-01,368.740000,68.940000
2021-12-02,367.000000,70.470000
2021-12-03,365.920000,70.140000
2021-12-06,368.680000,73.600000
2021-12-07,367.880000,75.330000
2021-12-08,368.280000,75.930000
2021-12-09,366.720000,74.010000
2021-12-10,365.620000,75.270000
2021-12-13,368.140000,74.320000
2021-12-14,368.520000,73.270000
2021-12-15,364.360000,74.420000
2021-12-16,368.080000,74.620000
2021-12-17,372.780000,72.870000
2021-12-20,372.340000,72.080000
2021-12-21,369.720000,74.010000
2021-12-22,368.900000,75.650000
2021-12-23,372.780000,76.510000
2021-12-24,373.560000,75.590000
2021-12-27,373.440000,78.620000
2021-12-28,374.460000,78.820000
2021-12-29,372.580000,79.200000
2021-12-30,370.800000,79.140000
2021-12-31,374.700000,77.940000
2022-01-03,374.700000,78.910000
2022-01-04,371.740000,80.160000
2022-01-05,373.100000,80.240000
2022-01-06,370.640000,81.980000
2022-01-07,368.140000,81.930000
2022-01-10,368.560000,81.000000
2022-01-11,371.940000,83.750000
2022-01-12,373.920000,84.840000
2022-01-13,374.920000,84.110000
2022-01-14,374.580000,86.470000
2022-01-17,372.520000,86.530000
2022-01-18,371.760000,88.570000
2022-01-19,373.060000,87.720000
2022-01-20,378.400000,87.480000
2022-01-21,378.220000,87.900000
2022-01-24,377.200000,87.170000
2022-01-25,377.920000,88.080000
2022-01-26,378.580000,88.530000
2022-01-27,371.580000,88.880000
2022-01-28,370.100000,88.880000
2022-01-29,370.100000,88.880000
2022-01-30,370.100000,88.880000
2022-01-31,370.100000,89.310000
2022-02-01,370.100000,89.290000
2022-02-02,370.100000,89.340000
2022-02-03,370.100000,91.070000
2022-02-04,370.100000,92.520000
2022-02-07,372.140000,92.950000
2022-02-08,374.800000,91.320000
2022-02-09,376.580000,91.800000
2022-02-10,377.400000,91.450000
2022-02-11,375.240000,95.100000
2022-02-14,381.700000,95.850000
2022-02-15,385.580000,93.500000
2022-02-16,379.840000,92.100000
2022-02-17,383.540000,92.940000
2022-02-18,386.640000,93.610000
2022-02-21,386.000000,97.350000
2022-02-22,390.720000,96.500000
2022-02-23,387.580000,94.730000
2022-02-24,396.040000,95.890000
2022-02-25,391.420000,94.560000
2022-02-28,389.020000,98.120000
2022-03-01,389.140000,107.650000
2022-03-02,394.500000,114.540000
2022-03-03,393.200000,110.440000
2022-03-04,394.640000,118.050000
2022-03-07,403.300000,124.370000
2022-03-08,412.200000,129.470000
2022-03-09,417.160000,112.510000
2022-03-10,404.000000,109.180000
2022-03-11,404.780000,112.120000
2022-03-14,402.500000,106.000000
2022-03-15,394.460000,98.750000
2022-03-16,391.040000,98.040000
2022-03-17,395.440000,107.010000
2022-03-18,395.900000,105.400000
2022-03-21,394.760000,112.460000
2022-03-22,397.160000,110.930000
2022-03-23,394.720000,117.660000
2022-03-24,399.020000,114.600000
2022-03-25,401.700000,116.830000
2022-03-28,397.680000,106.600000
2022-03-29,395.540000,108.560000
2022-03-30,394.740000,111.000000
2022-03-31,394.340000,105.650000
2022-04-01,396.260000,104.750000
2022-04-02,396.260000,104.750000
2022-04-04,396.260000,107.980000
2022-04-05,396.260000,105.680000
2022-04-06,394.500000,101.650000
2022-04-07,394.940000,101.410000
2022-04-08,396.040000,102.400000
2022-04-11,399.600000,99.350000
2022-04-12,401.780000,104.930000
2022-04-13,403.700000,108.880000
2022-04-14,404.320000,111.660000
2022-04-15,405.820000,111.660000
2022-04-18,408.020000,112.840000
2022-04-19,405.100000,107.600000
2022-04-20,400.060000,107.230000
2022-04-21,405.060000,108.830000
2022-04-22,406.800000,105.720000
2022-04-24,406.800000,105.720000
2022-04-25,404.420000,102.380000
2022-04-26,401.300000,104.870000
2022-04-27,400.900000,104.940000
2022-04-28,400.820000,107.120000
2022-04-29,405.820000,106.080000
2022-04-30,405.820000,106.080000
2022-05-02,405.820000,107.640000
2022-05-03,405.820000,105.940000
2022-05-04,405.820000,110.220000
2022-05-05,404.520000,111.060000
2022-05-06,403.600000,113.220000
2022-05-07,403.600000,113.220000
2022-05-09,405.360000,105.250000
2022-05-10,402.300000,101.600000
2022-05-11,399.940000,107.510000
2022-05-12,404.240000,107.920000
2022-05-13,399.660000,111.220000
2022-05-16,395.840000,114.030000
2022-05-17,397.980000,112.830000
2022-05-18,393.320000,109.250000
2022-05-19,394.960000,111.500000
2022-05-20,397.180000,112.910000
2022-05-23,397.160000,113.470000
2022-05-24,398.080000,113.840000
2022-05-25,398.840000,111.510000
2022-05-26,400.360000,114.460000
2022-05-27,402.140000,115.320000
2022-05-30,399.920000,117.700000
2022-05-31,399.040000,116.270000
2022-06-01,396.360000,115.900000
2022-06-02,398.980000,118.290000
2022-06-03,398.980000,121.080000
2022-06-06,398.000000,119.990000
2022-06-07,396.000000,121.000000
2022-06-08,398.020000,123.940000
2022-06-09,398.820000,122.930000
2022-06-10,397.540000,121.930000
2022-06-13,404.220000,122.360000
2022-06-14,396.900000,121.090000
2022-06-15,394.460000,118.980000
2022-06-16,395.760000,119.030000
2022-06-17,398.580000,113.610000
2022-06-20,397.000000,114.210000
2022-06-21,396.260000,114.890000
2022-06-22,396.200000,110.030000
2022-06-23,396.700000,106.200000
2022-06-24,393.640000,108.990000
2022-06-27,396.320000,111.210000
2022-06-28,393.860000,114.000000
2022-06-29,393.340000,112.300000
2022-06-30,392.700000,109.200000
2022-07-01,388.940000,111.480000
2022-07-04,390.920000,113.830000
2022-07-05,390.520000,104.800000
2022-07-06,382.860000,99.800000
2022-07-07,377.440000,104.100000
2022-07-08,377.040000,107.150000
2022-07-11,377.000000,106.410000
2022-07-12,378.200000,99.220000
2022-07-13,375.600000,99.850000
2022-07-14,376.100000,99.710000
2022-07-15,373.380000,101.130000
2022-07-18,374.980000,105.690000
2022-07-19,373.840000,107.270000
2022-07-20,373.520000,106.610000
2022-07-21,370.320000,103.890000
2022-07-22,375.980000,98.750000
2022-07-25,377.180000,99.960000
2022-07-26,377.460000,99.720000
2022-07-27,376.640000,102.330000
2022-07-28,380.720000,102.400000
2022-07-29,386.100000,104.000000
2022-07-31,386.100000,104.000000
2022-08-01,385.800000,99.930000
2022-08-02,389.160000,99.920000
2022-08-03,387.300000,97.100000
2022-08-04,387.900000,93.600000
2022-08-05,391.100000,94.660000
2022-08-08,388.700000,96.520000
2022-08-09,390.460000,96.530000
2022-08-10,391.180000,97.060000
2022-08-11,389.560000,99.420000
2022-08-12,391.220000,98.010000
2022-08-15,392.000000,93.470000
2022-08-16,391.520000,92.760000
2022-08-17,389.900000,93.050000
2022-08-18,387.760000,96.580000
2022-08-19,387.560000,96.090000
2022-08-22,386.260000,96.690000
2022-08-23,387.320000,100.150000
2022-08-24,389.540000,101.730000
2022-08-25,390.820000,98.950000
2022-08-26,391.280000,98.900000
2022-08-29,387.940000,102.950000
2022-08-30,389.300000,98.470000
2022-08-31,386.920000,94.960000
2022-09-01,383.700000,92.170000
2022-09-02,383.020000,93.280000
2022-09-05,386.860000,95.230000
2022-09-06,388.980000,92.850000
2022-09-07,386.360000,87.710000
2022-09-08,389.460000,88.610000
2022-09-09,389.520000,92.420000
2022-09-12,389.520000,94.260000
2022-09-13,389.660000,93.550000
2022-09-14,387.200000,94.640000
2022-09-15,385.240000,90.800000
2022-09-16,383.600000,91.570000
2022-09-19,384.700000,91.730000
2022-09-20,385.840000,90.870000
2022-09-21,386.980000,88.970000
2022-09-22,386.040000,89.360000
2022-09-23,387.640000,85.540000
2022-09-26,384.380000,82.720000
2022-09-27,384.880000,84.430000
2022-09-28,385.900000,87.930000
2022-09-29,389.660000,87.460000
2022-09-30,390.820000,85.570000
2022-10-03,390.820000,88.700000
2022-10-04,390.820000,91.760000
2022-10-05,390.820000,93.790000
2022-10-06,390.820000,94.920000
2022-10-07,390.820000,98.450000
2022-10-08,390.820000,98.450000
2022-10-09,390.820000,98.450000
2022-10-10,393.240000,96.070000
2022-10-11,392.720000,93.800000
2022-10-12,393.040000,92.410000
2022-10-13,393.000000,94.690000
2022-10-14,392.420000,91.460000
2022-10-17,390.280000,91.980000
2022-10-18,390.780000,90.640000
2022-10-19,390.180000,92.570000
2022-10-20,388.100000,92.730000
2022-10-21,387.460000,93.600000
2022-10-24,392.720000,93.450000
2022-10-25,393.820000,93.060000
2022-10-26,393.620000,94.150000
2022-10-27,392.700000,94.730000
2022-10-28,392.780000,94.160000
2022-10-31,391.660000,92.850000
2022-11-01,391.460000,94.770000
2022-11-02,392.100000,95.520000
2022-11-03,390.880000,94.550000
2022-11-04,390.800000,98.750000
2022-11-07,394.000000,97.930000
2022-11-08,394.820000,95.050000
2022-11-09,403.260000,92.470000
2022-11-10,403.540000,93.340000
2022-11-11,406.720000,95.760000
2022-11-14,403.440000,92.500000
2022-11-15,404.960000,93.770000
2022-11-16,407.120000,92.610000
2022-11-17,407.700000,90.020000
2022-11-18,407.420000,87.740000
2022-11-21,405.200000,87.790000
2022-11-22,404.860000,87.650000
2022-11-23,404.660000,84.440000
2022-11-24,406.400000,85.090000
2022-11-25,407.600000,83.840000
2022-11-28,408.020000,83.240000
2022-11-29,406.560000,84.940000
2022-11-30,406.120000,86.640000
2022-12-01,407.100000,87.260000
2022-12-02,409.720000,85.420000
2022-12-05,405.720000,83.000000
2022-12-06,401.780000,79.720000
2022-12-07,401.100000,77.390000
2022-12-08,402.440000,76.510000
2022-12-09,403.460000,76.820000
2022-12-12,403.300000,78.020000
2022-12-13,403.540000,80.390000
2022-12-14,408.100000,82.800000
2022-12-15,404.860000,81.450000
2022-12-16,402.900000,79.260000
2022-12-19,405.300000,80.100000
2022-12-20,405.420000,79.680000
2022-12-21,409.500000,82.670000
2022-12-22,409.860000,82.360000
2022-12-23,406.800000,84.550000
2022-12-26,407.240000,84.550000
2022-12-27,407.960000,85.160000
2022-12-28,408.600000,83.770000
2022-12-29,408.360000,83.730000
2022-12-30,410.720000,85.990000
2022-12-31,410.720000,85.990000
2023-01-02,410.720000,85.990000
2023-01-03,411.200000,82.460000
2023-01-04,413.260000,78.100000
2023-01-05,412.500000,78.880000
2023-01-06,409.540000,78.600000
2023-01-09,414.000000,79.800000
2023-01-10,413.700000,79.620000
2023-01-11,414.800000,82.910000
2023-01-12,414.580000,83.820000
2023-01-13,415.220000,85.430000
2023-01-16,417.280000,84.120000
2023-01-17,419.000000,86.700000
2023-01-18,418.400000,84.640000
2023-01-19,419.660000,86.380000
2023-01-20,423.500000,87.660000
2023-01-23,423.500000,88.150000
2023-01-24,423.500000,86.530000
2023-01-25,423.500000,86.230000
2023-01-26,423.500000,87.490000
2023-01-27,423.500000,86.210000
2023-01-28,423.500000,86.210000
2023-01-29,423.500000,86.210000
2023-01-30,422.680000,84.640000
2023-01-31,419.480000,85.530000
2023-02-01,421.580000,83.060000
2023-02-02,424.860000,82.100000
2023-02-03,419.340000,79.820000
2023-02-06,413.800000,81.400000
2023-02-07,412.620000,84.090000
2023-02-08,412.700000,85.020000
2023-02-09,413.520000,84.080000
2023-02-10,410.760000,86.520000
2023-02-13,413.080000,85.780000
2023-02-14,412.740000,85.250000
2023-02-15,411.660000,85.280000
2023-02-16,411.480000,84.820000
2023-02-17,410.260000,83.150000
2023-02-20,412.300000,83.810000
2023-02-21,411.700000,82.730000
2023-02-22,412.940000,80.470000
2023-02-23,411.940000,82.170000
2023-02-24,413.140000,82.850000
2023-02-27,412.200000,82.060000
2023-02-28,412.640000,83.110000
2023-03-01,414.040000,84.430000
2023-03-02,413.620000,84.350000
2023-03-03,415.580000,86.000000
2023-03-06,418.440000,86.250000
2023-03-07,418.820000,83.080000
2023-03-08,414.080000,82.520000
2023-03-09,414.020000,81.560000
2023-03-10,416.760000,82.640000
2023-03-13,420.420000,80.740000
2023-03-14,426.360000,77.610000
2023-03-15,426.540000,74.270000
2023-03-16,430.480000,74.260000
2023-03-17,432.440000,72.520000
2023-03-20,445.020000,73.560000
2023-03-21,441.560000,74.780000
2023-03-22,435.420000,75.470000
2023-03-23,438.360000,75.150000
2023-03-24,440.700000,74.610000
2023-03-27,438.140000,77.760000
2023-03-28,436.180000,78.420000
2023-03-29,437.760000,77.530000
2023-03-30,438.900000,78.560000
2023-03-31,441.200000,79.930000
2023-04-03,435.620000,84.780000
2023-04-04,440.700000,85.260000
2023-04-05,440.700000,84.880000
2023-04-06,447.180000,84.940000
2023-04-07,447.320000,84.940000
2023-04-10,442.800000,84.310000
2023-04-11,444.840000,85.620000
2023-04-12,448.840000,87.230000
2023-04-13,448.820000,86.310000
2023-04-14,451.000000,86.630000
2023-04-17,446.080000,84.830000
2023-04-18,444.260000,84.870000
2023-04-19,443.980000,82.880000
2023-04-20,444.540000,80.860000
2023-04-21,442.500000,81.750000
2023-04-23,442.500000,81.750000
2023-04-24,441.160000,82.320000
2023-04-25,444.980000,80.600000
2023-04-26,446.340000,77.800000
2023-04-27,447.280000,78.310000
2023-04-28,444.040000,80.260000
2023-04-30,444.040000,80.260000
2023-05-01,444.040000,79.400000
2023-05-02,444.040000,75.230000
2023-05-03,444.040000,71.930000
2023-05-04,455.260000,72.540000
2023-05-05,457.920000,75.370000
2023-05-06,457.920000,75.370000
2023-05-08,452.360000,76.610000
2023-05-09,453.180000,77.280000
2023-05-10,454.900000,76.590000
2023-05-11,454.820000,75.430000
2023-05-12,451.500000,74.170000
2023-05-15,453.420000,75.560000
2023-05-16,452.260000,74.750000
2023-05-17,450.240000,76.780000
2023-05-18,449.400000,75.950000
2023-05-19,447.620000,75.590000
2023-05-22,449.540000,75.940000
2023-05-23,447.620000,77.500000
2023-05-24,449.900000,78.340000
2023-05-25,448.000000,76.140000
2023-05-26,445.500000,77.170000
2023-05-29,445.660000,77.100000
2023-05-30,444.620000,73.870000
2023-05-31,450.860000,72.130000
2023-06-01,450.980000,74.320000
2023-06-02,452.300000,76.400000
2023-06-05,447.260000,76.600000
2023-06-06,450.280000,76.120000
2023-06-07,451.100000,76.800000
2023-06-08,448.460000,75.520000
2023-06-09,452.340000,75.040000
2023-06-12,452.500000,72.110000
2023-06-13,453.680000,74.190000
2023-06-14,450.900000,73.610000
2023-06-15,447.140000,75.630000
2023-06-16,450.500000,76.260000
2023-06-19,451.240000,76.130000
2023-06-20,451.760000,75.420000
2023-06-21,449.840000,77.030000
2023-06-22,449.840000,74.230000
2023-06-23,449.840000,74.550000
2023-06-25,449.840000,74.550000
2023-06-26,449.140000,74.470000
2023-06-27,448.860000,72.910000
2023-06-28,447.100000,73.830000
2023-06-29,447.500000,74.390000
2023-06-30,448.600000,75.190000
2023-07-03,449.520000,74.960000
2023-07-04,449.940000,76.120000
2023-07-05,450.700000,76.530000
2023-07-06,451.660000,76.510000
2023-07-07,450.820000,78.170000
2023-07-10,452.080000,77.790000
2023-07-11,452.200000,79.350000
2023-07-12,452.120000,80.200000
2023-07-13,456.320000,81.540000
2023-07-14,454.000000,79.630000
2023-07-17,455.340000,78.560000
2023-07-18,456.940000,79.820000
2023-07-19,462.480000,79.540000
2023-07-20,461.960000,79.620000
2023-07-21,459.300000,80.890000
2023-07-24,459.100000,82.750000
2023-07-25,456.800000,82.790000
2023-07-26,458.680000,82.620000
2023-07-27,459.760000,83.430000
2023-07-28,456.300000,84.290000
2023-07-31,455.980000,85.230000
2023-08-01,457.580000,85.680000
2023-08-02,457.180000,83.380000
2023-08-03,455.040000,85.250000
2023-08-04,454.400000,86.150000
2023-08-07,455.640000,85.910000
2023-08-08,455.640000,86.180000
2023-08-09,455.360000,87.510000
2023-08-10,453.620000,86.330000
2023-08-11,455.560000,86.730000
2023-08-14,455.740000,86.230000
2023-08-15,455.860000,85.080000
2023-08-16,457.100000,83.370000
2023-08-17,456.860000,83.900000
2023-08-18,455.100000,84.830000
2023-08-21,457.080000,84.590000
2023-08-22,456.500000,83.890000
2023-08-23,457.880000,83.070000
2023-08-24,460.040000,83.230000
2023-08-25,458.500000,84.300000
2023-08-28,458.620000,83.840000
2023-08-29,460.140000,84.940000
2023-08-30,461.480000,85.290000
2023-08-31,463.160000,86.820000
2023-09-01,462.460000,88.990000
2023-09-04,464.380000,89.000000
2023-09-05,464.980000,90.050000
2023-09-06,464.240000,90.630000
2023-09-07,464.120000,89.760000
2023-09-08,466.840000,90.440000
2023-09-11,466.540000,90.610000
2023-09-12,466.760000,91.960000
2023-09-13,467.660000,92.190000
2023-09-14,472.000000,94.140000
2023-09-15,469.720000,94.270000
2023-09-18,467.320000,93.370000
2023-09-19,469.800000,93.200000
2023-09-20,471.380000,92.060000
2023-09-21,470.880000,92.240000
2023-09-22,470.480000,92.430000
2023-09-25,471.480000,91.980000
2023-09-26,470.600000,92.550000
2023-09-27,466.900000,94.450000
2023-09-28,459.500000,93.130000
2023-09-29,459.500000,92.110000
2023-09-30,459.500000,92.110000
2023-10-02,459.500000,90.480000
2023-10-03,459.500000,91.100000
2023-10-04,459.500000,86.090000
2023-10-05,459.500000,84.180000
2023-10-06,459.500000,84.430000
2023-10-07,459.500000,84.430000
2023-10-08,459.500000,84.430000
2023-10-09,454.800000,88.250000
2023-10-10,450.580000,87.720000
2023-10-11,450.400000,85.540000
2023-10-12,453.660000,86.260000
2023-10-13,454.920000,90.800000
2023-10-16,461.200000,90.160000
2023-10-17,463.400000,90.910000
2023-10-18,467.940000,91.410000
2023-10-19,471.260000,93.050000
2023-10-20,476.680000,92.510000
2023-10-23,476.000000,90.500000
2023-10-24,475.200000,88.080000
2023-10-25,473.920000,89.090000
2023-10-26,476.660000,87.290000
2023-10-27,476.980000,89.170000
2023-10-30,478.120000,86.570000
2023-10-31,478.940000,85.620000
2023-11-01,477.180000,84.900000
2023-11-02,478.720000,86.960000
2023-11-03,478.200000,85.230000
2023-11-06,475.960000,85.210000
2023-11-07,474.000000,81.410000
2023-11-08,471.840000,79.710000
2023-11-09,468.900000,79.870000
2023-11-10,471.360000,81.700000
2023-11-13,469.980000,82.700000
2023-11-14,471.520000,82.370000
2023-11-15,472.980000,81.070000
2023-11-16,471.860000,77.450000
2023-11-17,473.440000,80.620000
2023-11-20,468.000000,82.030000
2023-11-21,466.980000,82.390000
2023-11-22,466.100000,81.660000
2023-11-23,465.460000,81.120000
2023-11-24,465.900000,80.150000
2023-11-27,470.080000,80.000000
2023-11-28,471.600000,81.430000
2023-11-29,475.460000,82.650000
2023-11-30,475.720000,80.350000
2023-12-01,475.780000,79.560000
2023-12-04,481.620000,78.200000
2023-12-05,475.000000,77.000000
2023-12-06,474.080000,74.280000
2023-12-07,474.880000,74.560000
2023-12-08,475.200000,75.650000
2023-12-11,471.600000,76.110000
2023-12-12,469.900000,73.320000
2023-12-13,469.020000,74.620000
2023-12-14,476.200000,76.600000
2023-12-15,475.460000,76.950000
2023-12-18,474.900000,78.040000
2023-12-19,475.900000,79.390000
2023-12-20,476.920000,79.130000
2023-12-21,477.020000,79.120000
2023-12-22,479.540000,78.890000
2023-12-25,480.800000,78.890000
2023-12-26,481.400000,80.640000
2023-12-27,482.600000,79.310000
2023-12-28,483.600000,77.480000
2023-12-29,481.700000,77.080000
2023-12-31,481.700000,77.080000
2024-01-01,481.700000,77.080000
2024-01-02,483.320000,76.040000
2024-01-03,483.580000,78.440000
2024-01-04,481.640000,77.740000
2024-01-05,482.380000,78.900000
2024-01-08,481.720000,76.270000
2024-01-09,481.020000,77.490000
2024-01-10,479.860000,76.780000
2024-01-11,480.240000,78.480000
2024-01-12,480.780000,78.320000
2024-01-15,483.580000,78.640000
2024-01-16,483.340000,77.900000
2024-01-17,479.660000,78.110000
2024-01-18,478.720000,78.960000
2024-01-19,480.360000,78.630000
2024-01-22,478.880000,79.890000
2024-01-23,479.180000,79.730000
2024-01-24,478.660000,80.230000
2024-01-25,476.840000,81.840000
2024-01-26,478.720000,83.020000
2024-01-29,480.040000,82.000000
2024-01-30,481.000000,82.430000
2024-01-31,481.580000,80.690000
2024-02-01,482.840000,78.820000
2024-02-02,484.820000,77.670000
2024-02-04,484.820000,77.670000
2024-02-05,481.440000,77.930000
2024-02-06,480.660000,78.770000
2024-02-07,482.100000,79.430000
2024-02-08,483.540000,81.750000
2024-02-09,483.540000,81.860000
2024-02-12,483.540000,82.080000
2024-02-13,483.540000,82.660000
2024-02-14,483.540000,81.440000
2024-02-15,483.540000,82.850000
2024-02-16,483.540000,83.580000
2024-02-18,483.540000,83.580000
2024-02-19,480.700000,83.350000
2024-02-20,480.420000,82.560000
2024-02-21,480.420000,83.160000
2024-02-22,480.060000,82.460000
2024-02-23,478.960000,80.750000
2024-02-26,481.540000,81.740000
2024-02-27,481.420000,82.270000
2024-02-28,481.280000,81.850000
2024-02-29,481.820000,82.020000
2024-03-01,483.800000,83.460000
2024-03-04,490.100000,82.840000
2024-03-05,497.360000,82.080000
2024-03-06,500.700000,82.910000
2024-03-07,505.880000,83.360000
2024-03-08,506.280000,82.050000
2024-03-11,508.300000,82.450000
2024-03-12,506.740000,82.360000
2024-03-13,505.620000,83.950000
2024-03-14,506.340000,85.130000
2024-03-15,508.160000,85.350000
2024-03-18,504.040000,86.890000
2024-03-19,505.220000,87.230000
2024-03-20,505.740000,86.150000
2024-03-21,515.700000,85.050000
2024-03-22,512.480000,84.940000
2024-03-25,513.420000,86.040000
2024-03-26,514.200000,85.270000
2024-03-27,516.420000,85.700000
2024-03-28,520.000000,87.070000
2024-03-29,531.300000,87.070000
2024-03-31,531.300000,87.070000
2024-04-01,534.040000,87.810000
2024-04-02,534.740000,89.270000
2024-04-03,541.520000,89.560000
2024-04-04,541.520000,91.090000
2024-04-05,541.520000,90.860000
2024-04-07,541.520000,90.860000
2024-04-08,554.740000,90.620000
2024-04-09,556.920000,89.590000
2024-04-10,558.780000,90.650000
2024-04-11,555.220000,90.200000
2024-04-12,570.500000,90.150000
2024-04-15,563.880000,90.410000
2024-04-16,567.000000,90.090000
2024-04-17,567.780000,87.420000
2024-04-18,565.520000,86.900000
2024-04-19,568.300000,87.390000
2024-04-22,558.420000,87.150000
2024-04-23,544.840000,88.450000
2024-04-24,551.000000,87.080000
2024-04-25,550.280000,88.050000
2024-04-26,554.580000,88.060000
2024-04-28,554.580000,88.060000
2024-04-29,551.460000,87.280000
2024-04-30,549.500000,85.920000
2024-05-01,549.500000,83.580000
2024-05-02,549.500000,83.700000
2024-05-03,549.500000,82.780000
2024-05-06,548.320000,83.630000
2024-05-07,549.820000,82.980000
2024-05-08,549.000000,83.770000
2024-05-09,548.100000,84.100000
2024-05-10,561.400000,82.780000
2024-05-11,561.400000,82.780000
2024-05-13,557.620000,83.450000
2024-05-14,554.620000,82.790000
2024-05-15,559.020000,82.900000
2024-05-16,564.420000,83.440000
2024-05-17,564.860000,84.000000
2024-05-20,578.840000,83.710000
2024-05-21,572.220000,82.530000
2024-05-22,573.320000,81.740000
2024-05-23,559.720000,81.510000
2024-05-24,554.480000,81.850000
2024-05-27,555.780000,82.820000
2024-05-28,555.960000,84.330000
2024-05-29,559.700000,83.360000
2024-05-30,554.200000,81.950000
2024-05-31,556.860000,81.370000
2024-06-03,551.560000,78.150000
2024-06-04,556.240000,77.130000
2024-06-05,553.620000,78.660000
2024-06-06,562.140000,80.020000
2024-06-07,562.300000,79.470000
2024-06-10,562.300000,81.960000
2024-06-11,544.780000,82.230000
2024-06-12,548.040000,82.520000
2024-06-13,548.440000,82.190000
2024-06-14,548.480000,82.670000
2024-06-17,549.460000,84.410000
2024-06-18,550.080000,85.350000
2024-06-19,552.400000,85.270000
2024-06-20,557.160000,84.800000
2024-06-21,559.740000,84.180000
2024-06-24,551.180000,85.190000
2024-06-25,552.160000,84.150000
2024-06-26,548.700000,84.480000
2024-06-27,545.400000,85.430000
2024-06-28,551.520000,84.840000
2024-06-30,551.520000,84.840000
2024-07-01,551.420000,86.640000
2024-07-02,552.480000,86.600000
2024-07-03,555.700000,87.070000
2024-07-04,558.340000,87.550000
2024-07-05,559.660000,86.860000
2024-07-08,560.740000,85.690000
2024-07-09,558.660000,85.040000
2024-07-10,561.100000,85.450000
2024-07-11,565.460000,85.610000
2024-07-12,568.540000,85.270000
2024-07-15,568.340000,84.880000
2024-07-16,574.940000,83.850000
2024-07-17,581.560000,85.190000
2024-07-18,581.480000,84.860000
2024-07-19,565.940000,82.560000
2024-07-22,565.400000,82.260000
2024-07-23,562.600000,81.580000
2024-07-24,569.640000,80.600000
2024-07-25,555.680000,81.420000
2024-07-26,557.380000,79.850000
2024-07-29,561.240000,79.130000
2024-07-30,562.020000,78.570000
2024-07-31,566.280000,81.510000
2024-08-01,570.900000,80.040000
2024-08-02,574.040000,77.560000
2024-08-05,559.940000,77.250000
2024-08-06,554.180000,76.110000
2024-08-07,556.060000,78.550000
2024-08-08,556.100000,78.940000
2024-08-09,560.700000,79.460000
2024-08-12,565.300000,82.040000
2024-08-13,569.460000,80.970000
2024-08-14,568.220000,80.030000
2024-08-15,566.980000,80.970000
2024-08-16,567.740000,79.580000
2024-08-19,573.700000,77.730000
2024-08-20,574.240000,77.160000
2024-08-21,576.200000,76.070000
2024-08-22,574.460000,77.110000
2024-08-23,572.580000,78.220000
2024-08-26,576.200000,80.180000
2024-08-27,575.940000,78.960000
2024-08-28,575.160000,77.420000
2024-08-29,575.060000,78.760000
2024-08-30,574.060000,77.050000
2024-08-31,574.060000,77.050000
2024-09-02,570.820000,77.280000
2024-09-03,572.120000,73.720000
2024-09-04,568.220000,72.780000
2024-09-05,572.040000,72.860000
2024-09-06,573.680000,71.470000
2024-09-09,569.220000,71.910000
2024-09-10,573.240000,69.710000
2024-09-11,576.120000,70.720000
2024-09-12,575.220000,72.230000
2024-09-13,583.580000,71.480000
2024-09-14,583.580000,71.480000
2024-09-16,583.580000,72.360000
2024-09-17,583.580000,73.050000
2024-09-18,582.980000,72.080000
2024-09-19,582.200000,74.030000
2024-09-20,590.620000,73.930000
2024-09-23,595.140000,73.620000
2024-09-24,594.240000,74.470000
2024-09-25,598.360000,73.110000
2024-09-26,599.900000,70.890000
2024-09-27,599.420000,71.980000
2024-09-29,599.420000,71.980000
2024-09-30,596.720000,72.000000
2024-10-01,596.720000,74.470000
2024-10-02,596.720000,74.660000
2024-10-03,596.720000,77.880000
2024-10-04,596.720000,78.140000
2024-10-07,596.720000,81.140000
2024-10-08,596.220000,77.440000
2024-10-09,588.560000,76.760000
2024-10-10,590.700000,79.300000
2024-10-11,597.380000,78.790000
2024-10-12,597.380000,78.790000
2024-10-14,603.300000,75.190000
2024-10-15,603.640000,74.650000
2024-10-16,611.980000,74.450000
2024-10-17,614.260000,74.460000
2024-10-18,619.060000,73.170000
2024-10-21,625.820000,74.070000
2024-10-22,626.500000,75.640000
2024-10-23,629.960000,75.160000
2024-10-24,624.540000,74.540000
2024-10-25,624.720000,75.900000
2024-10-28,626.580000,71.640000
2024-10-29,631.800000,71.000000
2024-10-30,638.620000,72.670000
2024-10-31,635.660000,74.060000
2024-11-01,629.720000,72.940000
2024-11-04,625.380000,75.200000
2024-11-05,625.020000,75.540000
2024-11-06,624.060000,75.160000
2024-11-07,611.320000,75.570000
2024-11-08,615.480000,73.900000
2024-11-11,615.780000,71.900000
2024-11-12,605.660000,71.790000
2024-11-13,604.460000,72.030000
2024-11-14,593.100000,72.410000
2024-11-15,593.300000,71.050000
2024-11-18,600.600000,73.140000
2024-11-19,609.840000,73.300000
2024-11-20,610.600000,73.100000
2024-11-21,617.700000,74.370000
2024-11-22,627.880000,75.280000
2024-11-25,619.160000,72.550000
2024-11-26,610.840000,72.390000
2024-11-27,616.460000,72.380000
2024-11-28,613.200000,72.690000
2024-11-29,618.800000,72.090000
2024-11-30,618.800000,72.090000
2024-12-02,613.280000,71.930000
2024-12-03,619.320000,73.690000
2024-12-04,618.220000,72.500000
2024-12-05,618.400000,72.170000
2024-12-06,615.940000,71.050000
2024-12-09,619.120000,71.900000
2024-12-10,621.440000,72.060000
2024-12-11,627.060000,73.640000
2024-12-12,631.380000,73.410000
2024-12-13,625.600000,74.350000
2024-12-16,619.720000,73.910000
2024-12-17,619.140000,73.320000
2024-12-18,618.500000,72.990000
2024-12-19,613.520000,72.670000
2024-12-20,613.940000,72.600000
2024-12-23,620.140000,72.650000
2024-12-24,617.580000,73.230000
2024-12-25,619.000000,73.230000
2024-12-26,619.740000,72.870000
2024-12-27,620.220000,73.620000
2024-12-30,617.660000,74.130000
2024-12-31,617.600000,74.830000
2025-01-01,617.600000,74.830000
2025-01-02,622.400000,75.950000
2025-01-03,627.960000,76.690000
2025-01-06,624.920000,76.260000
2025-01-07,625.020000,77.250000
2025-01-08,627.960000,76.220000
2025-01-09,631.300000,77.200000
2025-01-10,635.460000,79.790000
2025-01-13,637.140000,80.900000
2025-01-14,632.100000,80.320000
2025-01-15,636.840000,82.490000
2025-01-16,639.120000,81.360000
2025-01-17,640.680000,80.730000
2025-01-20,639.800000,79.790000
2025-01-21,639.780000,79.350000
2025-01-22,645.460000,78.970000
2025-01-23,646.200000,77.170000
2025-01-24,648.900000,77.490000
2025-01-26,648.900000,77.490000
2025-01-27,647.540000,76.190000
2025-01-28,647.540000,76.590000
2025-01-29,647.540000,75.910000
2025-01-30,647.540000,76.100000
2025-01-31,647.540000,76.500000
2025-02-03,647.540000,75.500000
2025-02-04,647.540000,76.050000
2025-02-05,670.640000,74.690000
2025-02-06,668.460000,74.270000
2025-02-07,669.900000,74.690000
2025-02-08,669.900000,74.690000
2025-02-10,679.080000,76.130000
2025-02-11,685.740000,76.820000
2025-02-12,681.220000,74.940000
2025-02-13,684.560000,75.320000
2025-02-14,688.400000,74.640000
2025-02-17,677.100000,75.320000
2025-02-18,682.820000,75.770000
2025-02-19,687.800000,76.130000
2025-02-20,690.000000,76.620000
2025-02-21,684.440000,73.850000
2025-02-24,685.980000,74.450000
2025-02-25,685.580000,72.560000
2025-02-26,679.420000,72.310000
2025-02-27,677.000000,73.420000
2025-02-28,672.120000,73.080000
2025-03-03,672.400000,71.490000
2025-03-04,676.820000,71.130000
2025-03-05,682.160000,69.360000
2025-03-06,680.640000,69.420000
2025-03-07,679.480000,70.450000
2025-03-10,681.500000,69.140000
2025-03-11,677.560000,69.920000
2025-03-12,679.560000,70.910000
2025-03-13,684.500000,70.150000
2025-03-14,694.960000,70.650000
2025-03-17,695.940000,70.930000
2025-03-18,700.700000,70.420000
2025-03-19,707.340000,70.400000
2025-03-20,708.500000,71.710000
2025-03-21,706.960000,71.670000
2025-03-24,707.140000,72.430000
2025-03-25,706.760000,72.510000
2025-03-26,709.020000,73.350000
2025-03-27,710.300000,73.350000
2025-03-28,722.800000,72.540000
2025-03-31,729.800000,74.710000
2025-04-01,736.300000,74.510000
2025-04-02,733.600000,73.370000
2025-04-03,739.040000,69.810000
2025-04-04,739.040000,66.060000
2025-04-07,718.180000,64.360000
2025-04-08,719.220000,61.620000
2025-04-09,728.140000,65.720000
2025-04-10,744.480000,63.400000
2025-04-11,757.300000,64.590000
2025-04-14,763.640000,64.820000
2025-04-15,764.440000,64.850000
2025-04-16,781.600000,66.060000
2025-04-17,789.220000,67.850000
2025-04-18,791.020000,67.850000
2025-04-21,805.060000,66.470000
2025-04-22,831.420000,67.820000
2025-04-23,784.280000,66.140000
2025-04-24,792.200000,65.600000
2025-04-25,787.200000,65.830000
2025-04-27,787.200000,65.830000
2025-04-28,780.040000,64.530000
2025-04-29,785.140000,63.010000
2025-04-30,780.300000,61.040000
2025-05-01,780.300000,61.870000
2025-05-02,780.300000,61.450000
2025-05-03,780.300000,61.450000
2025-05-05,780.300000,60.250000
2025-05-06,794.800000,62.040000
2025-05-07,803.500000,60.950000
2025-05-08,790.780000,63.120000
2025-05-09,788.420000,63.880000
2025-05-12,772.280000,64.990000
2025-05-13,767.680000,66.600000
2025-05-14,761.720000,65.850000
2025-05-15,739.820000,64.620000
2025-05-16,751.800000,65.330000
2025-05-19,755.860000,65.480000
2025-05-20,754.380000,65.600000
2025-05-21,778.780000,64.580000
2025-05-22,780.100000,64.030000
2025-05-23,780.100000,65.030000
2025-05-26,777.300000,64.180000
2025-05-27,771.600000,63.740000
2025-05-28,772.280000,64.330000
2025-05-29,764.320000,63.360000
2025-05-30,771.800000,62.610000
2025-05-31,771.800000,62.610000
2025-06-02,771.800000,65.120000
2025-06-03,783.100000,65.610000
2025-06-04,782.420000,64.910000
2025-06-05,783.720000,65.290000
2025-06-06,783.240000,66.650000
2025-06-09,774.720000,67.130000
2025-06-10,775.060000,66.600000
2025-06-11,777.540000,70.780000
2025-06-12,785.160000,70.340000
2025-06-13,794.360000,75.180000
2025-06-16,792.300000,72.500000
2025-06-17,785.080000,77.190000
2025-06-18,785.420000,76.080000
2025-06-19,781.240000,78.740000
2025-06-20,778.580000,75.780000
2025-06-23,781.300000,69.730000
2025-06-24,771.860000,66.840000
2025-06-25,773.940000,66.450000
2025-06-26,775.280000,66.740000
2025-06-27,766.400000,66.340000
2025-06-30,767.580000,66.630000
2025-07-01,776.100000,67.280000
2025-07-02,776.040000,69.150000
2025-07-03,781.280000,68.850000
2025-07-04,777.060000,68.510000
2025-07-07,771.300000,69.600000
2025-07-08,776.220000,70.030000
2025-07-09,766.820000,70.180000
2025-07-10,773.300000,68.880000
2025-07-11,773.560000,70.630000
2025-07-14,781.400000,69.140000
2025-07-15,780.400000,68.860000
2025-07-16,776.660000,68.710000
2025-07-17,776.280000,69.650000
2025-07-18,777.020000,69.230000
2025-07-21,781.700000,69.090000
2025-07-22,784.840000,68.670000
2025-07-23,792.900000,68.670000
2025-07-24,778.740000,68.530000
2025-07-25,777.320000,67.600000
2025-07-28,774.780000,69.600000
2025-07-29,771.440000,71.770000
2025-07-30,773.780000,72.750000
2025-07-31,770.280000,71.780000
2025-08-01,770.720000,69.520000
2025-08-04,781.420000,68.680000
2025-08-05,782.500000,67.680000
2025-08-06,783.680000,66.960000
2025-08-07,785.020000,66.410000
2025-08-08,787.800000,66.320000
2025-08-11,779.480000,66.710000
2025-08-12,776.040000,66.110000
2025-08-13,777.720000,65.740000
2025-08-14,778.700000,66.890000
2025-08-15,775.800000,66.130000
2025-08-18,777.660000,66.460000
2025-08-19,775.060000,65.950000
2025-08-20,772.680000,67.040000
2025-08-21,775.120000,67.670000
2025-08-22,773.400000,67.260000
2025-08-25,779.180000,68.200000
2025-08-26,781.120000,66.690000
2025-08-27,781.160000,67.200000
2025-08-28,783.220000,67.650000
2025-08-29,785.120000,67.460000
2025-08-31,785.120000,67.460000
2025-09-01,800.560000,68.160000
2025-09-02,804.320000,69.070000
2025-09-03,814.880000,67.390000
2025-09-04,812.980000,66.880000
2025-09-05,815.600000,65.670000
2025-09-08,822.860000,66.240000
2025-09-09,834.480000,66.530000
2025-09-10,833.420000,67.600000
2025-09-11,830.780000,66.310000
2025-09-12,834.220000,66.880000
2025-09-15,831.600000,67.470000
2025-09-16,842.080000,68.490000
2025-09-17,835.080000,67.910000
2025-09-18,824.100000,66.970000
2025-09-19,830.560000,66.050000
2025-09-22,846.500000,66.010000
2025-09-23,855.440000,67.170000
2025-09-24,860.000000,68.260000
2025-09-25,854.720000,68.800000
2025-09-26,856.060000,68.820000
2025-09-28,856.060000,68.820000
2025-09-29,866.520000,66.770000
2025-09-30,874.400000,66.150000
2025-10-01,874.400000,65.420000
2025-10-02,874.400000,64.320000
2025-10-03,874.400000,64.360000
2025-10-06,874.400000,65.520000
2025-10-07,874.400000,65.730000
2025-10-08,874.400000,66.080000
2025-10-09,914.320000,65.230000
2025-10-10,901.560000,62.090000
2025-10-11,901.560000,62.090000
2025-10-13,927.560000,63.390000
2025-10-14,938.980000,62.280000
2025-10-15,960.340000,62.470000
2025-10-16,966.420000,61.020000
2025-10-17,999.800000,61.340000
2025-10-20,970.320000,60.940000
2025-10-21,994.060000,61.660000
2025-10-22,952.560000,64.350000
2025-10-23,942.280000,65.960000
2025-10-24,938.100000,64.920000
2025-10-27,934.140000,65.040000
2025-10-28,901.380000,63.860000
2025-10-29,910.880000,64.300000
2025-10-30,912.160000,64.030000
2025-10-31,921.920000,64.580000
2025-11-03,922.580000,64.840000
2025-11-04,915.580000,64.350000
2025-11-05,912.260000,63.550000
2025-11-06,917.800000,63.570000
2025-11-07,921.260000,63.700000
2025-11-10,935.980000,63.940000
2025-11-11,948.880000,65.090000
2025-11-12,945.760000,62.680000
2025-11-13,961.220000,63.110000
2025-11-14,953.200000,64.290000
2025-11-17,929.460000,64.030000
2025-11-18,918.520000,64.820000
2025-11-19,937.000000,63.660000
2025-11-20,932.560000,63.190000
2025-11-21,926.940000,62.510000
2025-11-24,930.320000,62.730000
2025-11-25,946.500000,61.900000
2025-11-26,946.720000,62.440000
2025-11-27,947.160000,62.920000
2025-11-28,953.920000,62.320000
2025-11-30,953.920000,62.320000
2025-12-01,963.280000,63.330000
2025-12-02,958.420000,62.390000
2025-12-03,956.700000,62.750000
2025-12-04,953.420000,63.370000
2025-12-05,961.040000,63.860000
2025-12-08,958.700000,62.530000
2025-12-09,951.540000,62.120000
2025-12-10,956.400000,62.520000
2025-12-11,957.900000,61.550000
2025-12-12,970.660000,61.220000
2025-12-15,983.160000,60.360000
2025-12-16,971.420000,58.840000
2025-12-17,979.720000,60.660000
2025-12-18,980.500000,59.710000
2025-12-19,979.900000,60.120000
2025-12-22,1000.860000,61.540000
2025-12-23,1014.240000,61.920000
2025-12-24,1014.680000,61.840000
2025-12-25,1008.760000,61.840000
2025-12-26,1016.300000,60.330000
2025-12-29,1007.180000,61.260000
2025-12-30,984.840000,61.280000
2025-12-31,977.560000,60.910000
2026-01-01,977.560000,60.910000
2026-01-02,977.560000,60.800000
2026-01-04,977.560000,60.800000
2026-01-05,995.000000,61.770000
2026-01-06,1004.980000,60.510000
2026-01-07,998.900000,60.390000
2026-01-08,997.940000,62.700000
2026-01-09,1006.480000,63.020000
2026-01-12,1026.280000,64.300000
2026-01-13,1027.180000,65.460000
2026-01-14,1040.620000,65.390000
2026-01-15,1035.200000,63.870000
2026-01-16,1032.320000,64.200000
2026-01-19,1048.880000,64.180000
2026-01-20,1060.160000,64.000000
2026-01-21,1092.300000,64.620000
2026-01-22,1087.580000,63.710000
2026-01-23,1115.640000,65.440000
2026-01-26,1143.320000,64.900000
2026-01-27,1148.380000,66.760000
2026-01-28,1186.200000,67.690000
2026-01-29,1249.120000,69.710000
2026-01-30,1161.420000,69.830000
2026-01-31,1161.420000,69.830000
2026-02-02,1008.600000,66.310000
2026-02-03,1093.780000,67.820000
2026-02-04,1141.700000,68.950000
2026-02-05,1105.760000,67.320000
2026-02-06,1090.120000,68.100000
2026-02-09,1125.940000,69.140000
2026-02-10,1121.220000,69.080000
2026-02-11,1130.400000,69.630000
2026-02-12,1126.120000,67.550000
2026-02-13,1110.100000,67.730000
2026-02-14,1110.100000,67.730000
2026-02-16,1110.100000,68.580000
2026-02-17,1110.100000,67.360000
2026-02-18,1110.100000,70.320000
2026-02-19,1110.100000,71.940000
2026-02-20,1110.100000,71.240000
2026-02-23,1110.100000,71.130000
2026-02-24,1150.500000,71.010000
2026-02-25,1151.060000,70.870000
2026-02-26,1146.480000,70.790000
2026-02-27,1147.900000,73.210000
2026-02-28,1147.900000,73.210000
2026-03-02,1197.220000,78.070000
2026-03-03,1182.000000,81.960000
2026-03-04,1153.060000,82.580000
2026-03-05,1152.000000,84.310000
2026-03-06,1140.800000,93.320000
2026-03-09,1140.000000,89.790000
2026-03-10,1150.000000,91.400000
2026-03-11,1151.980000,93.630000
2026-03-12,1148.100000,101.750000
2026-03-13,1133.000000,103.890000
2026-03-16,1118.340000,101.020000
2026-03-17,1116.200000,103.500000
2026-03-18,1113.520000,105.060000
2026-03-19,1062.000000,103.070000
2026-03-20,1039.220000,104.410000
2026-03-23,940.000000,96.070000
2026-03-24,977.280000,95.960000
2026-03-25,1013.960000,98.060000
2026-03-26,995.980000,100.100000
2026-03-27,998.660000,106.290000
2026-03-30,1014.880000,108.890000
2026-03-31,1020.100000,103.530000
2026-04-01,1053.180000,100.240000
2026-04-02,1023.780000,109.240000
2026-04-03,1033.000000,109.240000
2026-04-06,1033.000000,109.700000
2026-04-07,1034.280000,103.420000
2026-04-08,1062.000000,96.700000
2026-04-09,1041.320000,96.410000
2026-04-10,1048.360000,94.260000
2026-04-13,1043.400000,98.000000
2026-04-14,1052.820000,95.340000
2026-04-15,1058.240000,94.870000
2026-04-16,1061.500000,98.210000
2026-04-17,1054.020000,92.420000
2026-04-20,1054.960000,93.800000
2026-04-21,1051.700000,99.060000
2026-04-22,1051.400000,101.550000
2026-04-23,1040.060000,106.010000
2026-04-24,1032.120000,105.880000
2026-04-27,1039.420000,101.970000
2026-04-28,1022.100000,104.480000
2026-04-29,1011.880000,112.490000
2026-04-30,1016.120000,110.860000
2026-05-01,1016.120000,109.200000
2026-05-04,1016.120000,114.060000
2026-05-05,1016.120000,110.310000
2026-05-06,1028.480000,101.960000
2026-05-07,1040.980000,103.370000
2026-05-08,1038.220000,100.250000
2026-05-09,1038.220000,100.250000
2026-05-11,1026.800000,104.580000
2026-05-12,1030.120000,107.690000
2026-05-13,1030.560000,105.720000
2026-05-14,1029.600000,106.590000
2026-05-15,1004.380000,109.470000
2026-05-18,999.800000,109.690000
2026-05-19,999.580000,110.920000
2026-05-20,983.920000,105.160000
2026-05-21,992.740000,104.920000
2026-05-22,993.340000,104.250000
2026-05-25,998.700000,93.640000
2026-05-26,995.000000,96.280000
2026-05-27,983.560000,92.880000
2026-05-28,961.180000,92.400000
2026-05-29,989.400000,91.890000
2026-05-31,989.400000,91.890000
2026-06-01,983.580000,95.250000
2026-06-02,990.600000,95.940000
2026-06-03,977.080000,97.390000
2026-06-04,977.940000,95.360000
2026-06-05,974.020000,92.780000
2026-06-08,942.200000,94.110000
2026-06-09,947.040000,92.340000
2026-06-10,919.320000,95.000000
2026-06-11,895.000000,89.130000
2026-06-12,911.620000,86.800000
2026-06-15,938.940000,83.360000
2026-06-16,941.720000,79.340000
2026-06-17,942.940000,78.660000
2026-06-18,937.960000,79.000000
2026-06-19,937.960000,79.880000
2026-06-22,916.920000,77.810000
2026-06-23,897.900000,76.730000
2026-06-24,896.040000,73.380000
2026-06-25,872.000000,75.090000
2026-06-26,883.300000,73.600000
2026-06-29,888.720000,73.570000
2026-06-30,881.240000,73.430000
2026-07-01,869.820000,71.190000
2026-07-02,890.660000,71.560000
2026-07-03,911.400000,71.940000
2026-07-06,907.820000,72.010000
2026-07-07,903.760000,75.940000
2026-07-08,902.760000,79.480000
2026-07-09,898.860000,75.900000
2026-07-10,897.940000,75.220000
2026-07-13,885.940000,83.320000
2026-07-14,880.260000,85.140000
2026-07-15,880.100000,85.060000
2026-07-16,879.180000,84.860000
2026-07-17,873.720000,88.260000
2026-07-20,874.240000,88.810000
2026-07-21,889.660000,91.640000
2026-07-22,899.160000,95.500000
2026-07-23,899.080000,94.610000
2026-07-24,881.180000,92.820000
2026-07-27,893.120000,85.350000
2026-07-28,885.100000,83.010000
2026-07-29,884.200000,88.110000
2026-07-30,881.400000,87.010000
2026-07-31,888.300000,91.040000
2026-08-03,886.640000,83.700000
2026-08-04,886.480000,78.680000
2026-08-05,910.400000,79.420000
2026-08-06,926.900000,83.080000
2026-08-07,936.760000,82.380000
2026-08-10,948.200000,87.880000
2026-08-11,949.940000,89.300000
2026-08-12,958.540000,89.300000
