date,hf_geo_factor
2021-01-03,50.083736
2021-01-04,47.385869
2021-01-05,54.762391
2021-01-06,56.568258
2021-01-07,57.404415
2021-01-08,61.765478
2021-01-09,61.735684
2021-01-10,61.832158
2021-01-11,59.944198
2021-01-12,62.801171
2021-01-13,60.664825
2021-01-14,62.078008
2021-01-15,58.273513
2021-01-16,58.130221
2021-01-17,58.395523
2021-01-18,57.865617
2021-01-19,60.369529
2021-01-20,59.568949
2021-01-21,61.043842
2021-01-22,58.738157
2021-01-23,58.857330
2021-01-24,58.853074
2021-01-25,60.923034
2021-01-26,60.758864
2021-01-27,58.537210
2021-01-28,57.786587
2021-01-29,57.917823
2021-01-30,58.052602
2021-01-31,58.035578
2021-02-01,60.826374
2021-02-02,64.741437
2021-02-03,66.787186
2021-02-04,67.919151
2021-02-05,69.260381
2021-02-06,68.587905
2021-02-07,68.298485
2021-02-08,71.013376
2021-02-09,72.681123
2021-02-10,71.502658
2021-02-11,71.095065
2021-02-12,76.186671
2021-02-13,76.474672
2021-02-14,76.528584
2021-02-15,78.029022
2021-02-16,79.025487
2021-02-17,82.253871
2021-02-18,78.529235
2021-02-19,76.740082
2021-02-20,76.742920
2021-02-21,76.944379
2021-02-22,82.480363
2021-02-23,80.747045
2021-02-24,86.688692
2021-02-25,86.010316
2021-02-26,82.001121
2021-02-27,81.907485
2021-02-28,82.020983
2021-03-01,78.802429
2021-03-02,77.102656
2021-03-03,80.451229
2021-03-04,88.757543
2021-03-05,95.029358
2021-03-06,95.029358
2021-03-07,95.029358
2021-03-08,91.394799
2021-03-09,89.470759
2021-03-10,91.748876
2021-03-11,95.140724
2021-03-12,93.935900
2021-03-13,93.935900
2021-03-14,93.935900
2021-03-15,92.032148
2021-03-16,91.389853
2021-03-17,89.541517
2021-03-18,76.537298
2021-03-19,80.969591
2021-03-20,80.969591
2021-03-21,80.969591
2021-03-22,80.562308
2021-03-23,70.985800
2021-03-24,80.373509
2021-03-25,74.545453
2021-03-26,80.826292
2021-03-27,80.826292
2021-03-28,80.826292
2021-03-29,83.158832
2021-03-30,80.263655
2021-03-31,77.691148
2021-04-01,81.593745
2021-04-02,81.738455
2021-04-03,81.738455
2021-04-04,81.738455
2021-04-05,76.065955
2021-04-06,76.733485
2021-04-07,77.057272
2021-04-08,78.051318
2021-04-09,76.925238
2021-04-10,76.925238
2021-04-11,76.925238
2021-04-12,77.529522
2021-04-13,79.788986
2021-04-14,85.694460
2021-04-15,87.118891
2021-04-16,86.813656
2021-04-17,86.813656
2021-04-18,86.813656
2021-04-19,87.932852
2021-04-20,85.770768
2021-04-21,82.642106
2021-04-22,83.531988
2021-04-23,84.351120
2021-04-24,84.351120
2021-04-25,84.351120
2021-04-26,83.809655
2021-04-27,84.856489
2021-04-28,85.875056
2021-04-29,89.430872
2021-04-30,84.955110
2021-05-01,84.955110
2021-05-02,84.955110
2021-05-03,87.947675
2021-05-04,92.162710
2021-05-05,89.896547
2021-05-06,88.985609
2021-05-07,88.694871
2021-05-08,88.694871
2021-05-09,88.694871
2021-05-10,88.834410
2021-05-11,89.834534
2021-05-12,90.998618
2021-05-13,86.249934
2021-05-14,90.414398
2021-05-15,90.414398
2021-05-16,90.414398
2021-05-17,92.592894
2021-05-18,90.073485
2021-05-19,85.356927
2021-05-20,81.401023
2021-05-21,85.562239
2021-05-22,85.562239
2021-05-23,85.562239
2021-05-24,89.594754
2021-05-25,89.876274
2021-05-26,90.447021
2021-05-27,91.839225
2021-05-28,91.286418
2021-05-29,91.286418
2021-05-30,91.286418
2021-05-31,92.419802
2021-06-01,95.045421
2021-06-02,96.203032
2021-06-03,97.225437
2021-06-04,98.673878
2021-06-05,98.673878
2021-06-06,98.673878
2021-06-07,97.859917
2021-06-08,99.068804
2021-06-09,99.120180
2021-06-10,100.156276
2021-06-11,100.849235
2021-06-12,100.849235
2021-06-13,100.849235
2021-06-14,101.796665
2021-06-15,104.609254
2021-06-16,103.857104
2021-06-17,101.618711
2021-06-18,102.439254
2021-06-19,102.439254
2021-06-20,102.439254
2021-06-21,106.747204
2021-06-22,106.251658
2021-06-23,106.450581
2021-06-24,106.836483
2021-06-25,107.921428
2021-06-26,107.921428
2021-06-27,107.921428
2021-06-28,104.468583
2021-06-29,106.171496
2021-06-30,106.023948
2021-07-01,108.505757
2021-07-02,109.285265
2021-07-03,109.285265
2021-07-04,109.285265
2021-07-05,112.159565
2021-07-06,106.639892
2021-07-07,102.595524
2021-07-08,105.556156
2021-07-09,108.977076
2021-07-10,108.977076
2021-07-11,108.977076
2021-07-12,108.106971
2021-07-13,111.016537
2021-07-14,106.476413
2021-07-15,103.172030
2021-07-16,103.359201
2021-07-17,103.359201
2021-07-18,103.359201
2021-07-19,92.093557
2021-07-20,91.977012
2021-07-21,101.209064
2021-07-22,104.828109
2021-07-23,106.150796
2021-07-24,106.150796
2021-07-25,106.150796
2021-07-26,107.842662
2021-07-27,105.092202
2021-07-28,105.625953
2021-07-29,107.843879
2021-07-30,108.840251
2021-07-31,108.840251
2021-08-01,108.840251
2021-08-02,104.016676
2021-08-03,101.753552
2021-08-04,96.251726
2021-08-05,98.288760
2021-08-06,96.187488
2021-08-07,96.187488
2021-08-08,96.187488
2021-08-09,93.097735
2021-08-10,97.503174
2021-08-11,99.422144
2021-08-12,98.138678
2021-08-13,96.094852
2021-08-14,96.094852
2021-08-15,96.094852
2021-08-16,94.365185
2021-08-17,92.680118
2021-08-18,88.555084
2021-08-19,85.697313
2021-08-20,81.442670
2021-08-21,81.442670
2021-08-22,81.442670
2021-08-23,91.080284
2021-08-24,97.342269
2021-08-25,99.240260
2021-08-26,95.506197
2021-08-27,98.393064
2021-08-28,98.393064
2021-08-29,98.393064
2021-08-30,99.566172
2021-08-31,98.426811
2021-09-01,97.200706
2021-09-02,101.396064
2021-09-03,100.541364
2021-09-04,100.541364
2021-09-05,100.541364
2021-09-06,99.662746
2021-09-07,98.466830
2021-09-08,101.329780
2021-09-09,98.000263
2021-09-10,102.101481
2021-09-11,102.101481
2021-09-12,102.101481
2021-09-13,103.877563
2021-09-14,104.615719
2021-09-15,108.709743
2021-09-16,109.353550
2021-09-17,108.824761
2021-09-18,108.824761
2021-09-19,108.824761
2021-09-20,105.412454
2021-09-21,106.707673
2021-09-22,109.584407
2021-09-23,110.950067
2021-09-24,112.928925
2021-09-25,112.928925
2021-09-26,112.928925
2021-09-27,116.638669
2021-09-28,113.359319
2021-09-29,114.842825
2021-09-30,116.102274
2021-10-01,118.435721
2021-10-02,118.435721
2021-10-03,118.435721
2021-10-04,123.268723
2021-10-05,126.548585
2021-10-06,122.207695
2021-10-07,126.360701
2021-10-08,126.463260
2021-10-09,126.463260
2021-10-10,126.463260
2021-10-11,128.556043
2021-10-12,127.648346
2021-10-13,127.594535
2021-10-14,129.633283
2021-10-15,131.857790
2021-10-16,131.857790
2021-10-17,131.857790
2021-10-18,130.126193
2021-10-19,132.937960
2021-10-20,134.847201
2021-10-21,131.868016
2021-10-22,134.549059
2021-10-23,134.549059
2021-10-24,134.549059
2021-10-25,132.978902
2021-10-26,133.813430
2021-10-27,128.777861
2021-10-28,129.683233
2021-10-29,129.013067
2021-10-30,129.013067
2021-10-31,129.013067
2021-11-01,131.696947
2021-11-02,130.512691
2021-11-03,123.639321
2021-11-04,122.531374
2021-11-05,126.574223
2021-11-06,126.574223
2021-11-07,126.574223
2021-11-08,129.620188
2021-11-09,133.377261
2021-11-10,126.752688
2021-11-11,126.424350
2021-11-12,124.832400
2021-11-13,124.832400
2021-11-14,124.832400
2021-11-15,125.235938
2021-11-16,125.527188
2021-11-17,120.358250
2021-11-18,122.277833
2021-11-19,115.921910
2021-11-20,115.921910
2021-11-21,115.921910
2021-11-22,118.058558
2021-11-23,124.875481
2021-11-24,122.204563
2021-11-25,121.922438
2021-11-26,98.396010
2021-11-27,98.396010
2021-11-28,98.396010
2021-11-29,102.186318
2021-11-30,94.195480
2021-12-01,90.958080
2021-12-02,94.729239
2021-12-03,93.889842
2021-12-04,93.889842
2021-12-05,93.889842
2021-12-06,102.690795
2021-12-07,107.091272
2021-12-08,108.617449
2021-12-09,103.733683
2021-12-10,107.276311
2021-12-11,107.276311
2021-12-12,107.276311
2021-12-13,104.761972
2021-12-14,102.237291
2021-12-15,105.153951
2021-12-16,106.027289
2021-12-17,101.529122
2021-12-18,101.529122
2021-12-19,101.529122
2021-12-20,99.164975
2021-12-21,104.157882
2021-12-22,108.251402
2021-12-23,110.572282
2021-12-24,108.341386
2021-12-25,108.341386
2021-12-26,108.341386
2021-12-27,115.981899
2021-12-28,116.597030
2021-12-29,117.370662
2021-12-30,117.476252
2021-12-31,114.276351
2022-01-01,114.276351
2022-01-02,114.276351
2022-01-03,116.623078
2022-01-04,119.978535
2022-01-05,119.953611
2022-01-06,124.275957
2022-01-07,124.514807
2022-01-08,124.514807
2022-01-09,124.514807
2022-01-10,122.444327
2022-01-11,129.549965
2022-01-12,132.322520
2022-01-13,130.884196
2022-01-14,136.904183
2022-01-15,136.904183
2022-01-16,136.904183
2022-01-17,136.957490
2022-01-18,142.275595
2022-01-19,139.988663
2022-01-20,139.468991
2022-01-21,140.480566
2022-01-22,140.480566
2022-01-23,140.480566
2022-01-24,138.368346
2022-01-25,140.160957
2022-01-26,141.162298
2022-01-27,142.053987
2022-01-28,142.261121
2022-01-29,142.261121
2022-01-30,142.261121
2022-01-31,143.264083
2022-02-01,143.129505
2022-02-02,143.150282
2022-02-03,147.427330
2022-02-04,151.038979
2022-02-05,151.038979
2022-02-06,151.038979
2022-02-07,152.328523
2022-02-08,148.125661
2022-02-09,149.374977
2022-02-10,148.374046
2022-02-11,157.580259
2022-02-12,157.580259
2022-02-13,157.580259
2022-02-14,159.666739
2022-02-15,153.716169
2022-02-16,149.859995
2022-02-17,152.260525
2022-02-18,154.298157
2022-02-19,154.298157
2022-02-20,154.298157
2022-02-21,163.780114
2022-02-22,161.432177
2022-02-23,156.871788
2022-02-24,160.097629
2022-02-25,156.769934
2022-02-26,156.769934
2022-02-27,156.769934
2022-02-28,165.816738
2022-03-01,190.129869
2022-03-02,207.522106
2022-03-03,196.966964
2022-03-04,216.600626
2022-03-05,216.600626
2022-03-06,216.600626
2022-03-07,232.676355
2022-03-08,245.438887
2022-03-09,202.395428
2022-03-10,193.750643
2022-03-11,201.051569
2022-03-12,201.051569
2022-03-13,201.051569
2022-03-14,185.514358
2022-03-15,167.312819
2022-03-16,165.647297
2022-03-17,188.534577
2022-03-18,184.415218
2022-03-19,184.415218
2022-03-20,184.415218
2022-03-21,202.227103
2022-03-22,198.281441
2022-03-23,215.492275
2022-03-24,208.087573
2022-03-25,213.747095
2022-03-26,213.747095
2022-03-27,213.747095
2022-03-28,187.653424
2022-03-29,192.690010
2022-03-30,198.943280
2022-03-31,184.838316
2022-04-01,182.444065
2022-04-02,182.444065
2022-04-03,182.444065
2022-04-04,190.659984
2022-04-05,184.809639
2022-04-06,174.558818
2022-04-07,173.948347
2022-04-08,176.466539
2022-04-09,176.466539
2022-04-10,176.466539
2022-04-11,168.853183
2022-04-12,183.235318
2022-04-13,193.408916
2022-04-14,200.538370
2022-04-15,200.385148
2022-04-16,200.385148
2022-04-17,200.385148
2022-04-18,203.844877
2022-04-19,190.791499
2022-04-20,189.443182
2022-04-21,193.775451
2022-04-22,186.084670
2022-04-23,186.084670
2022-04-24,186.084670
2022-04-25,177.543553
2022-04-26,184.212006
2022-04-27,184.167320
2022-04-28,190.312551
2022-04-29,187.339452
2022-04-30,187.339452
2022-05-01,187.339452
2022-05-02,191.137265
2022-05-03,186.821609
2022-05-04,198.088556
2022-05-05,200.132986
2022-05-06,205.729371
2022-05-07,205.729371
2022-05-08,205.729371
2022-05-09,186.070964
2022-05-10,177.418054
2022-05-11,192.802740
2022-05-12,192.912106
2022-05-13,201.361409
2022-05-14,201.361409
2022-05-15,201.361409
2022-05-16,208.347269
2022-05-17,204.724588
2022-05-18,195.375797
2022-05-19,201.411080
2022-05-20,205.030226
2022-05-21,205.030226
2022-05-22,205.030226
2022-05-23,206.373791
2022-05-24,207.485180
2022-05-25,201.385442
2022-05-26,209.194171
2022-05-27,211.571801
2022-05-28,211.571801
2022-05-29,211.571801
2022-05-30,217.340472
2022-05-31,213.551280
2022-06-01,212.553388
2022-06-02,218.604285
2022-06-03,225.837205
2022-06-04,225.837205
2022-06-05,225.837205
2022-06-06,223.064651
2022-06-07,225.633715
2022-06-08,232.987134
2022-06-09,230.449281
2022-06-10,227.983683
2022-06-11,227.983683
2022-06-12,227.983683
2022-06-13,229.329976
2022-06-14,226.254210
2022-06-15,221.023352
2022-06-16,221.194514
2022-06-17,207.514454
2022-06-18,207.514454
2022-06-19,207.514454
2022-06-20,209.196691
2022-06-21,210.719224
2022-06-22,197.999672
2022-06-23,188.612258
2022-06-24,195.832410
2022-06-25,195.832410
2022-06-26,195.832410
2022-06-27,201.310436
2022-06-28,208.185837
2022-06-29,203.833295
2022-06-30,195.942373
2022-07-01,202.096526
2022-07-02,202.096526
2022-07-03,202.096526
2022-07-04,208.074052
2022-07-05,185.105090
2022-07-06,172.386950
2022-07-07,183.232334
2022-07-08,190.925138
2022-07-09,190.925138
2022-07-10,190.925138
2022-07-11,189.167701
2022-07-12,170.661950
2022-07-13,172.097026
2022-07-14,172.045944
2022-07-15,175.333008
2022-07-16,175.333008
2022-07-17,175.333008
2022-07-18,186.660975
2022-07-19,190.831711
2022-07-20,188.822354
2022-07-21,182.020021
2022-07-22,169.103251
2022-07-23,169.103251
2022-07-24,169.103251
2022-07-25,172.179622
2022-07-26,171.634413
2022-07-27,178.327194
2022-07-28,178.613071
2022-07-29,182.809142
2022-07-30,182.809142
2022-07-31,182.809142
2022-08-01,172.299097
2022-08-02,172.211237
2022-08-03,164.848097
2022-08-04,156.131251
2022-08-05,158.827497
2022-08-06,158.827497
2022-08-07,158.827497
2022-08-08,163.489128
2022-08-09,163.372691
2022-08-10,164.864106
2022-08-11,170.923817
2022-08-12,167.246503
2022-08-13,167.246503
2022-08-14,167.246503
2022-08-15,156.172286
2022-08-16,153.847056
2022-08-17,154.411624
2022-08-18,163.482848
2022-08-19,162.436511
2022-08-20,162.436511
2022-08-21,162.436511
2022-08-22,163.850608
2022-08-23,172.599069
2022-08-24,176.613745
2022-08-25,169.577927
2022-08-26,169.233680
2022-08-27,169.233680
2022-08-28,169.233680
2022-08-29,179.725484
2022-08-30,168.155526
2022-08-31,159.190505
2022-09-01,152.048383
2022-09-02,154.605090
2022-09-03,154.605090
2022-09-04,154.605090
2022-09-05,159.705619
2022-09-06,153.623409
2022-09-07,140.005789
2022-09-08,141.910579
2022-09-09,151.573428
2022-09-10,151.573428
2022-09-11,151.573428
2022-09-12,156.250866
2022-09-13,154.530014
2022-09-14,157.118134
2022-09-15,147.386070
2022-09-16,149.151717
2022-09-17,149.151717
2022-09-18,149.151717
2022-09-19,149.672196
2022-09-20,147.403808
2022-09-21,142.548215
2022-09-22,143.313234
2022-09-23,133.998074
2022-09-24,133.998074
2022-09-25,133.998074
2022-09-26,126.910166
2022-09-27,131.279632
2022-09-28,140.124163
2022-09-29,139.218078
2022-09-30,134.792258
2022-10-01,134.792258
2022-10-02,134.792258
2022-10-03,142.732533
2022-10-04,150.754381
2022-10-05,155.786005
2022-10-06,158.702866
2022-10-07,167.908870
2022-10-08,167.908870
2022-10-09,167.908870
2022-10-10,161.684788
2022-10-11,156.035600
2022-10-12,152.551031
2022-10-13,158.235586
2022-10-14,150.137421
2022-10-15,150.137421
2022-10-16,150.137421
2022-10-17,151.515438
2022-10-18,148.072927
2022-10-19,152.867213
2022-10-20,153.122390
2022-10-21,155.321159
2022-10-22,155.321159
2022-10-23,155.321159
2022-10-24,154.847397
2022-10-25,153.930575
2022-10-26,156.860608
2022-10-27,158.426711
2022-10-28,157.009474
2022-10-29,157.009474
2022-10-30,157.009474
2022-10-31,153.440394
2022-11-01,158.420633
2022-11-02,160.159526
2022-11-03,157.463791
2022-11-04,168.098793
2022-11-05,168.098793
2022-11-06,168.098793
2022-11-07,166.285413
2022-11-08,159.110149
2022-11-09,152.361736
2022-11-10,154.794594
2022-11-11,160.954431
2022-11-12,160.954431
2022-11-13,160.954431
2022-11-14,152.662203
2022-11-15,155.902542
2022-11-16,152.777430
2022-11-17,146.050398
2022-11-18,140.134590
2022-11-19,140.134590
2022-11-20,140.134590
2022-11-21,140.339802
2022-11-22,140.064561
2022-11-23,131.980382
2022-11-24,133.567060
2022-11-25,130.501023
2022-11-26,130.501023
2022-11-27,130.501023
2022-11-28,128.743594
2022-11-29,133.103230
2022-11-30,137.499753
2022-12-01,139.343523
2022-12-02,134.745533
2022-12-03,134.745533
2022-12-04,134.745533
2022-12-05,128.589953
2022-12-06,120.246853
2022-12-07,114.320199
2022-12-08,112.081807
2022-12-09,112.870331
2022-12-10,112.870331
2022-12-11,112.870331
2022-12-12,116.094351
2022-12-13,122.085863
2022-12-14,128.238706
2022-12-15,124.801971
2022-12-16,119.190282
2022-12-17,119.190282
2022-12-18,119.190282
2022-12-19,121.175126
2022-12-20,120.142270
2022-12-21,127.705157
2022-12-22,126.769084
2022-12-23,132.294231
2022-12-24,132.294231
2022-12-25,132.294231
2022-12-26,132.667356
2022-12-27,134.296999
2022-12-28,130.747168
2022-12-29,130.580162
2022-12-30,136.334436
2022-12-31,136.334436
2023-01-01,136.334436
2023-01-02,136.254988
2023-01-03,127.261793
2023-01-04,116.216974
2023-01-05,118.114461
2023-01-06,117.396571
2023-01-07,117.396571
2023-01-08,117.396571
2023-01-09,120.675920
2023-01-10,120.276235
2023-01-11,129.243474
2023-01-12,131.578038
2023-01-13,135.898856
2023-01-14,135.898856
2023-01-15,135.898856
2023-01-16,132.334032
2023-01-17,139.004416
2023-01-18,133.917765
2023-01-19,138.384821
2023-01-20,141.620802
2023-01-21,141.620802
2023-01-22,141.620802
2023-01-23,142.709702
2023-01-24,138.564906
2023-01-25,137.787630
2023-01-26,141.116031
2023-01-27,137.945310
2023-01-28,137.945310
2023-01-29,137.945310
2023-01-30,133.981607
2023-01-31,136.141869
2023-02-01,129.827896
2023-02-02,127.455530
2023-02-03,121.841911
2023-02-04,121.841911
2023-02-05,121.841911
2023-02-06,125.577099
2023-02-07,132.139969
2023-02-08,134.457307
2023-02-09,132.161351
2023-02-10,138.440159
2023-02-11,138.440159
2023-02-12,138.440159
2023-02-13,136.546524
2023-02-14,135.215426
2023-02-15,135.615204
2023-02-16,134.215302
2023-02-17,129.828408
2023-02-18,129.828408
2023-02-19,129.828408
2023-02-20,131.677449
2023-02-21,128.938843
2023-02-22,123.479664
2023-02-23,127.829369
2023-02-24,129.341971
2023-02-25,129.341971
2023-02-26,129.341971
2023-02-27,127.363716
2023-02-28,130.085600
2023-03-01,133.488588
2023-03-02,133.268073
2023-03-03,137.632469
2023-03-04,137.632469
2023-03-05,137.632469
2023-03-06,138.268377
2023-03-07,130.239125
2023-03-08,128.960822
2023-03-09,126.465027
2023-03-10,129.002174
2023-03-11,129.002174
2023-03-12,129.002174
2023-03-13,124.485657
2023-03-14,116.502820
2023-03-15,108.085132
2023-03-16,108.044089
2023-03-17,103.663576
2023-03-18,103.663576
2023-03-19,103.663576
2023-03-20,106.455078
2023-03-21,109.680314
2023-03-22,111.392856
2023-03-23,110.668275
2023-03-24,109.567111
2023-03-25,109.567111
2023-03-26,109.567111
2023-03-27,117.579540
2023-03-28,119.258334
2023-03-29,116.994505
2023-03-30,119.614442
2023-03-31,123.099213
2023-04-01,123.099213
2023-04-02,123.099213
2023-04-03,135.377641
2023-04-04,136.371587
2023-04-05,135.553974
2023-04-06,135.939263
2023-04-07,135.547694
2023-04-08,135.547694
2023-04-09,135.547694
2023-04-10,133.552222
2023-04-11,136.800670
2023-04-12,140.901586
2023-04-13,138.619616
2023-04-14,139.237793
2023-04-15,139.237793
2023-04-16,139.237793
2023-04-17,134.823834
2023-04-18,134.901461
2023-04-19,129.763030
2023-04-20,124.612133
2023-04-21,126.789419
2023-04-22,126.789419
2023-04-23,126.789419
2023-04-24,128.383997
2023-04-25,123.966395
2023-04-26,116.932197
2023-04-27,118.158512
2023-04-28,123.203710
2023-04-29,123.203710
2023-04-30,123.203710
2023-05-01,120.949510
2023-05-02,110.373792
2023-05-03,102.079130
2023-05-04,103.600950
2023-05-05,110.938453
2023-05-06,110.938453
2023-05-07,110.938453
2023-05-08,114.295430
2023-05-09,116.026616
2023-05-10,113.935275
2023-05-11,110.980410
2023-05-12,107.969804
2023-05-13,107.969804
2023-05-14,107.969804
2023-05-15,111.765074
2023-05-16,110.126097
2023-05-17,115.302430
2023-05-18,113.470708
2023-05-19,112.694037
2023-05-20,112.694037
2023-05-21,112.694037
2023-05-22,114.476685
2023-05-23,118.199306
2023-05-24,119.900404
2023-05-25,114.512975
2023-05-26,117.298903
2023-05-27,117.298903
2023-05-28,117.298903
2023-05-29,116.939252
2023-05-30,108.584298
2023-05-31,104.270465
2023-06-01,109.921878
2023-06-02,115.375778
2023-06-03,115.375778
2023-06-04,115.375778
2023-06-05,115.488679
2023-06-06,114.628093
2023-06-07,116.357761
2023-06-08,113.561584
2023-06-09,112.350573
2023-06-10,112.350573
2023-06-11,112.350573
2023-06-12,104.577111
2023-06-13,110.012567
2023-06-14,108.821008
2023-06-15,113.957718
2023-06-16,115.714845
2023-06-17,115.714845
2023-06-18,115.714845
2023-06-19,115.035167
2023-06-20,113.100087
2023-06-21,117.175466
2023-06-22,110.093032
2023-06-23,110.762283
2023-06-24,110.762283
2023-06-25,110.762283
2023-06-26,110.463738
2023-06-27,106.766655
2023-06-28,109.203266
2023-06-29,110.694378
2023-06-30,112.499447
2023-07-01,112.499447
2023-07-02,112.499447
2023-07-03,111.914412
2023-07-04,114.865021
2023-07-05,115.907908
2023-07-06,116.652941
2023-07-07,121.064054
2023-07-08,121.064054
2023-07-09,121.064054
2023-07-10,119.703070
2023-07-11,123.729297
2023-07-12,126.013391
2023-07-13,129.416178
2023-07-14,124.322340
2023-07-15,124.322340
2023-07-16,124.322340
2023-07-17,121.736856
2023-07-18,124.859541
2023-07-19,124.004034
2023-07-20,124.147938
2023-07-21,127.252079
2023-07-22,127.252079
2023-07-23,127.252079
2023-07-24,132.119425
2023-07-25,132.084972
2023-07-26,131.814290
2023-07-27,133.739850
2023-07-28,135.750029
2023-07-29,135.750029
2023-07-30,135.750029
2023-07-31,138.152390
2023-08-01,139.223249
2023-08-02,133.815546
2023-08-03,138.580643
2023-08-04,140.963544
2023-08-05,140.963544
2023-08-06,140.963544
2023-08-07,139.995555
2023-08-08,140.896562
2023-08-09,144.337755
2023-08-10,141.149002
2023-08-11,142.441686
2023-08-12,142.441686
2023-08-13,142.441686
2023-08-14,141.181222
2023-08-15,138.339754
2023-08-16,133.792947
2023-08-17,134.874350
2023-08-18,137.478270
2023-08-19,137.478270
2023-08-20,137.478270
2023-08-21,136.920292
2023-08-22,135.176639
2023-08-23,132.954667
2023-08-24,133.361647
2023-08-25,136.083329
2023-08-26,136.083329
2023-08-27,136.083329
2023-08-28,134.863605
2023-08-29,137.641734
2023-08-30,138.407156
2023-08-31,142.327281
2023-09-01,147.924984
2023-09-02,147.924984
2023-09-03,147.924984
2023-09-04,148.015682
2023-09-05,150.716284
2023-09-06,152.245500
2023-09-07,150.100643
2023-09-08,151.770723
2023-09-09,151.770723
2023-09-10,151.770723
2023-09-11,152.292520
2023-09-12,155.734930
2023-09-13,156.314290
2023-09-14,161.572297
2023-09-15,161.738396
2023-09-16,161.738396
2023-09-17,161.738396
2023-09-18,159.544186
2023-09-19,159.225267
2023-09-20,156.718518
2023-09-21,157.139484
2023-09-22,157.434083
2023-09-23,157.434083
2023-09-24,157.434083
2023-09-25,156.275263
2023-09-26,157.561978
2023-09-27,162.528231
2023-09-28,159.247253
2023-09-29,156.407313
2023-09-30,156.407313
2023-10-01,156.407313
2023-10-02,152.238500
2023-10-03,153.929047
2023-10-04,141.157096
2023-10-05,136.146962
2023-10-06,136.737470
2023-10-07,136.737470
2023-10-08,136.737470
2023-10-09,146.542091
2023-10-10,145.193968
2023-10-11,139.628996
2023-10-12,141.336979
2023-10-13,153.022668
2023-10-14,153.022668
2023-10-15,153.022668
2023-10-16,151.407514
2023-10-17,153.323747
2023-10-18,154.683523
2023-10-19,158.838048
2023-10-20,157.339641
2023-10-21,157.339641
2023-10-22,157.339641
2023-10-23,152.367402
2023-10-24,146.170679
2023-10-25,148.837636
2023-10-26,144.412327
2023-10-27,149.085106
2023-10-28,149.085106
2023-10-29,149.085106
2023-10-30,142.480186
2023-10-31,140.171562
2023-11-01,138.435204
2023-11-02,143.794251
2023-11-03,139.344119
2023-11-04,139.344119
2023-11-05,139.344119
2023-11-06,139.429444
2023-11-07,129.806219
2023-11-08,125.429559
2023-11-09,125.828027
2023-11-10,130.675813
2023-11-11,130.675813
2023-11-12,130.675813
2023-11-13,133.198160
2023-11-14,132.374369
2023-11-15,129.131495
2023-11-16,120.231425
2023-11-17,128.132991
2023-11-18,128.132991
2023-11-19,128.132991
2023-11-20,131.549260
2023-11-21,132.640888
2023-11-22,130.896119
2023-11-23,129.487091
2023-11-24,126.991397
2023-11-25,126.991397
2023-11-26,126.991397
2023-11-27,126.680789
2023-11-28,130.255754
2023-11-29,133.096516
2023-11-30,126.721243
2023-12-01,124.711776
2023-12-02,124.711776
2023-12-03,124.711776
2023-12-04,121.252442
2023-12-05,118.200088
2023-12-06,111.281420
2023-12-07,111.993636
2023-12-08,114.766190
2023-12-09,114.766190
2023-12-10,114.766190
2023-12-11,115.602859
2023-12-12,108.206785
2023-12-13,111.500733
2023-12-14,116.768369
2023-12-15,117.748019
2023-12-16,117.748019
2023-12-17,117.748019
2023-12-18,120.966053
2023-12-19,124.556011
2023-12-20,124.216719
2023-12-21,124.426791
2023-12-22,124.226231
2023-12-23,124.226231
2023-12-24,124.226231
2023-12-25,124.177994
2023-12-26,128.572594
2023-12-27,125.098771
2023-12-28,120.638297
2023-12-29,119.643545
2023-12-30,119.643545
2023-12-31,119.643545
2024-01-01,119.724412
2024-01-02,117.137207
2024-01-03,123.117066
2024-01-04,121.445769
2024-01-05,124.359490
2024-01-06,124.359490
2024-01-07,124.359490
2024-01-08,117.510851
2024-01-09,120.475042
2024-01-10,118.515844
2024-01-11,122.631459
2024-01-12,122.398982
2024-01-13,122.398982
2024-01-14,122.398982
2024-01-15,123.115051
2024-01-16,121.342008
2024-01-17,121.979737
2024-01-18,124.062372
2024-01-19,123.335054
2024-01-20,123.335054
2024-01-21,123.335054
2024-01-22,126.154132
2024-01-23,125.674797
2024-01-24,126.884187
2024-01-25,130.934029
2024-01-26,133.966722
2024-01-27,133.966722
2024-01-28,133.966722
2024-01-29,131.668735
2024-01-30,132.870318
2024-01-31,128.718219
2024-02-01,123.980078
2024-02-02,121.059162
2024-02-03,121.059162
2024-02-04,121.059162
2024-02-05,122.134773
2024-02-06,123.801823
2024-02-07,125.415356
2024-02-08,131.373322
2024-02-09,131.675821
2024-02-10,131.675821
2024-02-11,131.675821
2024-02-12,131.980048
2024-02-13,133.334761
2024-02-14,130.169111
2024-02-15,134.264949
2024-02-16,136.069305
2024-02-17,136.069305
2024-02-18,136.069305
2024-02-19,135.444546
2024-02-20,133.506016
2024-02-21,135.104548
2024-02-22,133.331102
2024-02-23,129.160257
2024-02-24,129.160257
2024-02-25,129.160257
2024-02-26,131.767829
2024-02-27,133.158513
2024-02-28,132.175313
2024-02-29,132.678666
2024-03-01,136.206712
2024-03-02,136.206712
2024-03-03,136.206712
2024-03-04,134.629662
2024-03-05,132.811422
2024-03-06,134.941076
2024-03-07,135.948093
2024-03-08,132.668433
2024-03-09,132.668433
2024-03-10,132.668433
2024-03-11,133.639066
2024-03-12,133.360484
2024-03-13,137.322567
2024-03-14,140.351004
2024-03-15,140.948907
2024-03-16,140.948907
2024-03-17,140.948907
2024-03-18,145.064716
2024-03-19,145.912525
2024-03-20,142.904361
2024-03-21,140.039690
2024-03-22,139.876227
2024-03-23,139.876227
2024-03-24,139.876227
2024-03-25,142.569232
2024-03-26,140.631919
2024-03-27,141.688792
2024-03-28,145.044459
2024-03-29,145.177819
2024-03-30,145.177819
2024-03-31,145.177819
2024-04-01,147.153740
2024-04-02,150.935536
2024-04-03,151.714331
2024-04-04,155.695462
2024-04-05,155.250881
2024-04-06,155.250881
2024-04-07,155.250881
2024-04-08,154.400646
2024-04-09,151.725378
2024-04-10,154.523772
2024-04-11,153.481288
2024-04-12,153.354106
2024-04-13,153.354106
2024-04-14,153.354106
2024-04-15,154.015450
2024-04-16,153.201489
2024-04-17,146.410002
2024-04-18,145.087315
2024-04-19,146.333693
2024-04-20,146.333693
2024-04-21,146.333693
2024-04-22,145.521763
2024-04-23,148.808617
2024-04-24,145.323847
2024-04-25,147.765629
2024-04-26,147.713036
2024-04-27,147.713036
2024-04-28,147.713036
2024-04-29,145.912021
2024-04-30,142.444175
2024-05-01,136.482154
2024-05-02,136.825695
2024-05-03,134.626011
2024-05-04,134.626011
2024-05-05,134.626011
2024-05-06,137.234993
2024-05-07,136.096632
2024-05-08,138.343026
2024-05-09,139.549873
2024-05-10,136.220658
2024-05-11,136.220658
2024-05-12,136.220658
2024-05-13,138.068181
2024-05-14,136.278725
2024-05-15,136.479076
2024-05-16,137.903709
2024-05-17,139.457245
2024-05-18,139.457245
2024-05-19,139.457245
2024-05-20,138.427335
2024-05-21,135.509559
2024-05-22,133.536980
2024-05-23,133.658470
2024-05-24,134.294889
2024-05-25,134.294889
2024-05-26,134.294889
2024-05-27,136.828889
2024-05-28,140.725097
2024-05-29,138.415257
2024-05-30,135.082693
2024-05-31,134.408969
2024-06-01,134.408969
2024-06-02,134.408969
2024-06-03,126.412851
2024-06-04,123.868006
2024-06-05,128.240705
2024-06-06,131.700039
2024-06-07,130.301044
2024-06-08,130.301044
2024-06-09,130.301044
2024-06-10,137.572456
2024-06-11,138.413876
2024-06-12,139.283470
2024-06-13,138.191540
2024-06-14,140.496388
2024-06-15,140.496388
2024-06-16,140.496388
2024-06-17,144.452702
2024-06-18,147.065034
2024-06-19,146.916874
2024-06-20,145.561053
2024-06-21,144.181206
2024-06-22,144.181206
2024-06-23,144.181206
2024-06-24,146.049420
2024-06-25,142.440732
2024-06-26,143.717097
2024-06-27,146.082469
2024-06-28,144.886755
2024-06-29,144.886755
2024-06-30,144.886755
2024-07-01,149.243964
2024-07-02,149.003184
2024-07-03,150.198689
2024-07-04,151.419631
2024-07-05,149.664527
2024-07-06,149.664527
2024-07-07,149.664527
2024-07-08,146.604778
2024-07-09,145.057824
2024-07-10,146.042544
2024-07-11,146.385681
2024-07-12,146.464300
2024-07-13,146.464300
2024-07-14,146.464300
2024-07-15,145.204146
2024-07-16,142.371401
2024-07-17,146.091982
2024-07-18,145.635641
2024-07-19,139.816508
2024-07-20,139.816508
2024-07-21,139.816508
2024-07-22,140.045109
2024-07-23,137.845843
2024-07-24,135.431118
2024-07-25,136.552159
2024-07-26,132.186957
2024-07-27,132.186957
2024-07-28,132.186957
2024-07-29,130.447762
2024-07-30,129.036099
2024-07-31,136.779667
2024-08-01,132.650384
2024-08-02,126.530877
2024-08-03,126.530877
2024-08-04,126.530877
2024-08-05,125.366390
2024-08-06,122.798636
2024-08-07,128.819235
2024-08-08,130.415627
2024-08-09,131.749664
2024-08-10,131.749664
2024-08-11,131.749664
2024-08-12,138.312224
2024-08-13,134.347738
2024-08-14,132.187980
2024-08-15,134.607365
2024-08-16,131.074560
2024-08-17,131.074560
2024-08-18,131.074560
2024-08-19,126.438365
2024-08-20,125.032478
2024-08-21,122.424495
2024-08-22,125.407525
2024-08-23,128.413968
2024-08-24,128.413968
2024-08-25,128.413968
2024-08-26,132.792264
2024-08-27,129.758556
2024-08-28,125.595929
2024-08-29,128.770301
2024-08-30,124.854827
2024-08-31,124.854827
2024-09-01,124.854827
2024-09-02,125.432768
2024-09-03,116.452644
2024-09-04,114.290048
2024-09-05,114.680810
2024-09-06,111.238803
2024-09-07,111.238803
2024-09-08,111.238803
2024-09-09,112.434611
2024-09-10,106.691081
2024-09-11,109.433230
2024-09-12,113.583391
2024-09-13,111.894154
2024-09-14,111.894154
2024-09-15,111.894154
2024-09-16,114.118359
2024-09-17,116.341642
2024-09-18,114.343921
2024-09-19,119.298321
2024-09-20,117.941608
2024-09-21,117.941608
2024-09-22,117.941608
2024-09-23,117.114778
2024-09-24,119.078240
2024-09-25,116.118298
2024-09-26,109.481173
2024-09-27,112.374319
2024-09-28,112.374319
2024-09-29,112.374319
2024-09-30,112.699005
2024-10-01,119.037097
2024-10-02,119.822575
2024-10-03,128.340783
2024-10-04,129.224867
2024-10-05,129.224867
2024-10-06,129.224867
2024-10-07,135.855549
2024-10-08,126.035532
2024-10-09,124.439225
2024-10-10,130.902878
2024-10-11,129.931935
2024-10-12,129.931935
2024-10-13,129.931935
2024-10-14,121.101181
2024-10-15,120.022716
2024-10-16,119.426030
2024-10-17,119.363505
2024-10-18,116.136136
2024-10-19,116.136136
2024-10-20,116.136136
2024-10-21,118.848182
2024-10-22,122.879984
2024-10-23,121.798077
2024-10-24,120.097599
2024-10-25,123.423573
2024-10-26,123.423573
2024-10-27,123.423573
2024-10-28,112.844506
2024-10-29,111.198141
2024-10-30,115.390669
2024-10-31,118.919219
2024-11-01,115.999419
2024-11-02,115.999419
2024-11-03,115.999419
2024-11-04,121.518185
2024-11-05,122.475236
2024-11-06,121.232006
2024-11-07,122.545870
2024-11-08,118.414346
2024-11-09,118.414346
2024-11-10,118.414346
2024-11-11,113.010714
2024-11-12,113.016079
2024-11-13,113.830846
2024-11-14,114.733582
2024-11-15,111.867275
2024-11-16,111.867275
2024-11-17,111.867275
2024-11-18,117.183458
2024-11-19,117.590439
2024-11-20,117.039151
2024-11-21,120.214229
2024-11-22,123.126214
2024-11-23,123.126214
2024-11-24,123.126214
2024-11-25,116.502741
2024-11-26,116.031918
2024-11-27,116.298739
2024-11-28,117.196506
2024-11-29,115.636279
2024-11-30,115.636279
2024-12-01,115.636279
2024-12-02,115.037771
2024-12-03,119.514556
2024-12-04,116.487639
2024-12-05,115.648242
2024-12-06,112.799378
2024-12-07,112.799378
2024-12-08,112.799378
2024-12-09,114.961462
2024-12-10,115.332974
2024-12-11,118.808535
2024-12-12,118.375304
2024-12-13,121.240169
2024-12-14,121.240169
2024-12-15,121.240169
2024-12-16,120.540915
2024-12-17,119.064293
2024-12-18,118.816504
2024-12-19,118.164278
2024-12-20,118.326718
2024-12-21,118.326718
2024-12-22,118.326718
2024-12-23,118.933429
2024-12-24,120.456970
2024-12-25,120.702410
2024-12-26,119.402229
2024-12-27,121.322718
2024-12-28,121.322718
2024-12-29,121.322718
2024-12-30,122.751910
2024-12-31,124.902737
2025-01-01,125.386523
2025-01-02,128.025415
2025-01-03,129.486338
2025-01-04,129.486338
2025-01-05,129.486338
2025-01-06,128.084715
2025-01-07,130.577369
2025-01-08,127.889334
2025-01-09,129.478361
2025-01-10,136.361453
2025-01-11,136.361453
2025-01-12,136.361453
2025-01-13,139.206161
2025-01-14,137.012981
2025-01-15,142.447531
2025-01-16,138.767395
2025-01-17,137.179096
2025-01-18,137.179096
2025-01-19,137.179096
2025-01-20,135.305921
2025-01-21,134.842176
2025-01-22,133.929509
2025-01-23,129.854626
2025-01-24,131.390718
2025-01-25,131.390718
2025-01-26,131.390718
2025-01-27,127.465437
2025-01-28,127.892698
2025-01-29,126.561693
2025-01-30,126.813730
2025-01-31,128.228425
2025-02-01,128.228425
2025-02-02,128.228425
2025-02-03,125.293228
2025-02-04,127.120679
2025-02-05,123.583315
2025-02-06,122.527759
2025-02-07,123.421580
2025-02-08,123.421580
2025-02-09,123.421580
2025-02-10,127.309982
2025-02-11,129.229657
2025-02-12,124.846298
2025-02-13,126.119322
2025-02-14,123.979643
2025-02-15,123.979643
2025-02-16,123.979643
2025-02-17,125.292205
2025-02-18,126.395694
2025-02-19,127.266001
2025-02-20,128.159116
2025-02-21,121.143060
2025-02-22,121.143060
2025-02-23,121.143060
2025-02-24,123.109042
2025-02-25,118.119988
2025-02-26,117.584810
2025-02-27,120.460730
2025-02-28,119.629946
2025-03-01,119.629946
2025-03-02,119.629946
2025-03-03,115.403980
2025-03-04,114.484018
2025-03-05,109.981796
2025-03-06,110.474908
2025-03-07,113.489251
2025-03-08,113.489251
2025-03-09,113.489251
2025-03-10,109.941452
2025-03-11,111.932575
2025-03-12,114.659320
2025-03-13,112.963090
2025-03-14,114.529999
2025-03-15,114.529999
2025-03-16,114.529999
2025-03-17,115.361387
2025-03-18,113.706618
2025-03-19,113.991984
2025-03-20,117.485871
2025-03-21,117.494787
2025-03-22,117.494787
2025-03-23,117.494787
2025-03-24,119.365520
2025-03-25,119.567592
2025-03-26,122.107157
2025-03-27,122.159650
2025-03-28,120.290839
2025-03-29,120.290839
2025-03-30,120.290839
2025-03-31,125.714039
2025-04-01,125.205314
2025-04-02,122.305577
2025-04-03,113.250261
2025-04-04,103.711656
2025-04-05,103.711656
2025-04-06,103.711656
2025-04-07,99.387488
2025-04-08,92.417947
2025-04-09,104.485451
2025-04-10,98.429592
2025-04-11,101.558658
2025-04-12,101.558658
2025-04-13,101.558658
2025-04-14,102.794887
2025-04-15,103.343632
2025-04-16,106.100790
2025-04-17,110.890812
2025-04-18,111.163207
2025-04-19,111.163207
2025-04-20,111.163207
2025-04-21,106.851420
2025-04-22,110.691074
2025-04-23,106.771041
2025-04-24,105.553542
2025-04-25,105.744170
2025-04-26,105.744170
2025-04-27,105.744170
2025-04-28,102.546696
2025-04-29,98.652006
2025-04-30,93.204092
2025-05-01,95.143637
2025-05-02,93.729144
2025-05-03,93.729144
2025-05-04,93.729144
2025-05-05,90.696653
2025-05-06,95.563285
2025-05-07,93.169530
2025-05-08,98.581380
2025-05-09,100.432252
2025-05-10,100.432252
2025-05-11,100.432252
2025-05-12,103.398970
2025-05-13,107.214722
2025-05-14,105.448874
2025-05-15,102.670637
2025-05-16,105.218606
2025-05-17,105.218606
2025-05-18,105.218606
2025-05-19,105.669668
2025-05-20,106.312560
2025-05-21,104.189076
2025-05-22,102.872367
2025-05-23,105.306753
2025-05-24,105.306753
2025-05-25,105.306753
2025-05-26,103.157438
2025-05-27,102.011285
2025-05-28,103.672342
2025-05-29,101.295821
2025-05-30,100.274804
2025-05-31,100.274804
2025-06-01,100.274804
2025-06-02,107.155864
2025-06-03,108.863328
2025-06-04,106.891260
2025-06-05,108.243732
2025-06-06,111.703067
2025-06-07,111.703067
2025-06-08,111.703067
2025-06-09,111.444277
2025-06-10,110.169928
2025-06-11,121.435045
2025-06-12,121.474948
2025-06-13,134.695511
2025-06-14,134.695511
2025-06-15,134.695511
2025-06-16,128.328324
2025-06-17,140.314689
2025-06-18,138.708528
2025-06-19,146.015113
2025-06-20,138.613659
2025-06-21,138.613659
2025-06-22,138.613659
2025-06-23,124.220655
2025-06-24,118.739450
2025-06-25,114.403499
2025-06-26,115.702966
2025-06-27,114.330833
2025-06-28,114.330833
2025-06-29,114.330833
2025-06-30,114.560582
2025-07-01,116.575715
2025-07-02,120.988968
2025-07-03,120.225880
2025-07-04,119.361046
2025-07-05,119.361046
2025-07-06,119.361046
2025-07-07,122.133601
2025-07-08,124.255937
2025-07-09,125.254627
2025-07-10,121.045601
2025-07-11,125.329540
2025-07-12,125.329540
2025-07-13,125.329540
2025-07-14,120.394623
2025-07-15,119.356100
2025-07-16,118.551775
2025-07-17,119.389281
2025-07-18,119.170774
2025-07-19,119.170774
2025-07-20,119.170774
2025-07-21,119.102668
2025-07-22,117.929358
2025-07-23,119.660203
2025-07-24,119.397731
2025-07-25,117.032157
2025-07-26,117.032157
2025-07-27,117.032157
2025-07-28,121.920792
2025-07-29,127.036128
2025-07-30,129.577120
2025-07-31,126.545148
2025-08-01,121.327152
2025-08-02,121.327152
2025-08-03,121.327152
2025-08-04,119.190504
2025-08-05,117.448456
2025-08-06,115.568807
2025-08-07,114.262029
2025-08-08,113.999053
2025-08-09,113.999053
2025-08-10,113.999053
2025-08-11,114.386691
2025-08-12,112.884632
2025-08-13,112.119412
2025-08-14,115.585119
2025-08-15,114.304575
2025-08-16,114.304575
2025-08-17,114.304575
2025-08-18,114.997844
2025-08-19,113.188433
2025-08-20,115.985106
2025-08-21,117.291079
2025-08-22,116.059500
2025-08-23,116.059500
2025-08-24,116.059500
2025-08-25,118.643458
2025-08-26,114.132941
2025-08-27,115.577738
2025-08-28,116.817426
2025-08-29,115.704222
2025-08-30,115.704222
2025-08-31,115.704222
2025-09-01,117.568467
2025-09-02,120.487545
2025-09-03,116.209994
2025-09-04,115.284450
2025-09-05,111.907309
2025-09-06,111.907309
2025-09-07,111.907309
2025-09-08,112.948584
2025-09-09,114.035242
2025-09-10,116.090123
2025-09-11,113.268510
2025-09-12,114.736822
2025-09-13,114.736822
2025-09-14,114.736822
2025-09-15,116.793703
2025-09-16,119.317267
2025-09-17,117.576661
2025-09-18,115.158695
2025-09-19,112.871050
2025-09-20,112.871050
2025-09-21,112.871050
2025-09-22,113.101287
2025-09-23,116.274635
2025-09-24,119.618936
2025-09-25,119.988038
2025-09-26,119.938181
2025-09-27,119.938181
2025-09-28,119.938181
2025-09-29,114.543565
2025-09-30,112.729588
2025-10-01,111.038731
2025-10-02,107.992463
2025-10-03,108.125420
2025-10-04,108.125420
2025-10-05,108.125420
2025-10-06,111.835047
2025-10-07,112.445820
2025-10-08,113.419794
2025-10-09,111.352765
2025-10-10,103.562976
2025-10-11,103.562976
2025-10-12,103.562976
2025-10-13,106.279502
2025-10-14,103.212054
2025-10-15,103.814517
2025-10-16,100.195773
2025-10-17,100.804019
2025-10-18,100.804019
2025-10-19,100.804019
2025-10-20,99.918509
2025-10-21,101.565487
2025-10-22,108.239019
2025-10-23,112.507344
2025-10-24,109.739961
2025-10-25,109.739961
2025-10-26,109.739961
2025-10-27,110.455208
2025-10-28,107.591343
2025-10-29,108.713377
2025-10-30,108.172726
2025-10-31,109.706500
2025-11-01,109.706500
2025-11-02,109.706500
2025-11-03,111.463100
2025-11-04,110.483443
2025-11-05,109.197627
2025-11-06,109.113721
2025-11-07,109.630246
2025-11-08,109.630246
2025-11-09,109.630246
2025-11-10,110.755714
2025-11-11,114.505166
2025-11-12,108.299830
2025-11-13,109.206318
2025-11-14,112.451820
2025-11-15,112.451820
2025-11-16,112.451820
2025-11-17,111.604624
2025-11-18,114.357502
2025-11-19,110.910339
2025-11-20,108.935954
2025-11-21,107.664535
2025-11-22,107.664535
2025-11-23,107.664535
2025-11-24,109.354858
2025-11-25,107.877817
2025-11-26,109.574845
2025-11-27,110.421243
2025-11-28,108.990121
2025-11-29,108.990121
2025-11-30,108.990121
2025-12-01,112.301179
2025-12-02,110.469146
2025-12-03,111.384853
2025-12-04,112.961902
2025-12-05,114.208280
2025-12-06,114.208280
2025-12-07,114.208280
2025-12-08,110.825254
2025-12-09,109.782367
2025-12-10,110.799818
2025-12-11,111.164275
2025-12-12,109.419731
2025-12-13,109.419731
2025-12-14,109.419731
2025-12-15,109.076554
2025-12-16,106.020332
2025-12-17,112.164934
2025-12-18,110.179780
2025-12-19,113.590521
2025-12-20,113.590521
2025-12-21,113.590521
2025-12-22,115.111271
2025-12-23,117.761877
2025-12-24,114.614531
2025-12-25,113.885306
2025-12-26,109.747914
2025-12-27,109.747914
2025-12-28,109.747914
2025-12-29,111.832580
2025-12-30,109.559580
2025-12-31,109.292332
2026-01-01,109.383131
2026-01-02,109.795670
2026-01-03,109.795670
2026-01-04,109.795670
2026-01-05,112.309807
2026-01-06,108.608282
2026-01-07,108.067538
2026-01-08,114.336306
2026-01-09,115.395706
2026-01-10,115.395706
2026-01-11,115.395706
2026-01-12,119.695733
2026-01-13,123.561419
2026-01-14,123.162044
2026-01-15,120.392404
2026-01-16,120.662893
2026-01-17,120.662893
2026-01-18,120.662893
2026-01-19,118.927993
2026-01-20,117.694097
2026-01-21,120.582049
2026-01-22,117.952390
2026-01-23,121.954205
2026-01-24,121.954205
2026-01-25,121.954205
2026-01-26,120.820410
2026-01-27,126.699307
2026-01-28,129.080488
2026-01-29,134.249828
2026-01-30,135.034593
2026-01-31,135.034593
2026-02-01,135.034593
2026-02-02,126.744986
2026-02-03,130.241114
2026-02-04,132.993403
2026-02-05,128.614618
2026-02-06,131.139183
2026-02-07,131.139183
2026-02-08,131.139183
2026-02-09,133.618565
2026-02-10,132.958044
2026-02-11,134.701789
2026-02-12,129.517447
2026-02-13,130.880447
2026-02-14,130.880447
2026-02-15,130.880447
2026-02-16,133.929235
2026-02-17,129.993217
2026-02-18,138.111127
2026-02-19,142.287135
2026-02-20,140.464033
2026-02-21,140.464033
2026-02-22,140.464033
2026-02-23,141.671059
2026-02-24,142.314951
2026-02-25,141.990055
2026-02-26,141.366622
2026-02-27,148.057062
2026-02-28,148.057062
2026-03-01,148.057062
2026-03-02,159.772155
2026-03-03,168.082152
2026-03-04,169.142785
2026-03-05,173.543262
2026-03-06,196.461351
2026-03-07,196.461351
2026-03-08,196.461351
2026-03-09,188.719473
2026-03-10,193.522658
2026-03-11,198.763656
2026-03-12,219.349818
2026-03-13,225.398978
2026-03-14,225.398978
2026-03-15,225.398978
2026-03-16,219.503304
2026-03-17,225.875344
2026-03-18,230.796788
2026-03-19,225.350493
2026-03-20,228.554658
2026-03-21,228.554658
2026-03-22,228.554658
2026-03-23,208.515505
2026-03-24,209.035867
2026-03-25,216.657378
2026-03-26,221.511560
2026-03-27,239.247090
2026-03-28,239.247090
2026-03-29,239.247090
2026-03-30,247.824040
2026-03-31,234.549131
2026-04-01,228.863405
2026-04-02,256.219369
2026-04-03,249.998257
2026-04-04,249.998257
2026-04-05,249.998257
2026-04-06,240.327842
2026-04-07,230.396211
2026-04-08,216.702296
2026-04-09,213.415194
2026-04-10,206.836950
2026-04-11,206.836950
2026-04-12,206.836950
2026-04-13,218.891057
2026-04-14,211.790187
2026-04-15,211.245877
2026-04-16,219.437987
2026-04-17,203.573981
2026-04-18,203.573981
2026-04-19,203.573981
2026-04-20,207.084188
2026-04-21,220.463672
2026-04-22,226.797306
2026-04-23,238.141888
2026-04-24,237.811216
2026-04-25,237.811216
2026-04-26,237.811216
2026-04-27,227.865630
2026-04-28,237.115962
2026-04-29,257.530148
2026-04-30,253.059146
2026-05-01,248.937453
2026-05-02,248.937453
2026-05-03,248.937453
2026-05-04,264.798063
2026-05-05,254.179807
2026-05-06,230.887616
2026-05-07,234.398940
2026-05-08,225.668334
2026-05-09,225.668334
2026-05-10,225.668334
2026-05-11,236.625494
2026-05-12,245.245541
2026-05-13,240.375047
2026-05-14,242.312771
2026-05-15,248.567282
2026-05-16,248.567282
2026-05-17,248.567282
2026-05-18,248.086954
2026-05-19,251.063813
2026-05-20,236.222406
2026-05-21,231.957298
2026-05-22,228.637138
2026-05-23,228.637138
2026-05-24,228.637138
2026-05-25,194.610946
2026-05-26,203.970628
2026-05-27,197.924236
2026-05-28,195.427860
2026-05-29,194.320719
2026-05-30,194.320719
2026-05-31,194.320719
2026-06-01,204.017896
2026-06-02,206.143287
2026-06-03,212.178120
2026-06-04,204.929028
2026-06-05,199.020500
2026-06-06,199.020500
2026-06-07,199.020500
2026-06-08,202.403525
2026-06-09,197.992102
2026-06-10,206.724507
2026-06-11,190.326447
2026-06-12,184.899185
2026-06-13,184.899185
2026-06-14,184.899185
2026-06-15,175.797260
2026-06-16,166.240095
2026-06-17,164.894903
2026-06-18,165.990988
2026-06-19,167.698778
2026-06-20,167.698778
2026-06-21,167.698778
2026-06-22,162.500148
2026-06-23,159.521777
2026-06-24,150.979342
2026-06-25,154.524529
2026-06-26,150.171289
2026-06-27,150.171289
2026-06-28,150.171289
2026-06-29,150.612815
2026-06-30,149.028090
2026-07-01,142.605394
2026-07-02,143.847307
2026-07-03,144.813885
2026-07-04,144.813885
2026-07-05,144.813885
2026-07-06,144.991939
2026-07-07,154.988398
2026-07-08,164.869614
2026-07-09,156.650129
2026-07-10,154.724677
2026-07-11,154.724677
2026-07-12,154.724677
2026-07-13,174.517973
2026-07-14,179.382885
2026-07-15,179.210606
2026-07-16,178.633782
2026-07-17,185.493104
2026-07-18,185.493104
2026-07-19,185.493104
2026-07-20,186.567212
2026-07-21,193.750073
2026-07-22,202.457615
2026-07-23,200.819444
2026-07-24,196.308912
2026-07-25,196.308912
2026-07-26,196.308912
2026-07-27,177.688228
2026-07-28,171.473674
2026-07-29,183.634667
2026-07-30,179.249122
2026-07-31,191.501765
2026-08-01,191.501765
2026-08-02,191.501765
2026-08-03,172.418685
2026-08-04,160.147645
2026-08-05,161.070871
2026-08-06,170.441555
2026-08-07,168.382945
2026-08-08,168.382945
2026-08-09,168.382945
2026-08-10,180.115707
2026-08-11,184.070991
2026-08-12,180.196916
2026-08-13,174.529122
2026-08-14,180.337486
2026-08-15,180.337486
2026-08-16,180.337486
2026-08-17,188.074938
