date,cpi_index,ppi_index,cpi_yoy,ppi_yoy,cpi_vol,ppi_vol,w_cpi,w_ppi,inflation_factor,cpi_yoy_official,ppi_yoy_official
2008-01-31,107.078100,106.100000,7.078100,6.100000,,,,,,7.078100,6.070000
2008-02-29,108.744300,106.600000,8.744300,6.600000,,,,,,8.744300,6.620000
2008-03-31,108.309700,108.000000,8.309700,8.000000,,,,,,8.309700,7.950000
2008-04-30,108.482900,108.100000,8.482900,8.100000,,,,,,8.482900,8.120000
2008-05-31,107.716300,108.200000,7.716300,8.200000,,,,,,7.716300,8.220000
2008-06-30,107.084400,108.800000,7.084400,8.800000,,,,,,7.084400,8.840000
2008-07-31,106.302000,110.000000,6.302000,10.000000,,,,,,6.302000,10.030000
2008-08-31,104.900100,110.100000,4.900100,10.100000,,,,,,4.900100,10.060000
2008-09-30,104.642500,109.100000,4.642500,9.100000,,,,,,4.642500,9.130000
2008-10-31,103.974400,106.600000,3.974400,6.600000,,,,,,3.974400,6.590000
2008-11-30,102.434000,102.000000,2.434000,2.000000,,,,,,2.434000,1.990000
2008-12-31,101.199900,98.900000,1.199900,-1.100000,2.471900,3.323000,0.573400,0.426600,0.218800,1.199900,-1.140000
2009-01-31,100.950000,96.700000,0.950000,-3.300000,2.816600,4.441800,0.612000,0.388000,-0.699200,0.950000,-3.350000
2009-02-28,98.441800,95.500000,-1.558200,-4.500000,3.241100,5.382500,0.624200,0.375800,-2.663800,-1.558200,-4.470000
2009-03-31,98.828600,94.000000,-1.171400,-6.000000,3.389900,6.171900,0.645500,0.354500,-2.883200,-1.171400,-5.990000
2009-04-30,98.500000,93.400000,-1.500000,-6.600000,3.346500,6.718800,0.667500,0.332500,-3.195600,-1.500000,-6.600000
2009-05-31,98.628700,92.800000,-1.371300,-7.200000,3.185500,7.050900,0.688800,0.311200,-3.185100,-1.371300,-7.200000
2009-06-30,98.300000,92.200000,-1.700000,-7.800000,2.950900,7.114800,0.706800,0.293200,-3.488300,-1.700000,-7.800000
2009-07-31,98.194300,91.800000,-1.805700,-8.200000,2.645200,6.744800,0.718300,0.281700,-3.607000,-1.805700,-8.220000
2009-08-31,98.795700,92.100000,-1.204300,-7.900000,2.344300,5.901500,0.715700,0.284300,-3.107900,-1.204300,-7.860000
2009-09-30,99.211700,93.000000,-0.788300,-7.000000,1.899200,4.612700,0.708300,0.291700,-2.600000,-0.788300,-6.990000
2009-10-31,99.470000,94.200000,-0.530000,-5.800000,1.367300,3.103000,0.694100,0.305900,-2.141900,-0.530000,-5.850000
2009-11-30,100.560000,97.900000,0.560000,-2.100000,1.064300,2.366500,0.689800,0.310200,-0.265200,0.560000,-2.080000
2009-12-31,101.855900,101.700000,1.855900,1.700000,1.183400,2.925300,0.712000,0.288000,1.811000,1.855900,1.700000
2010-01-31,101.530000,104.300000,1.530000,4.300000,1.265400,4.032500,0.761200,0.238800,2.191600,1.530000,4.320000
2010-02-28,102.695300,105.400000,2.695300,5.400000,1.548900,4.989300,0.763100,0.236900,3.336000,2.695300,5.390000
2010-03-31,102.370700,105.900000,2.370700,5.900000,1.695400,5.676500,0.770000,0.230000,3.182400,2.370700,5.910000
2010-04-30,102.813600,106.800000,2.813600,6.800000,1.800300,6.186500,0.774600,0.225400,3.712200,2.813600,6.810000
2010-05-31,103.061300,107.100000,3.061300,7.100000,1.864400,6.429500,0.775200,0.224800,3.969200,3.061300,7.130000
2010-06-30,102.949900,106.400000,2.949900,6.400000,1.793400,6.296000,0.778300,0.221700,3.714800,2.949900,6.410000
2010-07-31,103.304200,104.800000,3.304200,4.800000,1.633700,5.748100,0.778700,0.221300,3.635200,3.304200,4.840000
2010-08-31,103.479400,104.300000,3.479400,4.300000,1.466300,4.929200,0.770700,0.229300,3.667500,3.479400,4.320000
2010-09-30,103.605600,104.300000,3.605600,4.300000,1.256100,3.887400,0.755800,0.244200,3.775200,3.605600,4.330000
2010-10-31,104.365500,105.000000,4.365500,5.000000,1.024200,2.527800,0.711700,0.288300,4.548500,4.365500,5.040000
2010-11-30,105.119200,106.100000,5.119200,6.100000,0.997000,1.471600,0.596100,0.403900,5.515300,5.119200,6.060000
2010-12-31,104.585900,105.900000,4.585900,5.900000,0.999800,0.991000,0.497800,0.502200,5.245900,4.585900,5.930000
2011-01-31,104.912100,106.600000,4.912100,6.600000,0.922000,0.954300,0.508600,0.491400,5.741500,4.912100,6.643600
2011-02-28,104.944300,107.200000,4.944300,7.200000,0.948400,1.037800,0.522500,0.477500,6.021400,4.944300,7.232200
2011-03-31,105.383000,107.300000,5.383000,7.300000,0.936400,1.117500,0.544100,0.455900,6.257000,5.383000,7.308100
2011-04-30,105.344200,106.800000,5.344200,6.800000,0.919000,1.117500,0.548700,0.451300,6.001100,5.344200,6.821000
2011-05-31,105.514600,106.800000,5.514600,6.800000,0.902100,1.093300,0.547900,0.452100,6.095700,5.514600,6.785100
2011-06-30,106.355300,107.100000,6.355300,7.100000,0.919700,1.136800,0.552800,0.447200,6.688300,6.355300,7.120900
2011-07-31,106.450800,107.500000,6.450800,7.500000,0.920800,1.141300,0.553500,0.446500,6.919300,6.450800,7.541700
2011-08-31,106.151400,107.300000,6.151400,7.300000,0.837700,0.996800,0.543400,0.456600,6.675900,6.151400,7.252800
2011-09-30,106.067100,106.500000,6.067100,6.500000,0.693300,0.721300,0.509900,0.490100,6.279300,6.067100,6.522700
2011-10-31,105.495400,105.000000,5.495400,5.000000,0.606500,0.721300,0.543200,0.456800,5.269100,5.495400,5.003800
2011-11-30,104.224600,102.700000,4.224600,2.700000,0.707700,1.356100,0.657100,0.342900,3.701800,4.224600,2.717900
2011-12-31,104.070400,101.700000,4.070400,1.700000,0.777300,1.919500,0.711800,0.288200,3.387200,4.070400,1.685400
2012-01-31,104.548500,100.700000,4.548500,0.700000,0.805000,2.446700,0.752400,0.247600,3.595700,4.548500,0.734700
2012-02-29,103.161300,100.000000,3.161300,0.000000,1.026600,2.854200,0.735500,0.264500,2.325000,3.161300,0.028400
2012-03-31,103.585600,99.700000,3.585600,-0.300000,1.128400,3.116500,0.734200,0.265800,2.552700,3.585600,-0.317100
2012-04-30,103.365300,99.300000,3.365300,-0.700000,1.226800,3.318700,0.730100,0.269900,2.268100,3.365300,-0.698400
2012-05-31,103.000800,98.600000,3.000800,-1.400000,1.325800,3.461600,0.723100,0.276900,1.782000,3.000800,-1.398100
2012-06-30,102.150400,97.900000,2.150400,-2.100000,1.403800,3.491700,0.713200,0.286800,0.931600,2.150400,-2.084300
2012-07-31,101.800000,97.100000,1.800000,-2.900000,1.414800,3.355900,0.703400,0.296600,0.406100,1.800000,-2.865100
2012-08-31,102.000000,96.500000,2.000000,-3.500000,1.338000,3.057400,0.695600,0.304400,0.325800,2.000000,-3.478400
2012-09-30,101.900000,96.400000,1.900000,-3.600000,1.176900,2.604700,0.688800,0.311200,0.188300,1.900000,-3.554500
2012-10-31,101.700000,97.200000,1.700000,-2.800000,1.026300,2.059900,0.667400,0.332600,0.203500,1.700000,-2.755800
2012-11-30,102.000000,97.800000,2.000000,-2.200000,0.976700,1.712600,0.636800,0.363200,0.474700,2.000000,-2.199500
2012-12-31,102.500000,98.060300,2.500000,-1.939700,0.888300,1.403200,0.612300,0.387700,0.778900,2.500000,-1.939700
2013-01-31,102.000000,98.362800,2.000000,-1.637200,0.668700,1.179900,0.638300,0.361700,0.684300,2.000000,-1.637200
2013-02-28,103.200000,98.374600,3.200000,-1.625400,0.672700,1.021800,0.603000,0.397000,1.284400,3.200000,-1.625400
2013-03-31,102.100000,98.081000,2.100000,-1.919000,0.570300,0.863000,0.602100,0.397900,0.501000,2.100000,-1.919000
2013-04-30,102.400000,97.382500,2.400000,-2.617500,0.466500,0.728400,0.609600,0.390400,0.441200,2.400000,-2.617500
2013-05-31,102.098100,97.134200,2.098100,-2.865800,0.398600,0.675000,0.628700,0.371300,0.255100,2.098100,-2.865800
2013-06-30,102.700000,97.303500,2.700000,-2.696500,0.428600,0.666700,0.608700,0.391300,0.588400,2.700000,-2.696500
2013-07-31,102.700000,97.728800,2.700000,-2.271200,0.431000,0.659200,0.604700,0.395300,0.734800,2.700000,-2.271200
2013-08-31,102.600000,98.375000,2.600000,-1.625000,0.431000,0.614300,0.587700,0.412300,0.857900,2.600000,-1.625000
2013-09-30,103.100000,98.656100,3.100000,-1.343900,0.461600,0.524400,0.531800,0.468200,1.019600,3.100000,-1.343900
2013-10-31,103.200000,98.492900,3.200000,-1.507100,0.450400,0.506400,0.529200,0.470800,0.984100,3.200000,-1.507100
2013-11-30,103.000000,98.575800,3.000000,-1.424200,0.431600,0.530400,0.551400,0.448600,1.015100,3.000000,-1.424200
2013-12-31,102.498700,98.644300,2.498700,-1.355700,0.431600,0.558100,0.563900,0.436100,0.817800,2.498700,-1.355700
2014-01-31,102.500000,98.400000,2.500000,-1.600000,0.386700,0.559800,0.591400,0.408600,0.824900,2.500000,-1.639400
2014-02-28,102.000000,98.000000,2.000000,-2.000000,0.393600,0.553200,0.584300,0.415700,0.337100,2.000000,-2.018200
2014-03-31,102.400000,97.700000,2.400000,-2.300000,0.369500,0.563100,0.603800,0.396200,0.537600,2.400000,-2.302200
2014-04-30,101.801400,98.000000,1.801400,-2.000000,0.433800,0.525200,0.547700,0.452300,0.081800,1.801400,-2.004200
2014-05-31,102.500000,98.600000,2.500000,-1.400000,0.410600,0.449100,0.522400,0.477600,0.637200,2.500000,-1.446400
2014-06-30,102.300000,98.900000,2.300000,-1.100000,0.416500,0.389900,0.483500,0.516500,0.543900,2.300000,-1.108600
2014-07-31,102.300000,99.100000,2.300000,-0.900000,0.419400,0.395500,0.485400,0.514600,0.653200,2.300000,-0.868800
2014-08-31,102.000000,98.800000,2.000000,-1.200000,0.443600,0.406700,0.478300,0.521700,0.330600,2.000000,-1.203800
2014-09-30,101.600000,98.200000,1.600000,-1.800000,0.460000,0.411000,0.471900,0.528100,-0.195600,1.600000,-1.799600
2014-10-31,101.601100,97.800000,1.601100,-2.200000,0.418400,0.451300,0.518900,0.481100,-0.227700,1.601100,-2.242800
2014-11-30,101.400000,97.300000,1.400000,-2.700000,0.397700,0.544900,0.578100,0.421900,-0.329700,1.400000,-2.692800
2014-12-31,101.500000,96.700000,1.500000,-3.300000,0.405400,0.696900,0.632200,0.367800,-0.265300,1.500000,-3.315200
2015-01-31,100.800000,95.700000,0.800000,-4.300000,0.498100,0.978900,0.662700,0.337300,-0.920000,0.800000,-4.320200
2015-02-28,101.400000,95.200000,1.400000,-4.800000,0.511600,1.249200,0.709400,0.290600,-0.401500,1.400000,-4.797600
2015-03-31,101.400000,95.400000,1.400000,-4.600000,0.485900,1.409800,0.743700,0.256300,-0.137800,1.400000,-4.560300
2015-04-30,101.500000,95.400000,1.500000,-4.600000,0.488900,1.517400,0.756300,0.243700,0.013600,1.500000,-4.572500
2015-05-31,101.200000,95.400000,1.200000,-4.600000,0.434500,1.541200,0.780100,0.219900,-0.075500,1.200000,-4.607000
2015-06-30,101.400000,95.200000,1.400000,-4.800000,0.372900,1.494100,0.800300,0.199700,0.161800,1.400000,-4.813500
2015-07-31,101.600000,94.600000,1.600000,-5.400000,0.281300,1.393800,0.832100,0.167900,0.424500,1.600000,-5.369200
2015-08-31,102.000000,94.100000,2.000000,-5.900000,0.281300,1.286200,0.820500,0.179500,0.582300,2.000000,-5.922700
2015-09-30,101.595600,94.100000,1.595600,-5.900000,0.281100,1.163200,0.805400,0.194600,0.136800,1.595600,-5.945000
2015-10-31,101.300000,94.100000,1.300000,-5.900000,0.279800,0.998500,0.781100,0.218900,-0.275900,1.300000,-5.900000
2015-11-30,101.500000,94.100000,1.500000,-5.900000,0.280500,0.816900,0.744400,0.255600,-0.391300,1.500000,-5.900000
2015-12-31,101.600000,94.100000,1.600000,-5.900000,0.284100,0.653400,0.697000,0.303000,-0.672700,1.600000,-5.900000
2016-01-31,101.800000,94.700000,1.800000,-5.300000,0.217800,0.586200,0.729100,0.270900,-0.123400,1.800000,-5.300000
2016-02-29,102.300000,95.100000,2.300000,-4.900000,0.307500,0.579100,0.653200,0.346800,-0.197000,2.300000,-4.900000
2016-03-31,102.300000,95.700000,2.300000,-4.300000,0.359700,0.617700,0.632000,0.368000,-0.129000,2.300000,-4.300000
2016-04-30,102.300000,96.600000,2.300000,-3.400000,0.396600,0.806600,0.670400,0.329600,0.421100,2.300000,-3.400000
2016-05-31,102.000000,97.200000,2.000000,-2.800000,0.363200,1.054300,0.743800,0.256200,0.770100,2.000000,-2.800000
2016-06-30,101.900000,97.400000,1.900000,-2.600000,0.340100,1.268100,0.788500,0.211500,0.948400,1.900000,-2.600000
2016-07-31,101.800000,98.300000,1.800000,-1.700000,0.331500,1.542400,0.823100,0.176900,1.180800,1.800000,-1.700000
2016-08-31,101.300000,99.200000,1.300000,-0.800000,0.365700,1.813000,0.832200,0.167800,0.947500,1.300000,-0.800000
2016-09-30,101.900000,100.100000,1.900000,0.100000,0.360100,2.083600,0.852600,0.147400,1.634700,1.900000,0.100000
2016-10-31,102.100000,101.200000,2.100000,1.200000,0.324700,2.365300,0.879300,0.120700,1.991400,2.100000,1.200000
2016-11-30,102.300000,103.300000,2.300000,3.300000,0.317200,2.799800,0.898200,0.101800,2.401800,2.300000,3.300000
2016-12-31,102.100000,105.500000,2.100000,5.500000,0.296800,3.334800,0.918300,0.081700,2.377900,2.100000,5.500000
2017-01-31,102.500000,106.900000,2.500000,6.900000,0.320000,3.830100,0.922900,0.077100,2.839300,2.500000,6.900000
2017-02-28,100.800000,107.800000,0.800000,7.800000,0.475700,4.179700,0.897800,0.102200,1.515300,0.800000,7.800000
2017-03-31,100.900000,107.600000,0.900000,7.600000,0.546300,4.278800,0.886800,0.113200,1.658500,0.900000,7.600000
2017-04-30,101.200000,106.400000,1.200000,6.400000,0.551600,4.137700,0.882400,0.117600,1.811700,1.200000,6.400000
2017-05-31,101.500000,105.500000,1.500000,5.500000,0.548500,3.840500,0.875000,0.125000,1.999900,1.500000,5.500000
2017-06-30,101.500000,105.500000,1.500000,5.500000,0.546800,3.402500,0.861500,0.138500,2.053800,1.500000,5.500000
2017-07-31,101.400000,105.500000,1.400000,5.500000,0.549600,2.917500,0.841500,0.158500,2.049900,1.400000,5.500000
2017-08-31,101.800000,106.300000,1.800000,6.300000,0.541600,2.411800,0.816600,0.183400,2.625200,1.800000,6.300000
2017-09-30,101.600000,106.900000,1.600000,6.900000,0.536800,1.856700,0.775700,0.224300,2.788600,1.600000,6.900000
2017-10-31,101.900000,106.900000,1.900000,6.900000,0.524200,1.221100,0.699700,0.300300,3.401700,1.900000,6.900000
2017-11-30,101.700000,105.800000,1.700000,5.800000,0.480800,0.839700,0.635900,0.364100,3.192700,1.700000,5.800000
2017-12-31,101.800000,104.900000,1.800000,4.900000,0.458300,0.911900,0.665500,0.334500,2.836800,1.800000,4.900000
2018-01-31,101.500000,104.300000,1.500000,4.300000,0.347300,1.061600,0.753500,0.246500,2.190200,1.500000,4.300000
2018-02-28,102.900000,103.700000,2.900000,3.700000,0.483300,1.128300,0.700100,0.299900,3.139900,2.900000,3.700000
2018-03-31,102.100000,103.100000,2.100000,3.100000,0.437900,1.211300,0.734500,0.265500,2.365500,2.100000,3.100000
2018-04-30,101.800000,103.400000,1.800000,3.400000,0.403300,1.293000,0.762200,0.237800,2.180400,1.800000,3.400000
2018-05-31,101.800000,104.100000,1.800000,4.100000,0.392700,1.321400,0.770900,0.229100,2.327000,1.800000,4.100000
2018-06-30,101.900000,104.700000,1.900000,4.700000,0.380200,1.315900,0.775800,0.224200,2.527700,1.900000,4.700000
2018-07-31,102.100000,104.600000,2.100000,4.600000,0.357900,1.308300,0.785200,0.214800,2.637000,2.100000,4.600000
2018-08-31,102.300000,104.100000,2.300000,4.100000,0.372900,1.245700,0.769600,0.230400,2.714700,2.300000,4.100000
2018-09-30,102.500000,103.600000,2.500000,3.600000,0.386400,1.069700,0.734600,0.265400,2.791900,2.500000,3.600000
2018-10-31,102.500000,103.300000,2.500000,3.300000,0.407000,0.780800,0.657300,0.342700,2.774100,2.500000,3.300000
2018-11-30,102.200000,102.700000,2.200000,2.700000,0.390400,0.686400,0.637400,0.362600,2.381300,2.200000,2.700000
2018-12-31,101.900000,100.900000,1.900000,0.900000,0.384100,1.029100,0.728200,0.271800,1.628200,1.900000,0.900000
2019-01-31,101.700000,100.100000,1.700000,0.100000,0.357900,1.396400,0.796000,0.204000,1.373600,1.700000,0.100000
2019-02-28,101.500000,100.100000,1.500000,0.100000,0.313700,1.642300,0.839600,0.160400,1.275500,1.500000,0.100000
2019-03-31,102.300000,100.400000,2.300000,0.400000,0.323200,1.789500,0.847000,0.153000,2.009300,2.300000,0.400000
2019-04-30,102.500000,100.900000,2.500000,0.900000,0.338400,1.841200,0.844700,0.155300,2.251600,2.500000,0.900000
2019-05-31,102.700000,100.600000,2.700000,0.600000,0.364600,1.834700,0.834200,0.165800,2.351800,2.700000,0.600000
2019-06-30,102.700000,100.000000,2.700000,0.000000,0.382500,1.744100,0.820100,0.179900,2.214400,2.700000,0.000000
2019-07-31,102.800000,99.700000,2.800000,-0.300000,0.411200,1.589400,0.794500,0.205500,2.162800,2.800000,-0.300000
2019-08-31,102.800000,99.200000,2.800000,-0.800000,0.435800,1.446300,0.768400,0.231600,1.966400,2.800000,-0.800000
2019-09-30,103.000000,98.800000,3.000000,-1.200000,0.474500,1.306200,0.733500,0.266500,1.880900,3.000000,-1.200000
2019-10-31,103.800000,98.400000,3.800000,-1.600000,0.627300,1.124500,0.641900,0.358100,1.866300,3.800000,-1.600000
2019-11-30,104.500000,98.600000,4.500000,-1.400000,0.844100,0.874300,0.508800,0.491200,1.602000,4.500000,-1.400000
2019-12-31,104.500000,99.500000,4.500000,-0.500000,0.951600,0.806200,0.458600,0.541400,1.793200,4.500000,-0.500000
2020-01-31,105.400000,100.100000,5.400000,0.100000,1.113100,0.806200,0.420000,0.580000,2.326200,5.400000,0.100000
2020-02-29,105.200000,99.600000,5.200000,-0.400000,1.109300,0.796000,0.417800,0.582200,1.939600,5.200000,-0.400000
2020-03-31,104.300000,98.500000,4.300000,-1.500000,1.059000,0.821800,0.436900,0.563100,1.034300,4.300000,-1.500000
2020-04-30,103.300000,96.900000,3.300000,-3.100000,1.001400,0.992200,0.497700,0.502300,0.085300,3.300000,-3.100000
2020-05-31,102.400000,96.300000,2.400000,-3.700000,1.033200,1.182400,0.533700,0.466300,-0.444500,2.400000,-3.700000
2020-06-30,102.500000,97.000000,2.500000,-3.000000,1.052700,1.222100,0.537300,0.462700,-0.045100,2.500000,-3.000000
2020-07-31,102.700000,97.600000,2.700000,-2.400000,1.060900,1.192500,0.529200,0.470800,0.298900,2.700000,-2.400000
2020-08-31,102.400000,98.000000,2.400000,-2.000000,1.097400,1.167100,0.515400,0.484600,0.267700,2.400000,-2.000000
2020-09-30,101.700000,97.900000,1.700000,-2.100000,1.225800,1.159200,0.486000,0.514000,-0.253100,1.700000,-2.100000
2020-10-31,100.500000,97.900000,0.500000,-2.100000,1.505000,1.160300,0.435300,0.564700,-0.968100,0.500000,-2.100000
2020-11-30,99.500000,98.500000,-0.500000,-1.500000,1.800700,1.157200,0.391200,0.608800,-1.108800,-0.500000,-1.500000
2020-12-31,100.200000,99.600000,0.200000,-0.400000,1.872500,1.168100,0.384200,0.615800,-0.169500,0.200000,-0.400000
2021-01-31,,,-0.300000,0.300000,,,,,0.000000,-0.300000,0.300000
2021-02-28,,,-0.200000,1.700000,,,,,0.750000,-0.200000,1.700000
2021-03-31,,,0.400000,4.400000,,,,,2.400000,0.400000,4.400000
2021-04-30,,,0.900000,6.800000,,,,,3.850000,0.900000,6.800000
2021-05-31,,,1.300000,9.000000,,,,,5.150000,1.300000,9.000000
2021-06-30,,,1.100000,8.800000,,,,,2.303279,1.100000,8.800000
2021-07-31,,,1.000000,9.000000,,,,,2.201199,1.000000,9.000000
2021-08-31,,,0.800000,9.500000,,,,,2.034425,0.800000,9.500000
2021-09-30,,,0.700000,10.700000,,,,,2.014139,0.700000,10.700000
2021-10-31,,,1.500000,13.500000,,,,,3.020387,1.500000,13.500000
2021-11-30,,,2.300000,12.900000,,,,,3.874309,2.300000,12.900000
2021-12-31,,,1.500000,10.300000,,,,,2.827184,1.500000,10.300000
2022-01-31,,,0.900000,9.100000,,,,,2.200755,0.900000,9.100000
2022-02-28,,,0.900000,8.800000,,,,,2.235757,0.900000,8.800000
2022-03-31,,,1.500000,8.300000,,,,,2.804446,1.500000,8.300000
2022-04-30,,,2.100000,8.000000,,,,,3.423744,2.100000,8.000000
2022-05-31,,,2.100000,6.400000,,,,,3.034462,2.100000,6.400000
2022-06-30,,,2.500000,6.100000,,,,,3.296366,2.500000,6.100000
2022-07-31,,,2.700000,4.200000,,,,,3.010701,2.700000,4.200000
2022-08-31,,,2.500000,2.300000,,,,,2.465263,2.500000,2.300000
2022-09-30,,,2.800000,0.900000,,,,,2.519820,2.800000,0.900000
2022-10-31,,,2.100000,-1.300000,,,,,1.637026,2.100000,-1.300000
2022-11-30,,,1.600000,-1.300000,,,,,1.202957,1.600000,-1.300000
2022-12-31,,,1.800000,-0.700000,,,,,1.461505,1.800000,-0.700000
2023-01-31,,,2.100000,-0.800000,,,,,1.752402,2.100000,-0.800000
2023-02-28,,,1.000000,-1.400000,,,,,0.710302,1.000000,-1.400000
2023-03-31,,,0.700000,-2.500000,,,,,0.218885,0.700000,-2.500000
2023-04-30,,,0.100000,-3.600000,,,,,-0.648126,0.100000,-3.600000
2023-05-31,,,0.200000,-4.600000,,,,,-0.928349,0.200000,-4.600000
2023-06-30,,,0.000000,-5.400000,,,,,-1.475646,0.000000,-5.400000
2023-07-31,,,-0.300000,-4.400000,,,,,-1.601554,-0.300000,-4.400000
2023-08-31,,,0.100000,-3.000000,,,,,-0.993619,0.100000,-3.000000
2023-09-30,,,0.000000,-2.500000,,,,,-0.902009,0.000000,-2.500000
2023-10-31,,,-0.200000,-2.600000,,,,,-1.045131,-0.200000,-2.600000
2023-11-30,,,-0.500000,-3.000000,,,,,-1.398675,-0.500000,-3.000000
2023-12-31,,,-0.300000,-2.700000,,,,,-1.154095,-0.300000,-2.700000
2024-01-31,,,-0.800000,-2.500000,,,,,-1.318698,-0.800000,-2.500000
2024-02-29,,,0.700000,-2.700000,,,,,-0.350771,0.700000,-2.700000
2024-03-31,,,0.100000,-2.800000,,,,,-0.719836,0.100000,-2.800000
2024-04-30,,,0.300000,-2.500000,,,,,-0.496807,0.300000,-2.500000
2024-05-31,,,0.300000,-1.400000,,,,,-0.180682,0.300000,-1.400000
2024-06-30,,,0.200000,-0.800000,,,,,-0.119030,0.200000,-0.800000
2024-07-31,,,0.500000,-0.800000,,,,,0.049465,0.500000,-0.800000
2024-08-31,,,0.600000,-1.800000,,,,,-0.286942,0.600000,-1.800000
2024-09-30,,,0.400000,-2.800000,,,,,-0.781225,0.400000,-2.800000
2024-10-31,,,0.300000,-2.900000,,,,,-0.851747,0.300000,-2.900000
2024-11-30,,,0.200000,-2.500000,,,,,-0.726757,0.200000,-2.500000
2024-12-31,,,0.100000,-2.300000,,,,,-0.693577,0.100000,-2.300000
2025-01-31,,,0.500000,-2.300000,,,,,-0.068157,0.500000,-2.300000
2025-02-28,,,-0.700000,-2.200000,,,,,-1.167343,-0.700000,-2.200000
2025-03-31,,,-0.100000,-2.500000,,,,,-0.881531,-0.100000,-2.500000
2025-04-30,,,-0.100000,-2.700000,,,,,-0.953086,-0.100000,-2.700000
2025-05-31,,,-0.100000,-3.300000,,,,,-1.122858,-0.100000,-3.300000
2025-06-30,,,0.100000,-3.600000,,,,,-1.141525,0.100000,-3.600000
2025-07-31,,,0.000000,-3.600000,,,,,-1.370998,0.000000,-3.600000
2025-08-31,,,-0.400000,-2.900000,,,,,-1.420419,-0.400000,-2.900000
2025-09-30,,,-0.300000,-2.300000,,,,,-1.078497,-0.300000,-2.300000
2025-10-31,,,0.200000,-2.100000,,,,,-0.648549,0.200000,-2.100000
2025-11-30,,,0.700000,-2.200000,,,,,-0.474516,0.700000,-2.200000
2025-12-31,,,0.800000,-1.900000,,,,,-0.359821,0.800000,-1.900000
2026-01-31,,,0.200000,-1.400000,,,,,-0.411915,0.200000,-1.400000
2026-02-28,,,1.300000,-0.900000,,,,,0.475453,1.300000,-0.900000
2026-03-31,,,1.000000,0.500000,,,,,0.843858,1.000000,0.500000
2026-04-30,,,1.200000,2.800000,,,,,1.583873,1.200000,2.800000
2026-05-31,,,1.200000,3.900000,,,,,1.745886,1.200000,3.900000
2026-06-30,,,1.000000,4.100000,,,,,1.571858,1.000000,4.100000
2026-07-31,,,0.500000,3.500000,,,,,1.027675,0.500000,3.500000
