日期,yield_10y
2015-01-04,3.628500
2015-01-05,3.625100
2015-01-06,3.635300
2015-01-07,3.640800
2015-01-08,3.641500
2015-01-09,3.634800
2015-01-12,3.637100
2015-01-13,3.583600
2015-01-14,3.541100
2015-01-15,3.546400
2015-01-16,3.501700
2015-01-19,3.475000
2015-01-20,3.471100
2015-01-21,3.467200
2015-01-22,3.452100
2015-01-23,3.452000
2015-01-26,3.434100
2015-01-27,3.430900
2015-01-28,3.476700
2015-01-29,3.496600
2015-01-30,3.501900
2015-02-02,3.472900
2015-02-03,3.453300
2015-02-04,3.458900
2015-02-05,3.401800
2015-02-06,3.432500
2015-02-09,3.423600
2015-02-10,3.429900
2015-02-11,3.395500
2015-02-12,3.386500
2015-02-13,3.355200
2015-02-15,3.362500
2015-02-16,3.337400
2015-02-17,3.337300
2015-02-25,3.349000
2015-02-26,3.359400
2015-02-27,3.374500
2015-02-28,3.360200
2015-03-02,3.388300
2015-03-03,3.402200
2015-03-04,3.386900
2015-03-05,3.436900
2015-03-06,3.475300
2015-03-09,3.492200
2015-03-10,3.522800
2015-03-11,3.446600
2015-03-12,3.441200
2015-03-13,3.487900
2015-03-16,3.530100
2015-03-17,3.542800
2015-03-18,3.551900
2015-03-19,3.534800
2015-03-20,3.495800
2015-03-23,3.493300
2015-03-24,3.484100
2015-03-25,3.503700
2015-03-26,3.544000
2015-03-27,3.567800
2015-03-30,3.584900
2015-03-31,3.648300
2015-04-01,3.599700
2015-04-02,3.543800
2015-04-03,3.572000
2015-04-07,3.598700
2015-04-08,3.693800
2015-04-09,3.704000
2015-04-10,3.694700
2015-04-13,3.668500
2015-04-14,3.621100
2015-04-15,3.595400
2015-04-16,3.560000
2015-04-17,3.562700
2015-04-20,3.455400
2015-04-21,3.405500
2015-04-22,3.405200
2015-04-23,3.415100
2015-04-24,3.445400
2015-04-27,3.395200
2015-04-28,3.380400
2015-04-29,3.400000
2015-04-30,3.350300
2015-05-04,3.380400
2015-05-05,3.400600
2015-05-06,3.456000
2015-05-07,3.440100
2015-05-08,3.370300
2015-05-11,3.375200
2015-05-12,3.400200
2015-05-13,3.400200
2015-05-14,3.380300
2015-05-15,3.390700
2015-05-18,3.410900
2015-05-19,3.431100
2015-05-20,3.428200
2015-05-21,3.425700
2015-05-22,3.416000
2015-05-25,3.431000
2015-05-26,3.521400
2015-05-27,3.505500
2015-05-28,3.565200
2015-05-29,3.595400
2015-06-01,3.640400
2015-06-02,3.588000
2015-06-03,3.611100
2015-06-04,3.591200
2015-06-05,3.581400
2015-06-08,3.561300
2015-06-09,3.556500
2015-06-10,3.591200
2015-06-11,3.619700
2015-06-12,3.622600
2015-06-15,3.668100
2015-06-16,3.609900
2015-06-17,3.605200
2015-06-18,3.573000
2015-06-19,3.582500
2015-06-23,3.605400
2015-06-24,3.607900
2015-06-25,3.602800
2015-06-26,3.608000
2015-06-29,3.603000
2015-06-30,3.597600
2015-07-01,3.612700
2015-07-02,3.622300
2015-07-03,3.571900
2015-07-06,3.491700
2015-07-07,3.436100
2015-07-08,3.430700
2015-07-09,3.435800
2015-07-10,3.488500
2015-07-13,3.501400
2015-07-14,3.534100
2015-07-15,3.549500
2015-07-16,3.520800
2015-07-17,3.512300
2015-07-20,3.500900
2015-07-21,3.521400
2015-07-22,3.514500
2015-07-23,3.475100
2015-07-24,3.460200
2015-07-27,3.460200
2015-07-28,3.440100
2015-07-29,3.430200
2015-07-30,3.440200
2015-07-31,3.475200
2015-08-03,3.470000
2015-08-04,3.470000
2015-08-05,3.470100
2015-08-06,3.460000
2015-08-07,3.455300
2015-08-10,3.475500
2015-08-11,3.525600
2015-08-12,3.540200
2015-08-13,3.515300
2015-08-14,3.505200
2015-08-17,3.517600
2015-08-18,3.512600
2015-08-19,3.520100
2015-08-20,3.505100
2015-08-21,3.495100
2015-08-24,3.470100
2015-08-25,3.457700
2015-08-26,3.429000
2015-08-27,3.390200
2015-08-28,3.380300
2015-08-31,3.325200
2015-09-01,3.300200
2015-09-02,3.300200
2015-09-06,3.320300
2015-09-07,3.335300
2015-09-08,3.360300
2015-09-09,3.347800
2015-09-10,3.345300
2015-09-11,3.340400
2015-09-14,3.330300
2015-09-15,3.310400
2015-09-16,3.310300
2015-09-17,3.320400
2015-09-18,3.310500
2015-09-21,3.320400
2015-09-22,3.325500
2015-09-23,3.335400
2015-09-24,3.318000
2015-09-25,3.310100
2015-09-28,3.290600
2015-09-29,3.245700
2015-09-30,3.236200
2015-10-08,3.240900
2015-10-09,3.148600
2015-10-10,3.161200
2015-10-12,3.148800
2015-10-13,3.106400
2015-10-14,3.041400
2015-10-15,3.081400
2015-10-16,3.121600
2015-10-19,3.121400
2015-10-20,3.061500
2015-10-21,3.061600
2015-10-22,3.051600
2015-10-23,3.040000
2015-10-26,3.020000
2015-10-27,2.980000
2015-10-28,2.987000
2015-10-29,3.050000
2015-10-30,3.060000
2015-11-02,3.052500
2015-11-03,3.080000
2015-11-04,3.135100
2015-11-05,3.115000
2015-11-06,3.125000
2015-11-09,3.209900
2015-11-10,3.200100
2015-11-11,3.122600
2015-11-12,3.135100
2015-11-13,3.125100
2015-11-16,3.135200
2015-11-17,3.125200
2015-11-18,3.140200
2015-11-19,3.140200
2015-11-20,3.125100
2015-11-23,3.130200
2015-11-24,3.107700
2015-11-25,3.085300
2015-11-26,3.050300
2015-11-27,3.060300
2015-11-30,3.040400
2015-12-01,3.050400
2015-12-02,3.045400
2015-12-03,3.030400
2015-12-04,3.025400
2015-12-07,3.028000
2015-12-08,3.000500
2015-12-09,2.996800
2015-12-10,3.001800
2015-12-11,2.993100
2015-12-14,3.030600
2015-12-15,3.015700
2015-12-16,3.000700
2015-12-17,2.985700
2015-12-18,2.940800
2015-12-21,2.881100
2015-12-22,2.861000
2015-12-23,2.846000
2015-12-24,2.801000
2015-12-25,2.806100
2015-12-28,2.796100
2015-12-29,2.806100
2015-12-30,2.826100
2015-12-31,2.821200
2016-01-04,2.871000
2016-01-05,2.891100
2016-01-06,2.886100
2016-01-07,2.851100
2016-01-08,2.836200
2016-01-11,2.818700
2016-01-12,2.788700
2016-01-13,2.723700
2016-01-14,2.751300
2016-01-15,2.746400
2016-01-18,2.776400
2016-01-19,2.796400
2016-01-20,2.811400
2016-01-21,2.791400
2016-01-22,2.774100
2016-01-25,2.859000
2016-01-26,2.861600
2016-01-27,2.901600
2016-01-28,2.886600
2016-01-29,2.841900
2016-02-01,2.836800
2016-02-02,2.881800
2016-02-03,2.891800
2016-02-04,2.855000
2016-02-05,2.853500
2016-02-06,2.853500
2016-02-14,2.822100
2016-02-15,2.837100
2016-02-16,2.837600
2016-02-17,2.835100
2016-02-18,2.835100
2016-02-19,2.825100
2016-02-22,2.842600
2016-02-23,2.845100
2016-02-24,2.867600
2016-02-25,2.865100
2016-02-26,2.855100
2016-02-29,2.850200
2016-03-01,2.852700
2016-03-02,2.875200
2016-03-03,2.900200
2016-03-04,2.895200
2016-03-07,2.930300
2016-03-08,2.935200
2016-03-09,2.892800
2016-03-10,2.865300
2016-03-11,2.845300
2016-03-14,2.850400
2016-03-15,2.840400
2016-03-16,2.805400
2016-03-17,2.815400
2016-03-18,2.822900
2016-03-21,2.830500
2016-03-22,2.830400
2016-03-23,2.830700
2016-03-24,2.830900
2016-03-25,2.831100
2016-03-28,2.866500
2016-03-29,2.851000
2016-03-30,2.836200
2016-03-31,2.841900
2016-04-01,2.842200
2016-04-05,2.863700
2016-04-06,2.868900
2016-04-07,2.904900
2016-04-08,2.915800
2016-04-11,2.909100
2016-04-12,2.910000
2016-04-13,2.927100
2016-04-14,2.935200
2016-04-15,2.915100
2016-04-18,2.904700
2016-04-19,2.906000
2016-04-20,2.925800
2016-04-21,2.920800
2016-04-22,2.930900
2016-04-25,2.936200
2016-04-26,2.921200
2016-04-27,2.910800
2016-04-28,2.886300
2016-04-29,2.891300
2016-05-03,2.889000
2016-05-04,2.896500
2016-05-05,2.901700
2016-05-06,2.901600
2016-05-09,2.881800
2016-05-10,2.900000
2016-05-11,2.907500
2016-05-12,2.897500
2016-05-13,2.905000
2016-05-16,2.927500
2016-05-17,2.930000
2016-05-18,2.955000
2016-05-19,2.960000
2016-05-20,2.950000
2016-05-23,2.955000
2016-05-24,2.935000
2016-05-25,2.940100
2016-05-26,2.940100
2016-05-27,2.945100
2016-05-30,2.977600
2016-05-31,2.985100
2016-06-01,2.995200
2016-06-02,3.012700
2016-06-03,3.015200
2016-06-06,3.004100
2016-06-07,3.007100
2016-06-08,3.007700
2016-06-12,3.005300
2016-06-13,2.997900
2016-06-14,2.965400
2016-06-15,2.960400
2016-06-16,2.945500
2016-06-17,2.937900
2016-06-20,2.948100
2016-06-21,2.940500
2016-06-22,2.930700
2016-06-23,2.930700
2016-06-24,2.880800
2016-06-27,2.831000
2016-06-28,2.861000
2016-06-29,2.858600
2016-06-30,2.841100
2016-07-01,2.803800
2016-07-04,2.831400
2016-07-05,2.851400
2016-07-06,2.836500
2016-07-07,2.806600
2016-07-08,2.801600
2016-07-11,2.826800
2016-07-12,2.836800
2016-07-13,2.849400
2016-07-14,2.839500
2016-07-15,2.827100
2016-07-18,2.827100
2016-07-19,2.819700
2016-07-20,2.799600
2016-07-21,2.780600
2016-07-22,2.790700
2016-07-25,2.806800
2016-07-26,2.791300
2016-07-27,2.796700
2016-07-28,2.786700
2016-07-29,2.776800
2016-08-01,2.783000
2016-08-02,2.779200
2016-08-03,2.771800
2016-08-04,2.769400
2016-08-05,2.753400
2016-08-08,2.747200
2016-08-09,2.712500
2016-08-10,2.695000
2016-08-11,2.687500
2016-08-12,2.670100
2016-08-15,2.640100
2016-08-16,2.665100
2016-08-17,2.690100
2016-08-18,2.680100
2016-08-19,2.700100
2016-08-22,2.680100
2016-08-23,2.720100
2016-08-24,2.730100
2016-08-25,2.720100
2016-08-26,2.692700
2016-08-29,2.706400
2016-08-30,2.752700
2016-08-31,2.742500
2016-09-01,2.745200
2016-09-02,2.745200
2016-09-05,2.750300
2016-09-06,2.762800
2016-09-07,2.785300
2016-09-08,2.775300
2016-09-09,2.767800
2016-09-12,2.791600
2016-09-13,2.765400
2016-09-14,2.757900
2016-09-18,2.765500
2016-09-19,2.760500
2016-09-20,2.743100
2016-09-21,2.751800
2016-09-22,2.745600
2016-09-23,2.731800
2016-09-26,2.715700
2016-09-27,2.714400
2016-09-28,2.724400
2016-09-29,2.728200
2016-09-30,2.725800
2016-10-08,2.704700
2016-10-09,2.676000
2016-10-10,2.673500
2016-10-11,2.683500
2016-10-12,2.709800
2016-10-13,2.701000
2016-10-14,2.695200
2016-10-17,2.690400
2016-10-18,2.696500
2016-10-19,2.666400
2016-10-20,2.651800
2016-10-21,2.645100
2016-10-24,2.659500
2016-10-25,2.685900
2016-10-26,2.720000
2016-10-27,2.706800
2016-10-28,2.702700
2016-10-31,2.742500
2016-11-01,2.737500
2016-11-02,2.737200
2016-11-03,2.730100
2016-11-04,2.733900
2016-11-07,2.747500
2016-11-08,2.763400
2016-11-09,2.765100
2016-11-10,2.792600
2016-11-11,2.815000
2016-11-14,2.857700
2016-11-15,2.850100
2016-11-16,2.865200
2016-11-17,2.905500
2016-11-18,2.890100
2016-11-21,2.885100
2016-11-22,2.868900
2016-11-23,2.845100
2016-11-24,2.850200
2016-11-25,2.865000
2016-11-28,2.850200
2016-11-29,2.890600
2016-11-30,2.950200
2016-12-01,2.989300
2016-12-02,2.989500
2016-12-05,3.030200
2016-12-06,3.115100
2016-12-07,3.087700
2016-12-08,3.075300
2016-12-09,3.085300
2016-12-12,3.145800
2016-12-13,3.186300
2016-12-14,3.218600
2016-12-15,3.331500
2016-12-16,3.280300
2016-12-19,3.331600
2016-12-20,3.373900
2016-12-21,3.281500
2016-12-22,3.190800
2016-12-23,3.176900
2016-12-26,3.155100
2016-12-27,3.162800
2016-12-28,3.122300
2016-12-29,3.047100
2016-12-30,3.011500
2016-12-31,3.011500
2017-01-03,3.105400
2017-01-04,3.182300
2017-01-05,3.208600
2017-01-06,3.195300
2017-01-09,3.169200
2017-01-10,3.179200
2017-01-11,3.205500
2017-01-12,3.188800
2017-01-13,3.202200
2017-01-16,3.249600
2017-01-17,3.269200
2017-01-18,3.268200
2017-01-19,3.258400
2017-01-20,3.244000
2017-01-22,3.255000
2017-01-23,3.242900
2017-01-24,3.283700
2017-01-25,3.346300
2017-01-26,3.346500
2017-02-03,3.421400
2017-02-04,3.409900
2017-02-06,3.490500
2017-02-07,3.486600
2017-02-08,3.459100
2017-02-09,3.414800
2017-02-10,3.436800
2017-02-13,3.419200
2017-02-14,3.410700
2017-02-15,3.405800
2017-02-16,3.355900
2017-02-17,3.331100
2017-02-20,3.281200
2017-02-21,3.301300
2017-02-22,3.283900
2017-02-23,3.271400
2017-02-24,3.291600
2017-02-27,3.287100
2017-02-28,3.292100
2017-03-01,3.325200
2017-03-02,3.348300
2017-03-03,3.357300
2017-03-06,3.361500
2017-03-07,3.364300
2017-03-08,3.408800
2017-03-09,3.415100
2017-03-10,3.415600
2017-03-13,3.385100
2017-03-14,3.365300
2017-03-15,3.352400
2017-03-16,3.309700
2017-03-17,3.312400
2017-03-20,3.314100
2017-03-21,3.314100
2017-03-22,3.306800
2017-03-23,3.303400
2017-03-24,3.252900
2017-03-27,3.245100
2017-03-28,3.262600
2017-03-29,3.269500
2017-03-30,3.289000
2017-03-31,3.282800
2017-04-01,3.273000
2017-04-05,3.310200
2017-04-06,3.310900
2017-04-07,3.296600
2017-04-10,3.316600
2017-04-11,3.320900
2017-04-12,3.328300
2017-04-13,3.322000
2017-04-14,3.359900
2017-04-17,3.416000
2017-04-18,3.406400
2017-04-19,3.406500
2017-04-20,3.424000
2017-04-21,3.461400
2017-04-24,3.499100
2017-04-25,3.456800
2017-04-26,3.451900
2017-04-27,3.449400
2017-04-28,3.466800
2017-05-02,3.487000
2017-05-03,3.521900
2017-05-04,3.551700
2017-05-05,3.559200
2017-05-08,3.604200
2017-05-09,3.632500
2017-05-10,3.690000
2017-05-11,3.640000
2017-05-12,3.652500
2017-05-15,3.610000
2017-05-16,3.622500
2017-05-17,3.627500
2017-05-18,3.607500
2017-05-19,3.625000
2017-05-22,3.660100
2017-05-23,3.672500
2017-05-24,3.660100
2017-05-25,3.647600
2017-05-26,3.650100
2017-05-27,3.649900
2017-05-31,3.610200
2017-06-01,3.615200
2017-06-02,3.627700
2017-06-05,3.615200
2017-06-06,3.632800
2017-06-07,3.642700
2017-06-08,3.647800
2017-06-09,3.630300
2017-06-12,3.584100
2017-06-13,3.575400
2017-06-14,3.535400
2017-06-15,3.555400
2017-06-16,3.568000
2017-06-19,3.500600
2017-06-20,3.488100
2017-06-21,3.540600
2017-06-22,3.560700
2017-06-23,3.545700
2017-06-26,3.513400
2017-06-27,3.508400
2017-06-28,3.533300
2017-06-29,3.548300
2017-06-30,3.568300
2017-07-03,3.603300
2017-07-04,3.600900
2017-07-05,3.576000
2017-07-06,3.566000
2017-07-07,3.589700
2017-07-10,3.591100
2017-07-11,3.583600
2017-07-12,3.574900
2017-07-13,3.564300
2017-07-14,3.563700
2017-07-17,3.562600
2017-07-18,3.585100
2017-07-19,3.590100
2017-07-20,3.574000
2017-07-21,3.582900
2017-07-24,3.576900
2017-07-25,3.592000
2017-07-26,3.617000
2017-07-27,3.602100
2017-07-28,3.603400
2017-07-31,3.626000
2017-08-01,3.637300
2017-08-02,3.631100
2017-08-03,3.626200
2017-08-04,3.626200
2017-08-07,3.662600
2017-08-08,3.653800
2017-08-09,3.660000
2017-08-10,3.637500
2017-08-11,3.616300
2017-08-14,3.592500
2017-08-15,3.580100
2017-08-16,3.598800
2017-08-17,3.592600
2017-08-18,3.595100
2017-08-21,3.618100
2017-08-22,3.620100
2017-08-23,3.615200
2017-08-24,3.625200
2017-08-25,3.632700
2017-08-28,3.650200
2017-08-29,3.630300
2017-08-30,3.630300
2017-08-31,3.626500
2017-09-01,3.635300
2017-09-04,3.645400
2017-09-05,3.664100
2017-09-06,3.655400
2017-09-07,3.615500
2017-09-08,3.600500
2017-09-11,3.615600
2017-09-12,3.618100
2017-09-13,3.635600
2017-09-14,3.598200
2017-09-15,3.598200
2017-09-18,3.622000
2017-09-19,3.615800
2017-09-20,3.620900
2017-09-21,3.633400
2017-09-22,3.620900
2017-09-25,3.598500
2017-09-26,3.617200
2017-09-27,3.623500
2017-09-28,3.613600
2017-09-29,3.613600
2017-09-30,3.613600
2017-10-09,3.647700
2017-10-10,3.647000
2017-10-11,3.654000
2017-10-12,3.676500
2017-10-13,3.674000
2017-10-16,3.705400
2017-10-17,3.740900
2017-10-18,3.736600
2017-10-19,3.716700
2017-10-20,3.721700
2017-10-23,3.723100
2017-10-24,3.722000
2017-10-25,3.776800
2017-10-26,3.776900
2017-10-27,3.826600
2017-10-30,3.911500
2017-10-31,3.891700
2017-11-01,3.863000
2017-11-02,3.871800
2017-11-03,3.881600
2017-11-06,3.869400
2017-11-07,3.881300
2017-11-08,3.872500
2017-11-09,3.886300
2017-11-10,3.900000
2017-11-13,3.950000
2017-11-14,3.952500
2017-11-15,3.950000
2017-11-16,3.922500
2017-11-17,3.920000
2017-11-20,3.940000
2017-11-21,3.950000
2017-11-22,3.985000
2017-11-23,3.985100
2017-11-24,3.946300
2017-11-27,3.950100
2017-11-28,3.960100
2017-11-29,3.910100
2017-11-30,3.890100
2017-12-01,3.885200
2017-12-04,3.890200
2017-12-05,3.875200
2017-12-06,3.875200
2017-12-07,3.892700
2017-12-08,3.910200
2017-12-11,3.930300
2017-12-12,3.937800
2017-12-13,3.930300
2017-12-14,3.910400
2017-12-15,3.890400
2017-12-18,3.890400
2017-12-19,3.900500
2017-12-20,3.900500
2017-12-21,3.900500
2017-12-22,3.878000
2017-12-25,3.873100
2017-12-26,3.888100
2017-12-27,3.895600
2017-12-28,3.885700
2017-12-29,3.880700
2017-12-30,3.880700
2017-12-31,3.880700
2018-01-02,3.900800
2018-01-03,3.916200
2018-01-04,3.931900
2018-01-05,3.921200
2018-01-08,3.911000
2018-01-09,3.890900
2018-01-10,3.920100
2018-01-11,3.954600
2018-01-12,3.933700
2018-01-15,3.965000
2018-01-16,3.959600
2018-01-17,3.959700
2018-01-18,3.979700
2018-01-19,3.975400
2018-01-22,3.952200
2018-01-23,3.941400
2018-01-24,3.950700
2018-01-25,3.943500
2018-01-26,3.936500
2018-01-29,3.936800
2018-01-30,3.929200
2018-01-31,3.914000
2018-02-01,3.906600
2018-02-02,3.909200
2018-02-05,3.916700
2018-02-06,3.882500
2018-02-07,3.870000
2018-02-08,3.880100
2018-02-09,3.880000
2018-02-11,3.877500
2018-02-12,3.875000
2018-02-13,3.870000
2018-02-14,3.870200
2018-02-22,3.875200
2018-02-23,3.870200
2018-02-24,3.865200
2018-02-26,3.845200
2018-02-27,3.820100
2018-02-28,3.820200
2018-03-01,3.820100
2018-03-02,3.835200
2018-03-05,3.845300
2018-03-06,3.825300
2018-03-07,3.820300
2018-03-08,3.820300
2018-03-09,3.827800
2018-03-12,3.824300
2018-03-13,3.836200
2018-03-14,3.841300
2018-03-15,3.825700
2018-03-16,3.815400
2018-03-19,3.810400
2018-03-20,3.790600
2018-03-21,3.763000
2018-03-22,3.748000
2018-03-23,3.700500
2018-03-26,3.730700
2018-03-27,3.743200
2018-03-28,3.740600
2018-03-29,3.745600
2018-03-30,3.740700
2018-04-02,3.735700
2018-04-03,3.750700
2018-04-04,3.723400
2018-04-08,3.700800
2018-04-09,3.695900
2018-04-10,3.715900
2018-04-11,3.710900
2018-04-12,3.710900
2018-04-13,3.706200
2018-04-16,3.656100
2018-04-17,3.651200
2018-04-18,3.501300
2018-04-19,3.506400
2018-04-20,3.521500
2018-04-23,3.601900
2018-04-24,3.585500
2018-04-25,3.611800
2018-04-26,3.634400
2018-04-27,3.636400
2018-04-28,3.621700
2018-05-02,3.666500
2018-05-03,3.646700
2018-05-04,3.631900
2018-05-07,3.651800
2018-05-08,3.692200
2018-05-09,3.707400
2018-05-10,3.692400
2018-05-11,3.688200
2018-05-14,3.693700
2018-05-15,3.715100
2018-05-16,3.707600
2018-05-17,3.712000
2018-05-18,3.709900
2018-05-21,3.693900
2018-05-22,3.670000
2018-05-23,3.640000
2018-05-24,3.650100
2018-05-25,3.612600
2018-05-28,3.610100
2018-05-29,3.600100
2018-05-30,3.597600
2018-05-31,3.612900
2018-06-01,3.620200
2018-06-04,3.653200
2018-06-05,3.660200
2018-06-06,3.660200
2018-06-07,3.670200
2018-06-08,3.645300
2018-06-11,3.650200
2018-06-12,3.685300
2018-06-13,3.662700
2018-06-14,3.622700
2018-06-15,3.602800
2018-06-19,3.560300
2018-06-20,3.605400
2018-06-21,3.575300
2018-06-22,3.560400
2018-06-25,3.580300
2018-06-26,3.580400
2018-06-27,3.552900
2018-06-28,3.530400
2018-06-29,3.475600
2018-07-02,3.466800
2018-07-03,3.495500
2018-07-04,3.510700
2018-07-05,3.500500
2018-07-06,3.525900
2018-07-09,3.543200
2018-07-10,3.543100
2018-07-11,3.510700
2018-07-12,3.515800
2018-07-13,3.485800
2018-07-16,3.480800
2018-07-17,3.480800
2018-07-18,3.470800
2018-07-19,3.440900
2018-07-20,3.513500
2018-07-23,3.518600
2018-07-24,3.561500
2018-07-25,3.561400
2018-07-26,3.536100
2018-07-27,3.521200
2018-07-30,3.521300
2018-07-31,3.481200
2018-08-01,3.463800
2018-08-02,3.471300
2018-08-03,3.456700
2018-08-06,3.456800
2018-08-07,3.487600
2018-08-08,3.522200
2018-08-09,3.547600
2018-08-10,3.552500
2018-08-13,3.582600
2018-08-14,3.551900
2018-08-15,3.582900
2018-08-16,3.614100
2018-08-17,3.652400
2018-08-20,3.632600
2018-08-21,3.630000
2018-08-22,3.607500
2018-08-23,3.610100
2018-08-24,3.627800
2018-08-27,3.630300
2018-08-28,3.610100
2018-08-29,3.610100
2018-08-30,3.580100
2018-08-31,3.575100
2018-09-03,3.595100
2018-09-04,3.610100
2018-09-05,3.610100
2018-09-06,3.610100
2018-09-07,3.630100
2018-09-10,3.655100
2018-09-11,3.675100
2018-09-12,3.655100
2018-09-13,3.652600
2018-09-14,3.635100
2018-09-17,3.632700
2018-09-18,3.645200
2018-09-19,3.672700
2018-09-20,3.700300
2018-09-21,3.675200
2018-09-25,3.675400
2018-09-26,3.650300
2018-09-27,3.625300
2018-09-28,3.615300
2018-09-29,3.610400
2018-09-30,3.610300
2018-10-08,3.615500
2018-10-09,3.615600
2018-10-10,3.615600
2018-10-11,3.580600
2018-10-12,3.583100
2018-10-15,3.585700
2018-10-16,3.575700
2018-10-17,3.580700
2018-10-18,3.550800
2018-10-19,3.565800
2018-10-22,3.591000
2018-10-23,3.570900
2018-10-24,3.540900
2018-10-25,3.540900
2018-10-26,3.541000
2018-10-29,3.511100
2018-10-30,3.516100
2018-10-31,3.508600
2018-11-01,3.493600
2018-11-02,3.546100
2018-11-05,3.531200
2018-11-06,3.511300
2018-11-07,3.481300
2018-11-08,3.481300
2018-11-09,3.476300
2018-11-12,3.486500
2018-11-13,3.474000
2018-11-14,3.421800
2018-11-15,3.391500
2018-11-16,3.351500
2018-11-19,3.377200
2018-11-20,3.377100
2018-11-21,3.371600
2018-11-22,3.391700
2018-11-23,3.391700
2018-11-26,3.415100
2018-11-27,3.400000
2018-11-28,3.370000
2018-11-29,3.360000
2018-11-30,3.355000
2018-12-03,3.350000
2018-12-04,3.305000
2018-12-05,3.275000
2018-12-06,3.275100
2018-12-07,3.285300
2018-12-10,3.267800
2018-12-11,3.265200
2018-12-12,3.270300
2018-12-13,3.331100
2018-12-14,3.346800
2018-12-17,3.371300
2018-12-18,3.371400
2018-12-19,3.341200
2018-12-20,3.300300
2018-12-21,3.316800
2018-12-24,3.348300
2018-12-25,3.311300
2018-12-26,3.301100
2018-12-27,3.270900
2018-12-28,3.231500
2018-12-29,3.226500
2018-12-30,3.226500
2018-12-31,3.226500
2019-01-02,3.173400
2019-01-03,3.141000
2019-01-04,3.151300
2019-01-07,3.150700
2019-01-08,3.121100
2019-01-09,3.110600
2019-01-10,3.100600
2019-01-11,3.105800
2019-01-14,3.129700
2019-01-15,3.138300
2019-01-16,3.074500
2019-01-17,3.076000
2019-01-18,3.091000
2019-01-21,3.103700
2019-01-22,3.107100
2019-01-23,3.119000
2019-01-24,3.133800
2019-01-25,3.139800
2019-01-28,3.139700
2019-01-29,3.124600
2019-01-30,3.115100
2019-01-31,3.103700
2019-02-01,3.103200
2019-02-02,3.097800
2019-02-03,3.096700
2019-02-11,3.067000
2019-02-12,3.074800
2019-02-13,3.071900
2019-02-14,3.072600
2019-02-15,3.079400
2019-02-18,3.109400
2019-02-19,3.127900
2019-02-20,3.119600
2019-02-21,3.136100
2019-02-22,3.145100
2019-02-25,3.178700
2019-02-26,3.187800
2019-02-27,3.168900
2019-02-28,3.173100
2019-03-01,3.187000
2019-03-04,3.202300
2019-03-05,3.214900
2019-03-06,3.202100
2019-03-07,3.157200
2019-03-08,3.142300
2019-03-11,3.137400
2019-03-12,3.142400
2019-03-13,3.137500
2019-03-14,3.147500
2019-03-15,3.137600
2019-03-18,3.137700
2019-03-19,3.137700
2019-03-20,3.145300
2019-03-21,3.129100
2019-03-22,3.108000
2019-03-25,3.083100
2019-03-26,3.063300
2019-03-27,3.088200
2019-03-28,3.063400
2019-03-29,3.068300
2019-04-01,3.133200
2019-04-02,3.168100
2019-04-03,3.233100
2019-04-04,3.267900
2019-04-08,3.248200
2019-04-09,3.288200
2019-04-10,3.293200
2019-04-11,3.278400
2019-04-12,3.333400
2019-04-15,3.373600
2019-04-16,3.393700
2019-04-17,3.393800
2019-04-18,3.358900
2019-04-19,3.374100
2019-04-22,3.409100
2019-04-23,3.399300
2019-04-24,3.434300
2019-04-25,3.419300
2019-04-26,3.404300
2019-04-28,3.404300
2019-04-29,3.426800
2019-04-30,3.386900
2019-05-05,3.384900
2019-05-06,3.355000
2019-05-07,3.355100
2019-05-08,3.342600
2019-05-09,3.311600
2019-05-10,3.301700
2019-05-13,3.270900
2019-05-14,3.285900
2019-05-15,3.276200
2019-05-16,3.266200
2019-05-17,3.266500
2019-05-20,3.271700
2019-05-21,3.299000
2019-05-22,3.326400
2019-05-23,3.310000
2019-05-24,3.312500
2019-05-27,3.350000
2019-05-28,3.310000
2019-05-29,3.287500
2019-05-30,3.275000
2019-05-31,3.275100
2019-06-03,3.240100
2019-06-04,3.210100
2019-06-05,3.210000
2019-06-06,3.213600
2019-06-10,3.225100
2019-06-11,3.265100
2019-06-12,3.260100
2019-06-13,3.245100
2019-06-14,3.230200
2019-06-17,3.225200
2019-06-18,3.230200
2019-06-19,3.242700
2019-06-20,3.235200
2019-06-21,3.230300
2019-06-24,3.245300
2019-06-25,3.235300
2019-06-26,3.245300
2019-06-27,3.255300
2019-06-28,3.225400
2019-07-01,3.225400
2019-07-02,3.170400
2019-07-03,3.155400
2019-07-04,3.147900
2019-07-05,3.170500
2019-07-08,3.180500
2019-07-09,3.168000
2019-07-10,3.170600
2019-07-11,3.168000
2019-07-12,3.153100
2019-07-15,3.178200
2019-07-16,3.173200
2019-07-17,3.175700
2019-07-18,3.160800
2019-07-19,3.155900
2019-07-22,3.148400
2019-07-23,3.148400
2019-07-24,3.171000
2019-07-25,3.163500
2019-07-26,3.166100
2019-07-29,3.183600
2019-07-30,3.176100
2019-07-31,3.155200
2019-08-01,3.148700
2019-08-02,3.091400
2019-08-05,3.056300
2019-08-06,3.061300
2019-08-07,3.051400
2019-08-08,3.046500
2019-08-09,3.021600
2019-08-12,3.039100
2019-08-13,3.004100
2019-08-14,3.010500
2019-08-15,3.011500
2019-08-16,3.021700
2019-08-19,3.019100
2019-08-20,3.031700
2019-08-21,3.056700
2019-08-22,3.054300
2019-08-23,3.064400
2019-08-26,3.049400
2019-08-27,3.052000
2019-08-28,3.052000
2019-08-29,3.032100
2019-08-30,3.057300
2019-09-02,3.072300
2019-09-03,3.062400
2019-09-04,3.047300
2019-09-05,3.017300
2019-09-06,3.017300
2019-09-09,3.025000
2019-09-10,3.042500
2019-09-11,3.052500
2019-09-12,3.087600
2019-09-16,3.092600
2019-09-17,3.107600
2019-09-18,3.127800
2019-09-19,3.105300
2019-09-20,3.098000
2019-09-23,3.100500
2019-09-24,3.120500
2019-09-25,3.115700
2019-09-26,3.138100
2019-09-27,3.148200
2019-09-29,3.143400
2019-09-30,3.141100
2019-10-08,3.106300
2019-10-09,3.108900
2019-10-10,3.128900
2019-10-11,3.156400
2019-10-12,3.171600
2019-10-14,3.164100
2019-10-15,3.166800
2019-10-16,3.169300
2019-10-17,3.156900
2019-10-18,3.187000
2019-10-21,3.219600
2019-10-22,3.219600
2019-10-23,3.212200
2019-10-24,3.219600
2019-10-25,3.237200
2019-10-28,3.292400
2019-10-29,3.302900
2019-10-30,3.312500
2019-10-31,3.288000
2019-11-01,3.275700
2019-11-04,3.295400
2019-11-05,3.245400
2019-11-06,3.255500
2019-11-07,3.273600
2019-11-08,3.276500
2019-11-11,3.246300
2019-11-12,3.255000
2019-11-13,3.237000
2019-11-14,3.255500
2019-11-15,3.235500
2019-11-18,3.199300
2019-11-19,3.174300
2019-11-20,3.174700
2019-11-21,3.174900
2019-11-22,3.174700
2019-11-25,3.187500
2019-11-26,3.167500
2019-11-27,3.170000
2019-11-28,3.165000
2019-11-29,3.165000
2019-12-02,3.206200
2019-12-03,3.174600
2019-12-04,3.175100
2019-12-05,3.177600
2019-12-06,3.175100
2019-12-09,3.190300
2019-12-10,3.177600
2019-12-11,3.170200
2019-12-12,3.165200
2019-12-13,3.182800
2019-12-16,3.185400
2019-12-17,3.213300
2019-12-18,3.213900
2019-12-19,3.213900
2019-12-20,3.180800
2019-12-23,3.166100
2019-12-24,3.153500
2019-12-25,3.146300
2019-12-26,3.113700
2019-12-27,3.129200
2019-12-30,3.132200
2019-12-31,3.136500
2020-01-02,3.148500
2020-01-03,3.142800
2020-01-06,3.135200
2020-01-07,3.137900
2020-01-08,3.133700
2020-01-09,3.118400
2020-01-10,3.081900
2020-01-13,3.084000
2020-01-14,3.099400
2020-01-15,3.089700
2020-01-16,3.091800
2020-01-17,3.083200
2020-01-19,3.078000
2020-01-20,3.077600
2020-01-21,3.033700
2020-01-22,3.028200
2020-01-23,2.993200
2020-02-03,2.823100
2020-02-04,2.855100
2020-02-05,2.844000
2020-02-06,2.839200
2020-02-07,2.802400
2020-02-10,2.787200
2020-02-11,2.834000
2020-02-12,2.833300
2020-02-13,2.820100
2020-02-14,2.863100
2020-02-17,2.892800
2020-02-18,2.866400
2020-02-19,2.877600
2020-02-20,2.885700
2020-02-21,2.847000
2020-02-24,2.812000
2020-02-25,2.822000
2020-02-26,2.797300
2020-02-27,2.770200
2020-02-28,2.737600
2020-03-02,2.742800
2020-03-03,2.747800
2020-03-04,2.673000
2020-03-05,2.682900
2020-03-06,2.628000
2020-03-09,2.520500
2020-03-10,2.613000
2020-03-11,2.607900
2020-03-12,2.637900
2020-03-13,2.675900
2020-03-16,2.675800
2020-03-17,2.713500
2020-03-18,2.713600
2020-03-19,2.729900
2020-03-20,2.681500
2020-03-23,2.631500
2020-03-24,2.628900
2020-03-25,2.628900
2020-03-26,2.594000
2020-03-27,2.609000
2020-03-30,2.614200
2020-03-31,2.589900
2020-04-01,2.555000
2020-04-02,2.585400
2020-04-03,2.596500
2020-04-07,2.511200
2020-04-08,2.482400
2020-04-09,2.522600
2020-04-10,2.540300
2020-04-13,2.565800
2020-04-14,2.559100
2020-04-15,2.545500
2020-04-16,2.527600
2020-04-17,2.559000
2020-04-20,2.592000
2020-04-21,2.579100
2020-04-22,2.556700
2020-04-23,2.522700
2020-04-24,2.510000
2020-04-26,2.520500
2020-04-27,2.534500
2020-04-28,2.525400
2020-04-29,2.500900
2020-04-30,2.538000
2020-05-06,2.580900
2020-05-07,2.629800
2020-05-08,2.620700
2020-05-09,2.640000
2020-05-11,2.669800
2020-05-12,2.660300
2020-05-13,2.707600
2020-05-14,2.698900
2020-05-15,2.682000
2020-05-18,2.725300
2020-05-19,2.727200
2020-05-20,2.690000
2020-05-21,2.685000
2020-05-22,2.617600
2020-05-25,2.685200
2020-05-26,2.740200
2020-05-27,2.752700
2020-05-28,2.720100
2020-05-29,2.705300
2020-06-01,2.725300
2020-06-02,2.785200
2020-06-03,2.790100
2020-06-04,2.830100
2020-06-05,2.847500
2020-06-08,2.810100
2020-06-09,2.803100
2020-06-10,2.820100
2020-06-11,2.770100
2020-06-12,2.745100
2020-06-15,2.787800
2020-06-16,2.840200
2020-06-17,2.880200
2020-06-18,2.852700
2020-06-19,2.875200
2020-06-22,2.915300
2020-06-23,2.912700
2020-06-24,2.861400
2020-06-28,2.840400
2020-06-29,2.850400
2020-06-30,2.823000
2020-07-01,2.845600
2020-07-02,2.858400
2020-07-03,2.897400
2020-07-06,2.995900
2020-07-07,3.015800
2020-07-08,3.063200
2020-07-09,3.080900
2020-07-10,3.030500
2020-07-13,3.055700
2020-07-14,3.005700
2020-07-15,2.955900
2020-07-16,2.945900
2020-07-17,2.950700
2020-07-20,2.931100
2020-07-21,2.901100
2020-07-22,2.886100
2020-07-23,2.906400
2020-07-24,2.861200
2020-07-27,2.879100
2020-07-28,2.921400
2020-07-29,2.941500
2020-07-30,2.936400
2020-07-31,2.966400
2020-08-03,2.946600
2020-08-04,2.936500
2020-08-05,2.959200
2020-08-06,2.981600
2020-08-07,2.991800
2020-08-10,2.954300
2020-08-11,2.954400
2020-08-12,2.962000
2020-08-13,2.955500
2020-08-14,2.936900
2020-08-17,2.942100
2020-08-18,2.977100
2020-08-19,2.992100
2020-08-20,2.997300
2020-08-21,2.982300
2020-08-24,2.999800
2020-08-25,3.042400
2020-08-26,3.051100
2020-08-27,3.059900
2020-08-28,3.067200
2020-08-31,3.017700
2020-09-01,3.047800
2020-09-02,3.102700
2020-09-03,3.105100
2020-09-04,3.122800
2020-09-07,3.145400
2020-09-08,3.123000
2020-09-09,3.080500
2020-09-10,3.083300
2020-09-11,3.134600
2020-09-14,3.153200
2020-09-15,3.108300
2020-09-16,3.126000
2020-09-17,3.133400
2020-09-18,3.116200
2020-09-21,3.099900
2020-09-22,3.086300
2020-09-23,3.089000
2020-09-24,3.084000
2020-09-25,3.129500
2020-09-27,3.132400
2020-09-28,3.109200
2020-09-29,3.129200
2020-09-30,3.148200
2020-10-09,3.187300
2020-10-10,3.189800
2020-10-12,3.186100
2020-10-13,3.195000
2020-10-14,3.215000
2020-10-15,3.230000
2020-10-16,3.220200
2020-10-19,3.200500
2020-10-20,3.195500
2020-10-21,3.185500
2020-10-22,3.170700
2020-10-23,3.195700
2020-10-26,3.193400
2020-10-27,3.160900
2020-10-28,3.181000
2020-10-29,3.186000
2020-10-30,3.181000
2020-11-02,3.178500
2020-11-03,3.176200
2020-11-04,3.168700
2020-11-05,3.191200
2020-11-06,3.206300
2020-11-09,3.236300
2020-11-10,3.224100
2020-11-11,3.239100
2020-11-12,3.261400
2020-11-13,3.271500
2020-11-16,3.274100
2020-11-17,3.286600
2020-11-18,3.324000
2020-11-19,3.348700
2020-11-20,3.310000
2020-11-23,3.265000
2020-11-24,3.290000
2020-11-25,3.267500
2020-11-26,3.285000
2020-11-27,3.300000
2020-11-30,3.250000
2020-12-01,3.272500
2020-12-02,3.292500
2020-12-03,3.285100
2020-12-04,3.265100
2020-12-07,3.270100
2020-12-08,3.255100
2020-12-09,3.272600
2020-12-10,3.260100
2020-12-11,3.295100
2020-12-14,3.285100
2020-12-15,3.277700
2020-12-16,3.275200
2020-12-17,3.280200
2020-12-18,3.290200
2020-12-21,3.265200
2020-12-22,3.227800
2020-12-23,3.215300
2020-12-24,3.230300
2020-12-25,3.187800
2020-12-28,3.162900
2020-12-29,3.155400
2020-12-30,3.120400
2020-12-31,3.142900
2021-01-04,3.178000
2021-01-05,3.130500
2021-01-06,3.125600
2021-01-07,3.125600
2021-01-08,3.145600
2021-01-11,3.163200
2021-01-12,3.145700
2021-01-13,3.115700
2021-01-14,3.105900
2021-01-15,3.150800
2021-01-18,3.165800
2021-01-19,3.160900
2021-01-20,3.161000
2021-01-21,3.133500
2021-01-22,3.118500
2021-01-25,3.132300
2021-01-26,3.158500
2021-01-27,3.163600
2021-01-28,3.196100
2021-01-29,3.178600
2021-02-01,3.171200
2021-02-02,3.186200
2021-02-03,3.211200
2021-02-04,3.234700
2021-02-05,3.216400
2021-02-07,3.216800
2021-02-08,3.237000
2021-02-09,3.230300
2021-02-10,3.244900
2021-02-18,3.283100
2021-02-19,3.257800
2021-02-20,3.260500
2021-02-22,3.273600
2021-02-23,3.263500
2021-02-24,3.262700
2021-02-25,3.272300
2021-02-26,3.279800
2021-03-01,3.247500
2021-03-02,3.247400
2021-03-03,3.255300
2021-03-04,3.265500
2021-03-05,3.245700
2021-03-08,3.240400
2021-03-09,3.247800
2021-03-10,3.235300
2021-03-11,3.250600
2021-03-12,3.261300
2021-03-15,3.274000
2021-03-16,3.261400
2021-03-17,3.256400
2021-03-18,3.259200
2021-03-19,3.236400
2021-03-22,3.230900
2021-03-23,3.210500
2021-03-24,3.193000
2021-03-25,3.188200
2021-03-26,3.198500
2021-03-29,3.196200
2021-03-30,3.206000
2021-03-31,3.188700
2021-04-01,3.196000
2021-04-02,3.201300
2021-04-06,3.208700
2021-04-07,3.221500
2021-04-08,3.222100
2021-04-09,3.212100
2021-04-12,3.194800
2021-04-13,3.162600
2021-04-14,3.165100
2021-04-15,3.172800
2021-04-16,3.163100
2021-04-19,3.155900
2021-04-20,3.155400
2021-04-21,3.153000
2021-04-22,3.161400
2021-04-23,3.171900
2021-04-25,3.184100
2021-04-26,3.202400
2021-04-27,3.207800
2021-04-28,3.197900
2021-04-29,3.187200
2021-04-30,3.164000
2021-05-06,3.150700
2021-05-07,3.158900
2021-05-08,3.158200
2021-05-10,3.146000
2021-05-11,3.138000
2021-05-12,3.131000
2021-05-13,3.136600
2021-05-14,3.142200
2021-05-17,3.152400
2021-05-18,3.145700
2021-05-19,3.129800
2021-05-20,3.100100
2021-05-21,3.087600
2021-05-24,3.085000
2021-05-25,3.085000
2021-05-26,3.060000
2021-05-27,3.072500
2021-05-28,3.082500
2021-05-31,3.045000
2021-06-01,3.040000
2021-06-02,3.065000
2021-06-03,3.055000
2021-06-04,3.092500
2021-06-07,3.110000
2021-06-08,3.110000
2021-06-09,3.105100
2021-06-10,3.100000
2021-06-11,3.127600
2021-06-15,3.117600
2021-06-16,3.130100
2021-06-17,3.140100
2021-06-18,3.120200
2021-06-21,3.095300
2021-06-22,3.087700
2021-06-23,3.085300
2021-06-24,3.082800
2021-06-25,3.082700
2021-06-28,3.090300
2021-06-29,3.085300
2021-06-30,3.077800
2021-07-01,3.087800
2021-07-02,3.080300
2021-07-05,3.075400
2021-07-06,3.085400
2021-07-07,3.055400
2021-07-08,2.983000
2021-07-09,3.010500
2021-07-12,2.943100
2021-07-13,2.925600
2021-07-14,2.935600
2021-07-15,2.955700
2021-07-16,2.943200
2021-07-19,2.948300
2021-07-20,2.925800
2021-07-21,2.918400
2021-07-22,2.928400
2021-07-23,2.913400
2021-07-26,2.871100
2021-07-27,2.911000
2021-07-28,2.931200
2021-07-29,2.884000
2021-07-30,2.836300
2021-08-02,2.821200
2021-08-03,2.833700
2021-08-04,2.833800
2021-08-05,2.798800
2021-08-06,2.813900
2021-08-09,2.861500
2021-08-10,2.876600
2021-08-11,2.884100
2021-08-12,2.856600
2021-08-13,2.879200
2021-08-16,2.894300
2021-08-17,2.881900
2021-08-18,2.849400
2021-08-19,2.839500
2021-08-20,2.852000
2021-08-23,2.867200
2021-08-24,2.852200
2021-08-25,2.854700
2021-08-26,2.884800
2021-08-27,2.869800
2021-08-30,2.850500
2021-08-31,2.845000
2021-09-01,2.822600
2021-09-02,2.830100
2021-09-03,2.832700
2021-09-06,2.835400
2021-09-07,2.860400
2021-09-08,2.870500
2021-09-09,2.873000
2021-09-10,2.865600
2021-09-13,2.890800
2021-09-14,2.885800
2021-09-15,2.900900
2021-09-16,2.888500
2021-09-17,2.878500
2021-09-18,2.871700
2021-09-22,2.863900
2021-09-23,2.856500
2021-09-24,2.871900
2021-09-26,2.879700
2021-09-27,2.882500
2021-09-28,2.876900
2021-09-29,2.864600
2021-09-30,2.877600
2021-10-08,2.913100
2021-10-09,2.918600
2021-10-11,2.958000
2021-10-12,2.965700
2021-10-13,2.957800
2021-10-14,2.958100
2021-10-15,2.968300
2021-10-18,3.042600
2021-10-19,3.010200
2021-10-20,2.997800
2021-10-21,2.970200
2021-10-22,2.995300
2021-10-25,2.987900
2021-10-26,2.978000
2021-10-27,2.978100
2021-10-28,2.968200
2021-10-29,2.973200
2021-11-01,2.943500
2021-11-02,2.925900
2021-11-03,2.938500
2021-11-04,2.926100
2021-11-05,2.891100
2021-11-08,2.901300
2021-11-09,2.898800
2021-11-10,2.913900
2021-11-11,2.936500
2021-11-12,2.939100
2021-11-15,2.926900
2021-11-16,2.924400
2021-11-17,2.929500
2021-11-18,2.914600
2021-11-19,2.930200
2021-11-22,2.887600
2021-11-23,2.887500
2021-11-24,2.860000
2021-11-25,2.855000
2021-11-26,2.820000
2021-11-29,2.825000
2021-11-30,2.825000
2021-12-01,2.840100
2021-12-02,2.860100
2021-12-03,2.870100
2021-12-06,2.817600
2021-12-07,2.845100
2021-12-08,2.855100
2021-12-09,2.852600
2021-12-10,2.842600
2021-12-13,2.855200
2021-12-14,2.847700
2021-12-15,2.850200
2021-12-16,2.857700
2021-12-17,2.851200
2021-12-20,2.853300
2021-12-21,2.850800
2021-12-22,2.830300
2021-12-23,2.814300
2021-12-24,2.820300
2021-12-27,2.812800
2021-12-28,2.800400
2021-12-29,2.785400
2021-12-30,2.765400
2021-12-31,2.775400
2022-01-04,2.785500
2022-01-05,2.804500
2022-01-06,2.820500
2022-01-07,2.818100
2022-01-10,2.805600
2022-01-11,2.795700
2022-01-12,2.795700
2022-01-13,2.785800
2022-01-14,2.793500
2022-01-17,2.786000
2022-01-18,2.741500
2022-01-19,2.731400
2022-01-20,2.727100
2022-01-21,2.710000
2022-01-24,2.675100
2022-01-25,2.697900
2022-01-26,2.714600
2022-01-27,2.734800
2022-01-28,2.702100
2022-01-29,2.701300
2022-01-30,2.699700
2022-02-07,2.725600
2022-02-08,2.722700
2022-02-09,2.732800
2022-02-10,2.732800
2022-02-11,2.789100
2022-02-14,2.801800
2022-02-15,2.796800
2022-02-16,2.789200
2022-02-17,2.779900
2022-02-18,2.797500
2022-02-21,2.830000
2022-02-22,2.820000
2022-02-23,2.790000
2022-02-24,2.787500
2022-02-25,2.775000
2022-02-28,2.775000
2022-03-01,2.802500
2022-03-02,2.817500
2022-03-03,2.830000
2022-03-04,2.812500
2022-03-07,2.812600
2022-03-08,2.827600
2022-03-09,2.842600
2022-03-10,2.850200
2022-03-11,2.790200
2022-03-14,2.767700
2022-03-15,2.817700
2022-03-16,2.795200
2022-03-17,2.787600
2022-03-18,2.792700
2022-03-21,2.812700
2022-03-22,2.830200
2022-03-23,2.830200
2022-03-24,2.805200
2022-03-25,2.797200
2022-03-28,2.790300
2022-03-29,2.785300
2022-03-30,2.770300
2022-03-31,2.787800
2022-04-01,2.774300
2022-04-02,2.771400
2022-04-06,2.760400
2022-04-07,2.739400
2022-04-08,2.752900
2022-04-11,2.768000
2022-04-12,2.770500
2022-04-13,2.763100
2022-04-14,2.765600
2022-04-15,2.757800
2022-04-18,2.810700
2022-04-19,2.820800
2022-04-20,2.833000
2022-04-21,2.825900
2022-04-22,2.840900
2022-04-24,2.833500
2022-04-25,2.816000
2022-04-26,2.826000
2022-04-27,2.841100
2022-04-28,2.848600
2022-04-29,2.838600
2022-05-05,2.828200
2022-05-06,2.827300
2022-05-07,2.826300
2022-05-09,2.815400
2022-05-10,2.808900
2022-05-11,2.824000
2022-05-12,2.805500
2022-05-13,2.814000
2022-05-16,2.821600
2022-05-17,2.817800
2022-05-18,2.780100
2022-05-19,2.777400
2022-05-20,2.790000
2022-05-23,2.767500
2022-05-24,2.765000
2022-05-25,2.757500
2022-05-26,2.710000
2022-05-27,2.697400
2022-05-30,2.722500
2022-05-31,2.742600
2022-06-01,2.755100
2022-06-02,2.760100
2022-06-06,2.777600
2022-06-07,2.757600
2022-06-08,2.766100
2022-06-09,2.757600
2022-06-10,2.752600
2022-06-13,2.765200
2022-06-14,2.770200
2022-06-15,2.782700
2022-06-16,2.772800
2022-06-17,2.775200
2022-06-20,2.785300
2022-06-21,2.785300
2022-06-22,2.777300
2022-06-23,2.780300
2022-06-24,2.797800
2022-06-27,2.832900
2022-06-28,2.841400
2022-06-29,2.829400
2022-06-30,2.820500
2022-07-01,2.825500
2022-07-04,2.844500
2022-07-05,2.833300
2022-07-06,2.835600
2022-07-07,2.835600
2022-07-08,2.838400
2022-07-11,2.826600
2022-07-12,2.811700
2022-07-13,2.806700
2022-07-14,2.790700
2022-07-15,2.785700
2022-07-18,2.783700
2022-07-19,2.785900
2022-07-20,2.771000
2022-07-21,2.763500
2022-07-22,2.787000
2022-07-25,2.779000
2022-07-26,2.770000
2022-07-27,2.770100
2022-07-28,2.785000
2022-07-29,2.756000
2022-08-01,2.729200
2022-08-02,2.731400
2022-08-03,2.721800
2022-08-04,2.719200
2022-08-05,2.733900
2022-08-08,2.740900
2022-08-09,2.740000
2022-08-10,2.736600
2022-08-11,2.731700
2022-08-12,2.734700
2022-08-15,2.658200
2022-08-16,2.634600
2022-08-17,2.612400
2022-08-18,2.580000
2022-08-19,2.587500
2022-08-22,2.592500
2022-08-23,2.607500
2022-08-24,2.610000
2022-08-25,2.639000
2022-08-26,2.643000
2022-08-29,2.622500
2022-08-30,2.613000
2022-08-31,2.622500
2022-09-01,2.612500
2022-09-02,2.622600
2022-09-05,2.618000
2022-09-06,2.614000
2022-09-07,2.621500
2022-09-08,2.625600
2022-09-09,2.635000
2022-09-13,2.642700
2022-09-14,2.662500
2022-09-15,2.662500
2022-09-16,2.673000
2022-09-19,2.675000
2022-09-20,2.664000
2022-09-21,2.645100
2022-09-22,2.650100
2022-09-23,2.680200
2022-09-26,2.715400
2022-09-27,2.705100
2022-09-28,2.740100
2022-09-29,2.750100
2022-09-30,2.760100
2022-10-08,2.762600
2022-10-09,2.745200
2022-10-10,2.740200
2022-10-11,2.742600
2022-10-12,2.735200
2022-10-13,2.725200
2022-10-14,2.697700
2022-10-17,2.700200
2022-10-18,2.700200
2022-10-19,2.705200
2022-10-20,2.717500
2022-10-21,2.727800
2022-10-24,2.715300
2022-10-25,2.727800
2022-10-26,2.702500
2022-10-27,2.695300
2022-10-28,2.665300
2022-10-31,2.643300
2022-11-01,2.662900
2022-11-02,2.685400
2022-11-03,2.677600
2022-11-04,2.702300
2022-11-07,2.700300
2022-11-08,2.685300
2022-11-09,2.695300
2022-11-10,2.702800
2022-11-11,2.735400
2022-11-14,2.835400
2022-11-15,2.815500
2022-11-16,2.832900
2022-11-17,2.802600
2022-11-18,2.825000
2022-11-21,2.818000
2022-11-22,2.827600
2022-11-23,2.797500
2022-11-24,2.795000
2022-11-25,2.830000
2022-11-28,2.860000
2022-11-29,2.880000
2022-11-30,2.885000
2022-12-01,2.860000
2022-12-02,2.867600
2022-12-05,2.890200
2022-12-06,2.915200
2022-12-07,2.870200
2022-12-08,2.885300
2022-12-09,2.890300
2022-12-12,2.890200
2022-12-13,2.895200
2022-12-14,2.865500
2022-12-15,2.882900
2022-12-16,2.885600
2022-12-19,2.863200
2022-12-20,2.873200
2022-12-21,2.860600
2022-12-22,2.850300
2022-12-23,2.825100
2022-12-26,2.837800
2022-12-27,2.865700
2022-12-28,2.850300
2022-12-29,2.837600
2022-12-30,2.835300
2022-12-31,2.835300
2023-01-03,2.822800
2023-01-04,2.810300
2023-01-05,2.830400
2023-01-06,2.832800
2023-01-09,2.842800
2023-01-10,2.860200
2023-01-11,2.860300
2023-01-12,2.877800
2023-01-13,2.901000
2023-01-16,2.916700
2023-01-17,2.901700
2023-01-18,2.922200
2023-01-19,2.914500
2023-01-20,2.933100
2023-01-28,2.934100
2023-01-29,2.921900
2023-01-30,2.913300
2023-01-31,2.897700
2023-02-01,2.910100
2023-02-02,2.897000
2023-02-03,2.894300
2023-02-06,2.901700
2023-02-07,2.896400
2023-02-08,2.897300
2023-02-09,2.891200
2023-02-10,2.900300
2023-02-13,2.894300
2023-02-14,2.891400
2023-02-15,2.891800
2023-02-16,2.890700
2023-02-17,2.892000
2023-02-20,2.917000
2023-02-21,2.919000
2023-02-22,2.917500
2023-02-23,2.922000
2023-02-24,2.912600
2023-02-27,2.911700
2023-02-28,2.901700
2023-03-01,2.897700
2023-03-02,2.911100
2023-03-03,2.902600
2023-03-06,2.882600
2023-03-07,2.872600
2023-03-08,2.882800
2023-03-09,2.875200
2023-03-10,2.862700
2023-03-13,2.870300
2023-03-14,2.865200
2023-03-15,2.865200
2023-03-16,2.855200
2023-03-17,2.860200
2023-03-20,2.850400
2023-03-21,2.860400
2023-03-22,2.857700
2023-03-23,2.865200
2023-03-24,2.867600
2023-03-27,2.855100
2023-03-28,2.855600
2023-03-29,2.853200
2023-03-30,2.860300
2023-03-31,2.852800
2023-04-03,2.860400
2023-04-04,2.858400
2023-04-06,2.860500
2023-04-07,2.846400
2023-04-10,2.845500
2023-04-11,2.820300
2023-04-12,2.815800
2023-04-13,2.827700
2023-04-14,2.828100
2023-04-17,2.843200
2023-04-18,2.831900
2023-04-19,2.833300
2023-04-20,2.833200
2023-04-21,2.825800
2023-04-23,2.822000
2023-04-24,2.817600
2023-04-25,2.815700
2023-04-26,2.805800
2023-04-27,2.785200
2023-04-28,2.778800
2023-05-04,2.761300
2023-05-05,2.733800
2023-05-06,2.731100
2023-05-08,2.748400
2023-05-09,2.738300
2023-05-10,2.721000
2023-05-11,2.701000
2023-05-12,2.705800
2023-05-15,2.719000
2023-05-16,2.712900
2023-05-17,2.721000
2023-05-18,2.718400
2023-05-19,2.715100
2023-05-22,2.713200
2023-05-23,2.696200
2023-05-24,2.703700
2023-05-25,2.706500
2023-05-26,2.720500
2023-05-29,2.695000
2023-05-30,2.700000
2023-05-31,2.685000
2023-06-01,2.682500
2023-06-02,2.695100
2023-06-05,2.692600
2023-06-06,2.682600
2023-06-07,2.682700
2023-06-08,2.682200
2023-06-09,2.670300
2023-06-12,2.670400
2023-06-13,2.622700
2023-06-14,2.617800
2023-06-15,2.648200
2023-06-16,2.662600
2023-06-19,2.687600
2023-06-20,2.675100
2023-06-21,2.670100
2023-06-25,2.657600
2023-06-26,2.667700
2023-06-27,2.667600
2023-06-28,2.665100
2023-06-29,2.652600
2023-06-30,2.635100
2023-07-03,2.640200
2023-07-04,2.647700
2023-07-05,2.640200
2023-07-06,2.639200
2023-07-07,2.640300
2023-07-10,2.640300
2023-07-11,2.635300
2023-07-12,2.637800
2023-07-13,2.641300
2023-07-14,2.644400
2023-07-17,2.636400
2023-07-18,2.623400
2023-07-19,2.623300
2023-07-20,2.621400
2023-07-21,2.607900
2023-07-24,2.593400
2023-07-25,2.663000
2023-07-26,2.643000
2023-07-27,2.639500
2023-07-28,2.653300
2023-07-31,2.659700
2023-08-01,2.660700
2023-08-02,2.652500
2023-08-03,2.643500
2023-08-04,2.646900
2023-08-07,2.646200
2023-08-08,2.645400
2023-08-09,2.646100
2023-08-10,2.647500
2023-08-11,2.638100
2023-08-14,2.621200
2023-08-15,2.575900
2023-08-16,2.564900
2023-08-17,2.567800
2023-08-18,2.563900
2023-08-21,2.540300
2023-08-22,2.556400
2023-08-23,2.553500
2023-08-24,2.554300
2023-08-25,2.570200
2023-08-28,2.583700
2023-08-29,2.570000
2023-08-30,2.560000
2023-08-31,2.557500
2023-09-01,2.585000
2023-09-04,2.612400
2023-09-05,2.615000
2023-09-06,2.637500
2023-09-07,2.635000
2023-09-08,2.637500
2023-09-11,2.630000
2023-09-12,2.623000
2023-09-13,2.615000
2023-09-14,2.607500
2023-09-15,2.640000
2023-09-18,2.650000
2023-09-19,2.662500
2023-09-20,2.665000
2023-09-21,2.657600
2023-09-22,2.677600
2023-09-25,2.697600
2023-09-26,2.695100
2023-09-27,2.687700
2023-09-28,2.675100
2023-10-07,2.665100
2023-10-08,2.662600
2023-10-09,2.670200
2023-10-10,2.681100
2023-10-11,2.697600
2023-10-12,2.691100
2023-10-13,2.670200
2023-10-16,2.677700
2023-10-17,2.688200
2023-10-18,2.705200
2023-10-19,2.717700
2023-10-20,2.705200
2023-10-23,2.704700
2023-10-24,2.717700
2023-10-25,2.705200
2023-10-26,2.715200
2023-10-27,2.713300
2023-10-30,2.714100
2023-10-31,2.693800
2023-11-01,2.685300
2023-11-02,2.655300
2023-11-03,2.661300
2023-11-06,2.655400
2023-11-07,2.663200
2023-11-08,2.646400
2023-11-09,2.649400
2023-11-10,2.644400
2023-11-13,2.645400
2023-11-14,2.657300
2023-11-15,2.663300
2023-11-16,2.655800
2023-11-17,2.652400
2023-11-20,2.658400
2023-11-21,2.668400
2023-11-22,2.682300
2023-11-23,2.702300
2023-11-24,2.705300
2023-11-27,2.710800
2023-11-28,2.689800
2023-11-29,2.682600
2023-11-30,2.668000
2023-12-01,2.662500
2023-12-04,2.672500
2023-12-05,2.665000
2023-12-06,2.672500
2023-12-07,2.664000
2023-12-08,2.663600
2023-12-11,2.644000
2023-12-12,2.637500
2023-12-13,2.622600
2023-12-14,2.637600
2023-12-15,2.622700
2023-12-18,2.612600
2023-12-19,2.619100
2023-12-20,2.622200
2023-12-21,2.590100
2023-12-22,2.587700
2023-12-25,2.567800
2023-12-26,2.580400
2023-12-27,2.557700
2023-12-28,2.569400
2023-12-29,2.555300
2023-12-31,2.555300
2024-01-02,2.560100
2024-01-03,2.553100
2024-01-04,2.536800
2024-01-05,2.517500
2024-01-08,2.513600
2024-01-09,2.486200
2024-01-10,2.498200
2024-01-11,2.499200
2024-01-12,2.517200
2024-01-15,2.521200
2024-01-16,2.525200
2024-01-17,2.507700
2024-01-18,2.509200
2024-01-19,2.502700
2024-01-22,2.492200
2024-01-23,2.504200
2024-01-24,2.504200
2024-01-25,2.498400
2024-01-26,2.499400
2024-01-29,2.494000
2024-01-30,2.455700
2024-01-31,2.433000
2024-02-01,2.435400
2024-02-02,2.424400
2024-02-04,2.405300
2024-02-05,2.400200
2024-02-06,2.452500
2024-02-07,2.415300
2024-02-08,2.437900
2024-02-09,2.430200
2024-02-18,2.439300
2024-02-19,2.434400
2024-02-20,2.413400
2024-02-21,2.411900
2024-02-22,2.403300
2024-02-23,2.400900
2024-02-26,2.378900
2024-02-27,2.380900
2024-02-28,2.337600
2024-02-29,2.337500
2024-03-01,2.367500
2024-03-04,2.347500
2024-03-05,2.316900
2024-03-06,2.265000
2024-03-07,2.277600
2024-03-08,2.282500
2024-03-11,2.305000
2024-03-12,2.347600
2024-03-13,2.332600
2024-03-14,2.342500
2024-03-15,2.320000
2024-03-18,2.292600
2024-03-19,2.280100
2024-03-20,2.295100
2024-03-21,2.285100
2024-03-22,2.305100
2024-03-25,2.315100
2024-03-26,2.317500
2024-03-27,2.287600
2024-03-28,2.302600
2024-03-29,2.290100
2024-04-01,2.308200
2024-04-02,2.292700
2024-04-03,2.283700
2024-04-07,2.293700
2024-04-08,2.282200
2024-04-09,2.280200
2024-04-10,2.297200
2024-04-11,2.292800
2024-04-12,2.283700
2024-04-15,2.279800
2024-04-16,2.272300
2024-04-17,2.260800
2024-04-18,2.253700
2024-04-19,2.254000
2024-04-22,2.243500
2024-04-23,2.226000
2024-04-24,2.272700
2024-04-25,2.261200
2024-04-26,2.308400
2024-04-28,2.324400
2024-04-29,2.353000
2024-04-30,2.302800
2024-05-06,2.308100
2024-05-07,2.289600
2024-05-08,2.295500
2024-05-09,2.318600
2024-05-10,2.312200
2024-05-11,2.336100
2024-05-13,2.290000
2024-05-14,2.293800
2024-05-15,2.302000
2024-05-16,2.314700
2024-05-17,2.307700
2024-05-20,2.310500
2024-05-21,2.314100
2024-05-22,2.312300
2024-05-23,2.306300
2024-05-24,2.313400
2024-05-27,2.308400
2024-05-28,2.299400
2024-05-29,2.277600
2024-05-30,2.282600
2024-05-31,2.292600
2024-06-03,2.285300
2024-06-04,2.285400
2024-06-05,2.280800
2024-06-06,2.282800
2024-06-07,2.283300
2024-06-11,2.279100
2024-06-12,2.276000
2024-06-13,2.267800
2024-06-14,2.255800
2024-06-17,2.260900
2024-06-18,2.253700
2024-06-19,2.242900
2024-06-20,2.244500
2024-06-21,2.257100
2024-06-24,2.245100
2024-06-25,2.235000
2024-06-26,2.222500
2024-06-27,2.208100
2024-06-28,2.205800
2024-07-01,2.248600
2024-07-02,2.236900
2024-07-03,2.242600
2024-07-04,2.250200
2024-07-05,2.275400
2024-07-08,2.290400
2024-07-09,2.269800
2024-07-10,2.270700
2024-07-11,2.264800
2024-07-12,2.260400
2024-07-15,2.254100
2024-07-16,2.261300
2024-07-17,2.259800
2024-07-18,2.267300
2024-07-19,2.261400
2024-07-22,2.246100
2024-07-23,2.232200
2024-07-24,2.238100
2024-07-25,2.216800
2024-07-26,2.194400
2024-07-29,2.157400
2024-07-30,2.148000
2024-07-31,2.149400
2024-08-01,2.129700
2024-08-02,2.127700
2024-08-05,2.137600
2024-08-06,2.149100
2024-08-07,2.141400
2024-08-08,2.181000
2024-08-09,2.198600
2024-08-12,2.250800
2024-08-13,2.225500
2024-08-14,2.196600
2024-08-15,2.205000
2024-08-16,2.197800
2024-08-19,2.181600
2024-08-20,2.171000
2024-08-21,2.167000
2024-08-22,2.158200
2024-08-23,2.154700
2024-08-26,2.162800
2024-08-27,2.190300
2024-08-28,2.167300
2024-08-29,2.170300
2024-08-30,2.170400
2024-09-02,2.145700
2024-09-03,2.143200
2024-09-04,2.133600
2024-09-05,2.133800
2024-09-06,2.138800
2024-09-09,2.126700
2024-09-10,2.114300
2024-09-11,2.104400
2024-09-12,2.099800
2024-09-13,2.072400
2024-09-14,2.042500
2024-09-18,2.040300
2024-09-19,2.045000
2024-09-20,2.043100
2024-09-23,2.038100
2024-09-24,2.072800
2024-09-25,2.043700
2024-09-26,2.078700
2024-09-27,2.171400
2024-09-29,2.253400
2024-09-30,2.151800
2024-10-08,2.192800
2024-10-09,2.176000
2024-10-10,2.144100
2024-10-11,2.139200
2024-10-12,2.144100
2024-10-14,2.136800
2024-10-15,2.125400
2024-10-16,2.133100
2024-10-17,2.108400
2024-10-18,2.120900
2024-10-21,2.121100
2024-10-22,2.145800
2024-10-23,2.155900
2024-10-24,2.166100
2024-10-25,2.153900
2024-10-28,2.161700
2024-10-29,2.159800
2024-10-30,2.159700
2024-10-31,2.147600
2024-11-01,2.140600
2024-11-04,2.127500
2024-11-05,2.110600
2024-11-06,2.123400
2024-11-07,2.111500
2024-11-08,2.106700
2024-11-11,2.092000
2024-11-12,2.072900
2024-11-13,2.087600
2024-11-14,2.080800
2024-11-15,2.094800
2024-11-18,2.111700
2024-11-19,2.094700
2024-11-20,2.102500
2024-11-21,2.084300
2024-11-22,2.083200
2024-11-25,2.068200
2024-11-26,2.065700
2024-11-27,2.055300
2024-11-28,2.030400
2024-11-29,2.020600
2024-12-02,1.981000
2024-12-03,1.988600
2024-12-04,1.961200
2024-12-05,1.946200
2024-12-06,1.953900
2024-12-09,1.916800
2024-12-10,1.846800
2024-12-11,1.821800
2024-12-12,1.817200
2024-12-13,1.777100
2024-12-16,1.721500
2024-12-17,1.723700
2024-12-18,1.756400
2024-12-19,1.741700
2024-12-20,1.701800
2024-12-23,1.701900
2024-12-24,1.716600
2024-12-25,1.736500
2024-12-26,1.712200
2024-12-27,1.692900
2024-12-30,1.712800
2024-12-31,1.675200
2025-01-02,1.607700
2025-01-03,1.604100
2025-01-06,1.596600
2025-01-07,1.609300
2025-01-08,1.606900
2025-01-09,1.636800
2025-01-10,1.633800
2025-01-13,1.659200
2025-01-14,1.644600
2025-01-15,1.633000
2025-01-16,1.639400
2025-01-17,1.659300
2025-01-20,1.674700
2025-01-21,1.649600
2025-01-22,1.660200
2025-01-23,1.664500
2025-01-24,1.656500
2025-01-26,1.653700
2025-01-27,1.629900
2025-02-05,1.620700
2025-02-06,1.595800
2025-02-07,1.603200
2025-02-08,1.605700
2025-02-10,1.634200
2025-02-11,1.627400
2025-02-12,1.633600
2025-02-13,1.634600
2025-02-14,1.654600
2025-02-17,1.693400
2025-02-18,1.700600
2025-02-19,1.662600
2025-02-20,1.685000
2025-02-21,1.720000
2025-02-24,1.762500
2025-02-25,1.727500
2025-02-26,1.725100
2025-02-27,1.757600
2025-02-28,1.715200
2025-03-03,1.695500
2025-03-04,1.707900
2025-03-05,1.708300
2025-03-06,1.745500
2025-03-07,1.800200
2025-03-10,1.812800
2025-03-11,1.885300
2025-03-12,1.833400
2025-03-13,1.856500
2025-03-14,1.831700
2025-03-17,1.895700
2025-03-18,1.888500
2025-03-19,1.870800
2025-03-20,1.830900
2025-03-21,1.845800
2025-03-24,1.841300
2025-03-25,1.818300
2025-03-26,1.794300
2025-03-27,1.806200
2025-03-28,1.812600
2025-03-31,1.812900
2025-04-01,1.810400
2025-04-02,1.788700
2025-04-03,1.718000
2025-04-07,1.631800
2025-04-08,1.663300
2025-04-09,1.650800
2025-04-10,1.644400
2025-04-11,1.656800
2025-04-14,1.658400
2025-04-15,1.658300
2025-04-16,1.643000
2025-04-17,1.652200
2025-04-18,1.649300
2025-04-21,1.666400
2025-04-22,1.650900
2025-04-23,1.661100
2025-04-24,1.664000
2025-04-25,1.660600
2025-04-27,1.660700
2025-04-28,1.648300
2025-04-29,1.624100
2025-04-30,1.624300
2025-05-06,1.629800
2025-05-07,1.641800
2025-05-08,1.633100
2025-05-09,1.635100
2025-05-12,1.688000
2025-05-13,1.670400
2025-05-14,1.673600
2025-05-15,1.679800
2025-05-16,1.679300
2025-05-19,1.689300
2025-05-20,1.700400
2025-05-21,1.710000
2025-05-22,1.718600
2025-05-23,1.720800
2025-05-26,1.720100
2025-05-27,1.726100
2025-05-28,1.683200
2025-05-29,1.687700
2025-05-30,1.671200
2025-06-03,1.676400
2025-06-04,1.670400
2025-06-05,1.674100
2025-06-06,1.654700
2025-06-09,1.655900
2025-06-10,1.656900
2025-06-11,1.642000
2025-06-12,1.647500
2025-06-13,1.644000
2025-06-16,1.643200
2025-06-17,1.636400
2025-06-18,1.638400
2025-06-19,1.642500
2025-06-20,1.639600
2025-06-23,1.641800
2025-06-24,1.648000
2025-06-25,1.654400
2025-06-26,1.646200
2025-06-27,1.646200
2025-06-30,1.646900
2025-07-01,1.643300
2025-07-02,1.639600
2025-07-03,1.640700
2025-07-04,1.643300
2025-07-07,1.640600
2025-07-08,1.644400
2025-07-09,1.644600
2025-07-10,1.661600
2025-07-11,1.665300
2025-07-14,1.672600
2025-07-15,1.655700
2025-07-16,1.661700
2025-07-17,1.663000
2025-07-18,1.665200
2025-07-21,1.677400
2025-07-22,1.690700
2025-07-23,1.704100
2025-07-24,1.737600
2025-07-25,1.732400
2025-07-28,1.714600
2025-07-29,1.746600
2025-07-30,1.718000
2025-07-31,1.704400
2025-08-01,1.705900
2025-08-04,1.708300
2025-08-05,1.706100
2025-08-06,1.699900
2025-08-07,1.689400
2025-08-08,1.689100
2025-08-11,1.720300
2025-08-12,1.727100
2025-08-13,1.726200
2025-08-14,1.734100
2025-08-15,1.746500
2025-08-18,1.787200
2025-08-19,1.772500
2025-08-20,1.782000
2025-08-21,1.766700
2025-08-22,1.781800
2025-08-25,1.764300
2025-08-26,1.759800
2025-08-27,1.798800
2025-08-28,1.847800
2025-08-29,1.837900
2025-09-01,1.825700
2025-09-02,1.816700
2025-09-03,1.798400
2025-09-04,1.806000
2025-09-05,1.826000
2025-09-08,1.851400
2025-09-09,1.864100
2025-09-10,1.899200
2025-09-11,1.874300
2025-09-12,1.867000
2025-09-15,1.872400
2025-09-16,1.852700
2025-09-17,1.834900
2025-09-18,1.854600
2025-09-19,1.878900
2025-09-22,1.864700
2025-09-23,1.877000
2025-09-24,1.902200
2025-09-25,1.884000
2025-09-26,1.876800
2025-09-28,1.878100
2025-09-29,1.887000
2025-09-30,1.860500
2025-10-09,1.846600
2025-10-10,1.846000
2025-10-11,1.820600
2025-10-13,1.838300
2025-10-14,1.836800
2025-10-15,1.844900
2025-10-16,1.840700
2025-10-17,1.824600
2025-10-20,1.849800
2025-10-21,1.835700
2025-10-22,1.829300
2025-10-23,1.839100
2025-10-24,1.848600
2025-10-27,1.842300
2025-10-28,1.817900
2025-10-29,1.820800
2025-10-30,1.809800
2025-10-31,1.795400
2025-11-03,1.794400
2025-11-04,1.798400
2025-11-05,1.796400
2025-11-06,1.810000
2025-11-07,1.814200
2025-11-10,1.813900
2025-11-11,1.811900
2025-11-12,1.807100
2025-11-13,1.812600
2025-11-14,1.814000
2025-11-17,1.810900
2025-11-18,1.812100
2025-11-19,1.817900
2025-11-20,1.813500
2025-11-21,1.816600
2025-11-24,1.821000
2025-11-25,1.830100
2025-11-26,1.846200
2025-11-27,1.853700
2025-11-28,1.841200
2025-12-01,1.836600
2025-12-02,1.844200
2025-12-03,1.851900
2025-12-04,1.871800
2025-12-05,1.848000
2025-12-08,1.849900
2025-12-09,1.842500
2025-12-10,1.844700
2025-12-11,1.840400
2025-12-12,1.839600
2025-12-15,1.848800
2025-12-16,1.845800
2025-12-17,1.834000
2025-12-18,1.835600
2025-12-19,1.830800
2025-12-22,1.841500
2025-12-23,1.835200
2025-12-24,1.835600
2025-12-25,1.838600
2025-12-26,1.837600
2025-12-29,1.858400
2025-12-30,1.858200
2025-12-31,1.847300
2026-01-04,1.842700
2026-01-05,1.858400
2026-01-06,1.882900
2026-01-07,1.901900
2026-01-08,1.890500
2026-01-09,1.878200
2026-01-12,1.858500
2026-01-13,1.851900
2026-01-14,1.849400
2026-01-15,1.854400
2026-01-16,1.842400
2026-01-19,1.839300
2026-01-20,1.832600
2026-01-21,1.831200
2026-01-22,1.842500
2026-01-23,1.829800
2026-01-26,1.824200
2026-01-27,1.831100
2026-01-28,1.816400
2026-01-29,1.817400
2026-01-30,1.811200
2026-02-02,1.820000
2026-02-03,1.817200
2026-02-04,1.819300
2026-02-05,1.816900
2026-02-06,1.810200
2026-02-09,1.811400
2026-02-10,1.809400
2026-02-11,1.799400
2026-02-12,1.789300
2026-02-13,1.792800
2026-02-14,1.789900
2026-02-24,1.802300
2026-02-25,1.815800
2026-02-26,1.828800
2026-02-27,1.787700
2026-02-28,1.775300
2026-03-02,1.776100
2026-03-03,1.780700
2026-03-04,1.776800
2026-03-05,1.777900
2026-03-06,1.781000
2026-03-09,1.805400
2026-03-10,1.805500
2026-03-11,1.807500
2026-03-12,1.805200
2026-03-13,1.814300
2026-03-16,1.831200
2026-03-17,1.831400
2026-03-18,1.817500
2026-03-19,1.825200
2026-03-20,1.829900
2026-03-23,1.831600
2026-03-24,1.827200
2026-03-25,1.823300
2026-03-26,1.819400
2026-03-27,1.817200
2026-03-30,1.806300
2026-03-31,1.817100
2026-04-01,1.824400
2026-04-02,1.820900
2026-04-03,1.819900
2026-04-07,1.817100
2026-04-08,1.813600
2026-04-09,1.819200
2026-04-10,1.812800
2026-04-13,1.793300
2026-04-14,1.782900
2026-04-15,1.780900
2026-04-16,1.781200
2026-04-17,1.762300
2026-04-20,1.762700
2026-04-21,1.751000
2026-04-22,1.738900
2026-04-23,1.754800
2026-04-24,1.760100
2026-04-27,1.769700
2026-04-28,1.765400
2026-04-29,1.744400
2026-04-30,1.747300
2026-05-06,1.765400
2026-05-07,1.763100
2026-05-08,1.764800
2026-05-09,1.767000
2026-05-11,1.762200
2026-05-12,1.759200
2026-05-13,1.751400
2026-05-14,1.758800
2026-05-15,1.765800
2026-05-18,1.758500
2026-05-19,1.734500
2026-05-20,1.738200
2026-05-21,1.744800
2026-05-22,1.751900
2026-05-25,1.748400
2026-05-26,1.740500
2026-05-27,1.721600
2026-05-28,1.719300
2026-05-29,1.709000
2026-06-01,1.700900
2026-06-02,1.703600
2026-06-03,1.712800
2026-06-04,1.708100
2026-06-05,1.720700
2026-06-08,1.727500
2026-06-09,1.737600
2026-06-10,1.747600
2026-06-11,1.747500
2026-06-12,1.742700
2026-06-15,1.744600
2026-06-16,1.732400
2026-06-17,1.727000
2026-06-18,1.729900
2026-06-22,1.737500
2026-06-23,1.743700
2026-06-24,1.745400
2026-06-25,1.735100
2026-06-26,1.731400
2026-06-29,1.717000
2026-06-30,1.733000
2026-07-01,1.744800
2026-07-02,1.741000
2026-07-03,1.746300
2026-07-06,1.737900
2026-07-07,1.740600
2026-07-08,1.738500
2026-07-09,1.737600
2026-07-10,1.739800
2026-07-13,1.744200
2026-07-14,1.740200
2026-07-15,1.740600
2026-07-16,1.743700
2026-07-17,1.740400
2026-07-20,1.745300
2026-07-21,1.745000
2026-07-22,1.729700
2026-07-23,1.732500
2026-07-24,1.728200
2026-07-27,1.733700
2026-07-28,1.735100
2026-07-29,1.732900
2026-07-30,1.719600
2026-07-31,1.714100
2026-08-03,1.716900
2026-08-04,1.712600
2026-08-05,1.713700
2026-08-06,1.714300
2026-08-07,1.711400
2026-08-10,1.707400
2026-08-11,1.716100
