日期,index_net
2015-01-04,115.300500
2015-01-05,115.305400
2015-01-06,115.265700
2015-01-07,115.305900
2015-01-08,115.318400
2015-01-09,115.302700
2015-01-12,115.328700
2015-01-13,115.652500
2015-01-14,115.927300
2015-01-15,115.903700
2015-01-16,116.199700
2015-01-19,116.329500
2015-01-20,116.382100
2015-01-21,116.433600
2015-01-22,116.541900
2015-01-23,116.573500
2015-01-26,116.725800
2015-01-27,116.718900
2015-01-28,116.530000
2015-01-29,116.388700
2015-01-30,116.339000
2015-02-02,116.491900
2015-02-03,116.607600
2015-02-04,116.620500
2015-02-05,116.929600
2015-02-06,116.776600
2015-02-09,116.856500
2015-02-10,116.871400
2015-02-11,117.108100
2015-02-12,117.198900
2015-02-13,117.313700
2015-02-15,117.376600
2015-02-16,117.512800
2015-02-17,117.503500
2015-02-25,117.525700
2015-02-26,117.440600
2015-02-27,117.319600
2015-02-28,117.377700
2015-03-02,117.179400
2015-03-03,117.076800
2015-03-04,117.074200
2015-03-05,116.744800
2015-03-06,116.544700
2015-03-09,116.350400
2015-03-10,116.279600
2015-03-11,116.708200
2015-03-12,116.773800
2015-03-13,116.510300
2015-03-16,116.245300
2015-03-17,116.171200
2015-03-18,116.110800
2015-03-19,116.067700
2015-03-20,116.209900
2015-03-23,116.180400
2015-03-24,116.114800
2015-03-25,116.062500
2015-03-26,115.690600
2015-03-27,115.567000
2015-03-30,115.366700
2015-03-31,115.048900
2015-04-01,115.328400
2015-04-02,115.652900
2015-04-03,115.504600
2015-04-07,115.361400
2015-04-08,114.803500
2015-04-09,114.765100
2015-04-10,114.830900
2015-04-13,114.915800
2015-04-14,115.146800
2015-04-15,115.324500
2015-04-16,115.470400
2015-04-17,115.472100
2015-04-20,116.216100
2015-04-21,116.460200
2015-04-22,116.410400
2015-04-23,116.313000
2015-04-24,116.047000
2015-04-27,116.186700
2015-04-28,116.312600
2015-04-29,116.291700
2015-04-30,116.501800
2015-05-04,116.409900
2015-05-05,116.315400
2015-05-06,116.038900
2015-05-07,116.064800
2015-05-08,116.408500
2015-05-11,116.410700
2015-05-12,116.466500
2015-05-13,116.647600
2015-05-14,116.892500
2015-05-15,116.936800
2015-05-18,116.876200
2015-05-19,116.759800
2015-05-20,116.741800
2015-05-21,116.770400
2015-05-22,116.865400
2015-05-25,116.953500
2015-05-26,116.702800
2015-05-27,116.728400
2015-05-28,116.424100
2015-05-29,116.385800
2015-06-01,116.137200
2015-06-02,116.307900
2015-06-03,116.372500
2015-06-04,116.489200
2015-06-05,116.559500
2015-06-08,116.608800
2015-06-09,116.683400
2015-06-10,116.544600
2015-06-11,116.367100
2015-06-12,116.373900
2015-06-15,116.130500
2015-06-16,116.361300
2015-06-17,116.398400
2015-06-18,116.623800
2015-06-19,116.641100
2015-06-23,116.531600
2015-06-24,116.486100
2015-06-25,116.497800
2015-06-26,116.482200
2015-06-29,116.489200
2015-06-30,116.509200
2015-07-01,116.455400
2015-07-02,116.420600
2015-07-03,116.569000
2015-07-06,117.068500
2015-07-07,117.305800
2015-07-08,117.213100
2015-07-09,117.259400
2015-07-10,116.954700
2015-07-13,116.953100
2015-07-14,116.834500
2015-07-15,116.814300
2015-07-16,116.894700
2015-07-17,116.997000
2015-07-20,116.991600
2015-07-21,116.908100
2015-07-22,116.913400
2015-07-23,117.036100
2015-07-24,117.199400
2015-07-27,117.207900
2015-07-28,117.279800
2015-07-29,117.355400
2015-07-30,117.306400
2015-07-31,117.060200
2015-08-03,117.005000
2015-08-04,117.004200
2015-08-05,116.957200
2015-08-06,117.033700
2015-08-07,117.115900
2015-08-10,117.043800
2015-08-11,116.785200
2015-08-12,116.663700
2015-08-13,116.768100
2015-08-14,116.826300
2015-08-17,116.782200
2015-08-18,116.774700
2015-08-19,116.735200
2015-08-20,116.705400
2015-08-21,116.781400
2015-08-24,116.883300
2015-08-25,116.983000
2015-08-26,117.088100
2015-08-27,117.387800
2015-08-28,117.490200
2015-08-31,117.795600
2015-09-01,117.868700
2015-09-02,117.854300
2015-09-06,117.783000
2015-09-07,117.607500
2015-09-08,117.591100
2015-09-09,117.607000
2015-09-10,117.602500
2015-09-11,117.643500
2015-09-14,117.671100
2015-09-15,117.786900
2015-09-16,117.736700
2015-09-17,117.732600
2015-09-18,117.789600
2015-09-21,117.680700
2015-09-22,117.586900
2015-09-23,117.526100
2015-09-24,117.554100
2015-09-25,117.560000
2015-09-28,117.695100
2015-09-29,117.758500
2015-09-30,117.851600
2015-10-08,117.875600
2015-10-09,118.306400
2015-10-10,118.354900
2015-10-12,118.227500
2015-10-13,118.350300
2015-10-14,118.791800
2015-10-15,118.666100
2015-10-16,118.366900
2015-10-19,118.494000
2015-10-20,118.804200
2015-10-21,118.811300
2015-10-22,118.838000
2015-10-23,118.823600
2015-10-26,119.030900
2015-10-27,119.321000
2015-10-28,119.275400
2015-10-29,119.028800
2015-10-30,118.928800
2015-11-02,118.965700
2015-11-03,118.775800
2015-11-04,118.464600
2015-11-05,118.472400
2015-11-06,118.527500
2015-11-09,117.896300
2015-11-10,117.983900
2015-11-11,118.274800
2015-11-12,118.260700
2015-11-13,118.333800
2015-11-16,118.295500
2015-11-17,118.315100
2015-11-18,118.203000
2015-11-19,118.151000
2015-11-20,118.217400
2015-11-23,118.219700
2015-11-24,118.373200
2015-11-25,118.485100
2015-11-26,118.555700
2015-11-27,118.556500
2015-11-30,118.697500
2015-12-01,118.687700
2015-12-02,118.680400
2015-12-03,118.811600
2015-12-04,118.880700
2015-12-07,118.851000
2015-12-08,118.972200
2015-12-09,119.018100
2015-12-10,119.013700
2015-12-11,119.098500
2015-12-14,118.857300
2015-12-15,118.923200
2015-12-16,119.046300
2015-12-17,119.157200
2015-12-18,119.423900
2015-12-21,119.796700
2015-12-22,119.965800
2015-12-23,120.017800
2015-12-24,120.296000
2015-12-25,120.262800
2015-12-28,120.346200
2015-12-29,120.290400
2015-12-30,120.273200
2015-12-31,120.287400
2016-01-04,120.071500
2016-01-05,119.866600
2016-01-06,119.975000
2016-01-07,120.164000
2016-01-08,120.302200
2016-01-11,120.420000
2016-01-12,120.671300
2016-01-13,121.132500
2016-01-14,120.966000
2016-01-15,121.000600
2016-01-18,120.808700
2016-01-19,120.618800
2016-01-20,120.477700
2016-01-21,120.590000
2016-01-22,120.705400
2016-01-25,120.226600
2016-01-26,120.191100
2016-01-27,119.946500
2016-01-28,119.992100
2016-01-29,120.243400
2016-02-01,120.316500
2016-02-02,120.077900
2016-02-03,119.999900
2016-02-04,120.226900
2016-02-05,120.231000
2016-02-06,120.221200
2016-02-14,120.482700
2016-02-15,120.354500
2016-02-16,120.317200
2016-02-17,120.350500
2016-02-18,120.374300
2016-02-19,120.435100
2016-02-22,120.411900
2016-02-23,120.423200
2016-02-24,120.346500
2016-02-25,120.229000
2016-02-26,120.297600
2016-02-29,120.343900
2016-03-01,120.484700
2016-03-02,120.511400
2016-03-03,120.492700
2016-03-04,120.538000
2016-03-07,120.321500
2016-03-08,120.301400
2016-03-09,120.505100
2016-03-10,120.671000
2016-03-11,120.692800
2016-03-14,120.730900
2016-03-15,120.812300
2016-03-16,121.031400
2016-03-17,121.081500
2016-03-18,121.113600
2016-03-21,121.140600
2016-03-22,121.135400
2016-03-23,121.188000
2016-03-24,121.222800
2016-03-25,121.338400
2016-03-28,121.305200
2016-03-29,121.333700
2016-03-30,121.417800
2016-03-31,121.469000
2016-04-01,121.447100
2016-04-05,121.353700
2016-04-06,121.307700
2016-04-07,121.153300
2016-04-08,121.120000
2016-04-11,121.077800
2016-04-12,121.078100
2016-04-13,120.876900
2016-04-14,120.795400
2016-04-15,120.842500
2016-04-18,120.906500
2016-04-19,120.880300
2016-04-20,120.647000
2016-04-21,120.575800
2016-04-22,120.256900
2016-04-25,119.832700
2016-04-26,119.922600
2016-04-27,120.020800
2016-04-28,120.117700
2016-04-29,120.107800
2016-05-03,120.126700
2016-05-04,120.038700
2016-05-05,120.010400
2016-05-06,120.005100
2016-05-09,120.131000
2016-05-10,120.118600
2016-05-11,120.125800
2016-05-12,120.188600
2016-05-13,120.186100
2016-05-16,120.058300
2016-05-17,120.019900
2016-05-18,119.897800
2016-05-19,119.839200
2016-05-20,119.817700
2016-05-23,119.759700
2016-05-24,119.829300
2016-05-25,119.809400
2016-05-26,119.783600
2016-05-27,119.747400
2016-05-30,119.675600
2016-05-31,119.642200
2016-06-01,119.595000
2016-06-02,119.524700
2016-06-03,119.491000
2016-06-06,119.567100
2016-06-07,119.559500
2016-06-08,119.531200
2016-06-12,119.521100
2016-06-13,119.557100
2016-06-14,119.721400
2016-06-15,119.780000
2016-06-16,119.883700
2016-06-17,119.907400
2016-06-20,119.890300
2016-06-21,119.874500
2016-06-22,119.959900
2016-06-23,119.936200
2016-06-24,119.885100
2016-06-27,120.013900
2016-06-28,120.016700
2016-06-29,119.985900
2016-06-30,120.033000
2016-07-01,120.189100
2016-07-04,120.177600
2016-07-05,120.124200
2016-07-06,120.168800
2016-07-07,120.287400
2016-07-08,120.327400
2016-07-11,120.380200
2016-07-12,120.331400
2016-07-13,120.237000
2016-07-14,120.251200
2016-07-15,120.267000
2016-07-18,120.298800
2016-07-19,120.333900
2016-07-20,120.582700
2016-07-21,120.880200
2016-07-22,120.804800
2016-07-25,120.709500
2016-07-26,120.756700
2016-07-27,120.844600
2016-07-28,120.896200
2016-07-29,120.985700
2016-08-01,120.999300
2016-08-02,121.019600
2016-08-03,121.048700
2016-08-04,121.071300
2016-08-05,121.186300
2016-08-08,121.275300
2016-08-09,121.510100
2016-08-10,121.646800
2016-08-11,121.707500
2016-08-12,121.884900
2016-08-15,122.082400
2016-08-16,122.047900
2016-08-17,121.921300
2016-08-18,121.900700
2016-08-19,121.744000
2016-08-22,121.774100
2016-08-23,121.538500
2016-08-24,121.404100
2016-08-25,121.427400
2016-08-26,121.501200
2016-08-29,121.437900
2016-08-30,121.215500
2016-08-31,121.281100
2016-09-01,121.240300
2016-09-02,121.274400
2016-09-05,121.219200
2016-09-06,121.201900
2016-09-07,121.151200
2016-09-08,121.199000
2016-09-09,121.269800
2016-09-12,121.163700
2016-09-13,121.239500
2016-09-14,121.286100
2016-09-18,121.300300
2016-09-19,121.321600
2016-09-20,121.375000
2016-09-21,121.384000
2016-09-22,121.443800
2016-09-23,121.600000
2016-09-26,121.662100
2016-09-27,121.651700
2016-09-28,121.638500
2016-09-29,121.651700
2016-09-30,121.689500
2016-10-08,121.737700
2016-10-09,121.869900
2016-10-10,121.929400
2016-10-11,121.922200
2016-10-12,121.857600
2016-10-13,121.872100
2016-10-14,121.979400
2016-10-17,122.061800
2016-10-18,122.089300
2016-10-19,122.248200
2016-10-20,122.410000
2016-10-21,122.580100
2016-10-24,122.519400
2016-10-25,122.455000
2016-10-26,122.218900
2016-10-27,122.200400
2016-10-28,122.199100
2016-10-31,122.086700
2016-11-01,122.026800
2016-11-02,122.006500
2016-11-03,122.044900
2016-11-04,122.026300
2016-11-07,121.821300
2016-11-08,121.695400
2016-11-09,121.699000
2016-11-10,121.552400
2016-11-11,121.439100
2016-11-14,121.041500
2016-11-15,120.847000
2016-11-16,120.757700
2016-11-17,120.485900
2016-11-18,120.543900
2016-11-21,120.511900
2016-11-22,120.573900
2016-11-23,120.720600
2016-11-24,120.769800
2016-11-25,120.715100
2016-11-28,120.837400
2016-11-29,120.491100
2016-11-30,120.220700
2016-12-01,119.766200
2016-12-02,119.692400
2016-12-05,119.547500
2016-12-06,118.898200
2016-12-07,119.037900
2016-12-08,119.129900
2016-12-09,119.119200
2016-12-12,118.728500
2016-12-13,118.351600
2016-12-14,118.099700
2016-12-15,116.958800
2016-12-16,116.981200
2016-12-19,116.548800
2016-12-20,116.385400
2016-12-21,116.711800
2016-12-22,117.244000
2016-12-23,117.547300
2016-12-26,117.817200
2016-12-27,117.796900
2016-12-28,117.924900
2016-12-29,118.381700
2016-12-30,118.712800
2016-12-31,118.718000
2017-01-03,118.360100
2017-01-04,118.122900
2017-01-05,117.919600
2017-01-06,117.985900
2017-01-09,118.089700
2017-01-10,118.165700
2017-01-11,117.942200
2017-01-12,118.034000
2017-01-13,118.028800
2017-01-16,117.953800
2017-01-17,117.750900
2017-01-18,117.750500
2017-01-19,117.719300
2017-01-20,117.800400
2017-01-22,117.792300
2017-01-23,117.820900
2017-01-24,117.616100
2017-01-25,117.317500
2017-01-26,117.272300
2017-02-03,116.910800
2017-02-04,116.910100
2017-02-06,116.532800
2017-02-07,116.442600
2017-02-08,116.458100
2017-02-09,116.647000
2017-02-10,116.577800
2017-02-13,116.575300
2017-02-14,116.588900
2017-02-15,116.553600
2017-02-16,116.674100
2017-02-17,116.869500
2017-02-20,117.098300
2017-02-21,116.971800
2017-02-22,117.099200
2017-02-23,117.209400
2017-02-24,117.125500
2017-02-27,117.161300
2017-02-28,117.116200
2017-03-01,117.037100
2017-03-02,117.026300
2017-03-03,117.020500
2017-03-06,116.915700
2017-03-07,116.878200
2017-03-08,116.724200
2017-03-09,116.684000
2017-03-10,116.660900
2017-03-13,116.744300
2017-03-14,116.789000
2017-03-15,116.772000
2017-03-16,116.957500
2017-03-17,116.900400
2017-03-20,116.802100
2017-03-21,116.668700
2017-03-22,116.685600
2017-03-23,116.638500
2017-03-24,116.868900
2017-03-27,116.980300
2017-03-28,116.985200
2017-03-29,116.956600
2017-03-30,116.950700
2017-03-31,116.957400
2017-04-01,117.004800
2017-04-05,116.939000
2017-04-06,116.908900
2017-04-07,116.920300
2017-04-10,116.875400
2017-04-11,116.882500
2017-04-12,116.800100
2017-04-13,116.855400
2017-04-14,116.654700
2017-04-17,116.321600
2017-04-18,116.186500
2017-04-19,116.164800
2017-04-20,116.048800
2017-04-21,115.803600
2017-04-24,115.565300
2017-04-25,115.677000
2017-04-26,115.629900
2017-04-27,115.664500
2017-04-28,115.648400
2017-05-02,115.483700
2017-05-03,115.265900
2017-05-04,115.096600
2017-05-05,115.057400
2017-05-08,114.813500
2017-05-09,114.617100
2017-05-10,114.287500
2017-05-11,114.468500
2017-05-12,114.319800
2017-05-15,114.383800
2017-05-16,114.339300
2017-05-17,114.090100
2017-05-18,114.122000
2017-05-19,114.060400
2017-05-22,113.869300
2017-05-23,113.909400
2017-05-24,114.026300
2017-05-25,114.167600
2017-05-26,114.125600
2017-05-27,114.176000
2017-05-31,114.412200
2017-06-01,114.398700
2017-06-02,114.377500
2017-06-05,114.450500
2017-06-06,114.367500
2017-06-07,114.311900
2017-06-08,114.257700
2017-06-09,114.355200
2017-06-12,114.716000
2017-06-13,114.789900
2017-06-14,114.921600
2017-06-15,114.941900
2017-06-16,114.681900
2017-06-19,115.029300
2017-06-20,115.095200
2017-06-21,114.870300
2017-06-22,114.695300
2017-06-23,114.740600
2017-06-26,114.892600
2017-06-27,115.021600
2017-06-28,114.977900
2017-06-29,114.944200
2017-06-30,114.808300
2017-07-03,114.660100
2017-07-04,114.630200
2017-07-05,114.767600
2017-07-06,114.870400
2017-07-07,114.839300
2017-07-10,114.804700
2017-07-11,114.816900
2017-07-12,114.821300
2017-07-13,114.863900
2017-07-14,114.898500
2017-07-17,114.895300
2017-07-18,114.773000
2017-07-19,114.808100
2017-07-20,114.823800
2017-07-21,114.696400
2017-07-24,114.563700
2017-07-25,114.483300
2017-07-26,114.304900
2017-07-27,114.356900
2017-07-28,114.344700
2017-07-31,114.253700
2017-08-01,114.181000
2017-08-02,114.219300
2017-08-03,114.240600
2017-08-04,114.278000
2017-08-07,114.087800
2017-08-08,114.078700
2017-08-09,114.058400
2017-08-10,114.109800
2017-08-11,114.250600
2017-08-14,114.298500
2017-08-15,114.327600
2017-08-16,114.255100
2017-08-17,114.162100
2017-08-18,114.010000
2017-08-21,113.883100
2017-08-22,113.861300
2017-08-23,113.880700
2017-08-24,113.786500
2017-08-25,113.720400
2017-08-28,113.584100
2017-08-29,113.656800
2017-08-30,113.665500
2017-08-31,113.704700
2017-09-01,113.697800
2017-09-04,113.636000
2017-09-05,113.550900
2017-09-06,113.577900
2017-09-07,113.738600
2017-09-08,113.825200
2017-09-11,113.775500
2017-09-12,113.767300
2017-09-13,113.682000
2017-09-14,113.793800
2017-09-15,113.708000
2017-09-18,113.617600
2017-09-19,113.631800
2017-09-20,113.592900
2017-09-21,113.528400
2017-09-22,113.670400
2017-09-25,113.827000
2017-09-26,113.807900
2017-09-27,113.762400
2017-09-28,113.805700
2017-09-29,113.828100
2017-09-30,113.814100
2017-10-09,113.686400
2017-10-10,113.659100
2017-10-11,113.659800
2017-10-12,113.528200
2017-10-13,113.562700
2017-10-16,113.350700
2017-10-17,113.173100
2017-10-18,113.190800
2017-10-19,113.292300
2017-10-20,113.311300
2017-10-23,113.303400
2017-10-24,113.295500
2017-10-25,113.091400
2017-10-26,113.082200
2017-10-27,112.921500
2017-10-30,112.447300
2017-10-31,112.494100
2017-11-01,112.708000
2017-11-02,112.656500
2017-11-03,112.620500
2017-11-06,112.641500
2017-11-07,112.546900
2017-11-08,112.543700
2017-11-09,112.552900
2017-11-10,112.479200
2017-11-13,112.276600
2017-11-14,112.225500
2017-11-15,112.292400
2017-11-16,112.432600
2017-11-17,112.496900
2017-11-20,112.493900
2017-11-21,112.441400
2017-11-22,112.261000
2017-11-23,112.275700
2017-11-24,112.417800
2017-11-27,112.418600
2017-11-28,112.373000
2017-11-29,112.495800
2017-11-30,112.587900
2017-12-01,112.634000
2017-12-04,112.664300
2017-12-05,112.690600
2017-12-06,112.719400
2017-12-07,112.664200
2017-12-08,112.586500
2017-12-11,112.413500
2017-12-12,112.349500
2017-12-13,112.336400
2017-12-14,112.380500
2017-12-15,112.479800
2017-12-18,112.528500
2017-12-19,112.509800
2017-12-20,112.486100
2017-12-21,112.480000
2017-12-22,112.527000
2017-12-25,112.521700
2017-12-26,112.457100
2017-12-27,112.412800
2017-12-28,112.440900
2017-12-29,112.489000
2017-12-30,112.494400
2017-12-31,112.495700
2018-01-02,112.493600
2018-01-03,112.473800
2018-01-04,112.419900
2018-01-05,112.525000
2018-01-08,112.624300
2018-01-09,112.677200
2018-01-10,112.598500
2018-01-11,112.526100
2018-01-12,112.579000
2018-01-15,112.467300
2018-01-16,112.489200
2018-01-17,112.459500
2018-01-18,112.401900
2018-01-19,112.423000
2018-01-22,112.466500
2018-01-23,112.511800
2018-01-24,112.516200
2018-01-25,112.516800
2018-01-26,112.548800
2018-01-29,112.556300
2018-01-30,112.547600
2018-01-31,112.610200
2018-02-01,112.645700
2018-02-02,112.653400
2018-02-05,112.617200
2018-02-06,112.765800
2018-02-07,112.854100
2018-02-08,112.809800
2018-02-09,112.854800
2018-02-11,112.866000
2018-02-12,112.867600
2018-02-13,112.896000
2018-02-14,112.910100
2018-02-22,112.897000
2018-02-23,112.942100
2018-02-24,112.970600
2018-02-26,113.179300
2018-02-27,113.296300
2018-02-28,113.376500
2018-03-01,113.358900
2018-03-02,113.313100
2018-03-05,113.238800
2018-03-06,113.248200
2018-03-07,113.302000
2018-03-08,113.327800
2018-03-09,113.362900
2018-03-12,113.389900
2018-03-13,113.349700
2018-03-14,113.341100
2018-03-15,113.366000
2018-03-16,113.446800
2018-03-19,113.427000
2018-03-20,113.515100
2018-03-21,113.600100
2018-03-22,113.731800
2018-03-23,114.025600
2018-03-26,113.965300
2018-03-27,113.880400
2018-03-28,113.872700
2018-03-29,113.836500
2018-03-30,113.835300
2018-04-02,113.865200
2018-04-03,113.880200
2018-04-04,113.941900
2018-04-08,114.023800
2018-04-09,114.246200
2018-04-10,114.240400
2018-04-11,114.291000
2018-04-12,114.349800
2018-04-13,114.443400
2018-04-16,114.616200
2018-04-17,114.703800
2018-04-18,115.752700
2018-04-19,115.610500
2018-04-20,115.640000
2018-04-23,115.318800
2018-04-24,115.402600
2018-04-25,115.285800
2018-04-26,115.212700
2018-04-27,115.126800
2018-04-28,115.167100
2018-05-02,115.002300
2018-05-03,115.033900
2018-05-04,115.107800
2018-05-07,115.042200
2018-05-08,114.873300
2018-05-09,114.785800
2018-05-10,114.830800
2018-05-11,114.889200
2018-05-14,114.838400
2018-05-15,114.731200
2018-05-16,114.723700
2018-05-17,114.650500
2018-05-18,114.722200
2018-05-21,114.783600
2018-05-22,114.908700
2018-05-23,115.008400
2018-05-24,115.010200
2018-05-25,115.187700
2018-05-28,115.191500
2018-05-29,115.172700
2018-05-30,115.200400
2018-05-31,115.107900
2018-06-01,115.016500
2018-06-04,114.820600
2018-06-05,114.757600
2018-06-06,114.680900
2018-06-07,114.655600
2018-06-08,114.736100
2018-06-11,114.713500
2018-06-12,114.566800
2018-06-13,114.653400
2018-06-14,114.762700
2018-06-15,114.885700
2018-06-19,115.097500
2018-06-20,114.968900
2018-06-21,115.039600
2018-06-22,115.083500
2018-06-25,115.044400
2018-06-26,115.075800
2018-06-27,115.127800
2018-06-28,115.350300
2018-06-29,115.780000
2018-07-02,115.835100
2018-07-03,115.839000
2018-07-04,115.801100
2018-07-05,115.877600
2018-07-06,115.754900
2018-07-09,115.670300
2018-07-10,115.638800
2018-07-11,115.711000
2018-07-12,115.720300
2018-07-13,115.898300
2018-07-16,115.958300
2018-07-17,115.946100
2018-07-18,116.019000
2018-07-19,116.159800
2018-07-20,115.969300
2018-07-23,115.893700
2018-07-24,115.703400
2018-07-25,115.682900
2018-07-26,115.732700
2018-07-27,115.880500
2018-07-30,115.941400
2018-07-31,116.143300
2018-08-01,116.250300
2018-08-02,116.265600
2018-08-03,116.366900
2018-08-06,116.399800
2018-08-07,116.375600
2018-08-08,116.166200
2018-08-09,115.841500
2018-08-10,115.786100
2018-08-13,115.509900
2018-08-14,115.589400
2018-08-15,115.535000
2018-08-16,115.393700
2018-08-17,114.841500
2018-08-20,114.856700
2018-08-21,114.719500
2018-08-22,114.845800
2018-08-23,114.968300
2018-08-24,114.949900
2018-08-27,114.921300
2018-08-28,114.949600
2018-08-29,114.920500
2018-08-30,115.054800
2018-08-31,115.113300
2018-09-03,114.985700
2018-09-04,114.878600
2018-09-05,114.874500
2018-09-06,114.845900
2018-09-07,114.782200
2018-09-10,114.533000
2018-09-11,114.419400
2018-09-12,114.463900
2018-09-13,114.516700
2018-09-14,114.614100
2018-09-17,114.669500
2018-09-18,114.661500
2018-09-19,114.545800
2018-09-20,114.474400
2018-09-21,114.566900
2018-09-25,114.615100
2018-09-26,114.719500
2018-09-27,114.850100
2018-09-28,114.904100
2018-09-29,114.940000
2018-09-30,114.952900
2018-10-08,114.936500
2018-10-09,114.941800
2018-10-10,114.982000
2018-10-11,115.197000
2018-10-12,115.213600
2018-10-15,115.178600
2018-10-16,115.212000
2018-10-17,115.218400
2018-10-18,115.365000
2018-10-19,115.434600
2018-10-22,115.341800
2018-10-23,115.375600
2018-10-24,115.518600
2018-10-25,115.608300
2018-10-26,115.636600
2018-10-29,115.770600
2018-10-30,115.851500
2018-10-31,115.868000
2018-11-01,115.917300
2018-11-02,115.714900
2018-11-05,115.744400
2018-11-06,115.834700
2018-11-07,116.036300
2018-11-08,116.074200
2018-11-09,116.101200
2018-11-12,116.129400
2018-11-13,116.218500
2018-11-14,116.597800
2018-11-15,116.814500
2018-11-16,117.161800
2018-11-19,117.145800
2018-11-20,116.978000
2018-11-21,117.057200
2018-11-22,116.982100
2018-11-23,116.884100
2018-11-26,116.812700
2018-11-27,116.844100
2018-11-28,116.941200
2018-11-29,117.090300
2018-11-30,117.123400
2018-12-03,117.129000
2018-12-04,117.429900
2018-12-05,117.569800
2018-12-06,117.734300
2018-12-07,117.840300
2018-12-10,117.958900
2018-12-11,118.043900
2018-12-12,118.046000
2018-12-13,117.652600
2018-12-14,117.594100
2018-12-17,117.441000
2018-12-18,117.463800
2018-12-19,117.527000
2018-12-20,117.728700
2018-12-21,117.757000
2018-12-24,117.685600
2018-12-25,117.718300
2018-12-26,117.806800
2018-12-27,117.986300
2018-12-28,118.284800
2018-12-29,118.331300
2018-12-30,118.323100
2018-12-31,118.322800
2019-01-02,118.664100
2019-01-03,118.726100
2019-01-04,118.659000
2019-01-07,118.601000
2019-01-08,118.846500
2019-01-09,118.756700
2019-01-10,118.693300
2019-01-11,118.684400
2019-01-14,118.573000
2019-01-15,118.516200
2019-01-16,118.892500
2019-01-17,118.937700
2019-01-18,118.809800
2019-01-21,118.752200
2019-01-22,118.746000
2019-01-23,118.732600
2019-01-24,118.637700
2019-01-25,118.579100
2019-01-28,118.479400
2019-01-29,118.637300
2019-01-30,118.728000
2019-01-31,118.785700
2019-02-01,118.794600
2019-02-02,118.844500
2019-02-03,118.878500
2019-02-11,118.916500
2019-02-12,118.938600
2019-02-13,118.972000
2019-02-14,118.929200
2019-02-15,118.902500
2019-02-18,118.741300
2019-02-19,118.732300
2019-02-20,118.738100
2019-02-21,118.703100
2019-02-22,118.745000
2019-02-25,118.413200
2019-02-26,118.243800
2019-02-27,118.366000
2019-02-28,118.304800
2019-03-01,118.224600
2019-03-04,118.155200
2019-03-05,118.069700
2019-03-06,118.067700
2019-03-07,118.242100
2019-03-08,118.360300
2019-03-11,118.385400
2019-03-12,118.353200
2019-03-13,118.349700
2019-03-14,118.291100
2019-03-15,118.324000
2019-03-18,118.319000
2019-03-19,118.332400
2019-03-20,118.289300
2019-03-21,118.361300
2019-03-22,118.507900
2019-03-25,118.641400
2019-03-26,118.709400
2019-03-27,118.670200
2019-03-28,118.730700
2019-03-29,118.804400
2019-04-01,118.447400
2019-04-02,118.317400
2019-04-03,117.879300
2019-04-04,117.729600
2019-04-08,117.734500
2019-04-09,117.458500
2019-04-10,117.416900
2019-04-11,117.428400
2019-04-12,117.250400
2019-04-15,116.846700
2019-04-16,116.656300
2019-04-17,116.630400
2019-04-18,116.830100
2019-04-19,116.726200
2019-04-22,116.543800
2019-04-23,116.531300
2019-04-24,116.340800
2019-04-25,116.439700
2019-04-26,116.536000
2019-04-28,116.550300
2019-04-29,116.493700
2019-04-30,116.613300
2019-05-05,116.642600
2019-05-06,116.845700
2019-05-07,116.786200
2019-05-08,116.868100
2019-05-09,117.036200
2019-05-10,117.050200
2019-05-13,117.195900
2019-05-14,117.101300
2019-05-15,117.102800
2019-05-16,117.201900
2019-05-17,117.112700
2019-05-20,117.099400
2019-05-21,117.004900
2019-05-22,116.914200
2019-05-23,117.009600
2019-05-24,117.036700
2019-05-27,116.802700
2019-05-28,116.943500
2019-05-29,117.126300
2019-05-30,117.189900
2019-05-31,117.165100
2019-06-03,117.337600
2019-06-04,117.559200
2019-06-05,117.628500
2019-06-06,117.679900
2019-06-10,117.587500
2019-06-11,117.349000
2019-06-12,117.356800
2019-06-13,117.460400
2019-06-14,117.627600
2019-06-17,117.678200
2019-06-18,117.637800
2019-06-19,117.556400
2019-06-20,117.631400
2019-06-21,117.605800
2019-06-24,117.487100
2019-06-25,117.529700
2019-06-26,117.476600
2019-06-27,117.431000
2019-06-28,117.545200
2019-07-01,117.558000
2019-07-02,117.930700
2019-07-03,118.050100
2019-07-04,118.108800
2019-07-05,118.027700
2019-07-08,117.938200
2019-07-09,117.960600
2019-07-10,117.940500
2019-07-11,117.993300
2019-07-12,118.056900
2019-07-15,117.939700
2019-07-16,117.915800
2019-07-17,117.879500
2019-07-18,117.945300
2019-07-19,117.890600
2019-07-22,117.976900
2019-07-23,118.017000
2019-07-24,117.904500
2019-07-25,117.947800
2019-07-26,117.930700
2019-07-29,117.836700
2019-07-30,117.852300
2019-07-31,117.992500
2019-08-01,118.036900
2019-08-02,118.377200
2019-08-05,118.662100
2019-08-06,118.605400
2019-08-07,118.705000
2019-08-08,118.733700
2019-08-09,118.901600
2019-08-12,118.809000
2019-08-13,119.012100
2019-08-14,119.129100
2019-08-15,119.167000
2019-08-16,119.105900
2019-08-19,119.161400
2019-08-20,119.085500
2019-08-21,118.913600
2019-08-22,118.888500
2019-08-23,118.849000
2019-08-26,118.953600
2019-08-27,118.886600
2019-08-28,118.876600
2019-08-29,119.003600
2019-08-30,118.804300
2019-09-02,118.699800
2019-09-03,118.700600
2019-09-04,118.808100
2019-09-05,119.100400
2019-09-06,119.142500
2019-09-09,119.075400
2019-09-10,118.981400
2019-09-11,118.949400
2019-09-12,118.747300
2019-09-16,118.715700
2019-09-17,118.650900
2019-09-18,118.462200
2019-09-19,118.532300
2019-09-20,118.542400
2019-09-23,118.532500
2019-09-24,118.439600
2019-09-25,118.430900
2019-09-26,118.315100
2019-09-27,118.239500
2019-09-29,118.279900
2019-09-30,118.242600
2019-10-08,118.398200
2019-10-09,118.415900
2019-10-10,118.318100
2019-10-11,118.193200
2019-10-12,118.059800
2019-10-14,118.099100
2019-10-15,118.040000
2019-10-16,118.075000
2019-10-17,118.128500
2019-10-18,117.971000
2019-10-21,117.750700
2019-10-22,117.728400
2019-10-23,117.760800
2019-10-24,117.766200
2019-10-25,117.679700
2019-10-28,117.366600
2019-10-29,117.329800
2019-10-30,117.172700
2019-10-31,117.318200
2019-11-01,117.433400
2019-11-04,117.308400
2019-11-05,117.572200
2019-11-06,117.584800
2019-11-07,117.503800
2019-11-08,117.477900
2019-11-11,117.573300
2019-11-12,117.592700
2019-11-13,117.659700
2019-11-14,117.567500
2019-11-15,117.679000
2019-11-18,117.942600
2019-11-19,118.142700
2019-11-20,118.147000
2019-11-21,118.240300
2019-11-22,118.255800
2019-11-25,118.101500
2019-11-26,118.166800
2019-11-27,118.159800
2019-11-28,118.180100
2019-11-29,118.230600
2019-12-02,118.045500
2019-12-03,118.123000
2019-12-04,118.190900
2019-12-05,118.183300
2019-12-06,118.164100
2019-12-09,118.112500
2019-12-10,118.152900
2019-12-11,118.199200
2019-12-12,118.237800
2019-12-13,118.177500
2019-12-16,118.156800
2019-12-17,118.020000
2019-12-18,118.001400
2019-12-19,118.028700
2019-12-20,118.265500
2019-12-23,118.407800
2019-12-24,118.543700
2019-12-25,118.641400
2019-12-26,118.843900
2019-12-27,118.814000
2019-12-30,118.796300
2019-12-31,118.859700
2020-01-02,118.746600
2020-01-03,118.710000
2020-01-06,118.792100
2020-01-07,118.770600
2020-01-08,118.843500
2020-01-09,118.916200
2020-01-10,119.087700
2020-01-13,119.088400
2020-01-14,119.002800
2020-01-15,119.019100
2020-01-16,119.013700
2020-01-17,119.072100
2020-01-19,119.106100
2020-01-20,119.227800
2020-01-21,119.525500
2020-01-22,119.543500
2020-01-23,119.823800
2020-02-03,120.987400
2020-02-04,120.857000
2020-02-05,120.855300
2020-02-06,120.910500
2020-02-07,121.127000
2020-02-10,121.266800
2020-02-11,121.088000
2020-02-12,121.050900
2020-02-13,121.075600
2020-02-14,120.895100
2020-02-17,120.685000
2020-02-18,120.781500
2020-02-19,120.743400
2020-02-20,120.606900
2020-02-21,120.842500
2020-02-24,121.021700
2020-02-25,120.976200
2020-02-26,121.050500
2020-02-27,121.204700
2020-02-28,121.425700
2020-03-02,121.392200
2020-03-03,121.338900
2020-03-04,121.630000
2020-03-05,121.633400
2020-03-06,121.986000
2020-03-09,122.935000
2020-03-10,122.413500
2020-03-11,122.424100
2020-03-12,122.326100
2020-03-13,121.947200
2020-03-16,122.001400
2020-03-17,121.711800
2020-03-18,121.623700
2020-03-19,121.515400
2020-03-20,121.717200
2020-03-23,121.974000
2020-03-24,122.053600
2020-03-25,122.121700
2020-03-26,122.377400
2020-03-27,122.302700
2020-03-30,122.317400
2020-03-31,122.512600
2020-04-01,122.734100
2020-04-02,122.599500
2020-04-03,122.496400
2020-04-07,123.288600
2020-04-08,123.637500
2020-04-09,123.430900
2020-04-10,123.230100
2020-04-13,123.180000
2020-04-14,123.251000
2020-04-15,123.319800
2020-04-16,123.427400
2020-04-17,123.324100
2020-04-20,123.052500
2020-04-21,123.139200
2020-04-22,123.359800
2020-04-23,123.681700
2020-04-24,123.804800
2020-04-26,123.767500
2020-04-27,123.656300
2020-04-28,123.722900
2020-04-29,123.888900
2020-04-30,123.732100
2020-05-06,123.383400
2020-05-07,123.035200
2020-05-08,123.022400
2020-05-09,122.902200
2020-05-11,122.557200
2020-05-12,122.562400
2020-05-13,122.403400
2020-05-14,122.404000
2020-05-15,122.466200
2020-05-18,122.113000
2020-05-19,122.035700
2020-05-20,122.133000
2020-05-21,122.119200
2020-05-22,122.473500
2020-05-25,122.029100
2020-05-26,121.643400
2020-05-27,121.418700
2020-05-28,121.508200
2020-05-29,121.578600
2020-06-01,121.463600
2020-06-02,120.881300
2020-06-03,120.590600
2020-06-04,120.305200
2020-06-05,120.093600
2020-06-08,120.260400
2020-06-09,120.267200
2020-06-10,120.229800
2020-06-11,120.521900
2020-06-12,120.678200
2020-06-15,120.597300
2020-06-16,120.134700
2020-06-17,119.891600
2020-06-18,120.028000
2020-06-19,119.886000
2020-06-22,119.656200
2020-06-23,119.609600
2020-06-24,119.919600
2020-06-28,120.043800
2020-06-29,119.998100
2020-06-30,120.180000
2020-07-01,120.078200
2020-07-02,120.099200
2020-07-03,119.864500
2020-07-06,119.083300
2020-07-07,118.892900
2020-07-08,118.614000
2020-07-09,118.372500
2020-07-10,118.578600
2020-07-13,118.362900
2020-07-14,118.608600
2020-07-15,118.841200
2020-07-16,119.029100
2020-07-17,119.034200
2020-07-20,119.108200
2020-07-21,119.387100
2020-07-22,119.543500
2020-07-23,119.459600
2020-07-24,119.773300
2020-07-27,119.728100
2020-07-28,119.433800
2020-07-29,119.312400
2020-07-30,119.277600
2020-07-31,119.062000
2020-08-03,119.058300
2020-08-04,119.052600
2020-08-05,118.865300
2020-08-06,118.660800
2020-08-07,118.531800
2020-08-10,118.743800
2020-08-11,118.779700
2020-08-12,118.688400
2020-08-13,118.753800
2020-08-14,118.899900
2020-08-17,118.956200
2020-08-18,118.811500
2020-08-19,118.624300
2020-08-20,118.464200
2020-08-21,118.627500
2020-08-24,118.522800
2020-08-25,118.232800
2020-08-26,118.181100
2020-08-27,118.105900
2020-08-28,117.992200
2020-08-31,118.265600
2020-09-01,118.106100
2020-09-02,117.824200
2020-09-03,117.764300
2020-09-04,117.650600
2020-09-07,117.453700
2020-09-08,117.548500
2020-09-09,117.817800
2020-09-10,117.834100
2020-09-11,117.665700
2020-09-14,117.557000
2020-09-15,117.780000
2020-09-16,117.719800
2020-09-17,117.676800
2020-09-18,117.684700
2020-09-21,117.808400
2020-09-22,117.908700
2020-09-23,117.894700
2020-09-24,117.915900
2020-09-25,117.702400
2020-09-27,117.689400
2020-09-28,117.757600
2020-09-29,117.647400
2020-09-30,117.492000
2020-10-09,117.150600
2020-10-10,117.139500
2020-10-12,117.190000
2020-10-13,117.158700
2020-10-14,117.046500
2020-10-15,116.985800
2020-10-16,116.973800
2020-10-19,117.076700
2020-10-20,117.112400
2020-10-21,117.195600
2020-10-22,117.388200
2020-10-23,117.279400
2020-10-26,117.259400
2020-10-27,117.439800
2020-10-28,117.350800
2020-10-29,117.355400
2020-10-30,117.399100
2020-11-02,117.460800
2020-11-03,117.501000
2020-11-04,117.565600
2020-11-05,117.462700
2020-11-06,117.329700
2020-11-09,117.183200
2020-11-10,117.216700
2020-11-11,117.194100
2020-11-12,117.092300
2020-11-13,116.989200
2020-11-16,116.987400
2020-11-17,116.930600
2020-11-18,116.733200
2020-11-19,116.563200
2020-11-20,116.634100
2020-11-23,116.842300
2020-11-24,116.777500
2020-11-25,116.867800
2020-11-26,116.845900
2020-11-27,116.798400
2020-11-30,117.139100
2020-12-01,117.054500
2020-12-02,116.916800
2020-12-03,116.949400
2020-12-04,117.067000
2020-12-07,117.051300
2020-12-08,117.202500
2020-12-09,117.200800
2020-12-10,117.260600
2020-12-11,117.082100
2020-12-14,117.102300
2020-12-15,117.178800
2020-12-16,117.239500
2020-12-17,117.201800
2020-12-18,117.232100
2020-12-21,117.361300
2020-12-22,117.594000
2020-12-23,117.642700
2020-12-24,117.518000
2020-12-25,117.708600
2020-12-28,117.847100
2020-12-29,117.921900
2020-12-30,118.142100
2020-12-31,118.096300
2021-01-04,117.832000
2021-01-05,118.075400
2021-01-06,118.172100
2021-01-07,118.253600
2021-01-08,118.147200
2021-01-11,118.047100
2021-01-12,118.145400
2021-01-13,118.364400
2021-01-14,118.439600
2021-01-15,118.143600
2021-01-18,117.996000
2021-01-19,118.027800
2021-01-20,118.118800
2021-01-21,118.278300
2021-01-22,118.320900
2021-01-25,118.272200
2021-01-26,118.059400
2021-01-27,118.041400
2021-01-28,117.837100
2021-01-29,117.904600
2021-02-01,117.992300
2021-02-02,117.964100
2021-02-03,117.767000
2021-02-04,117.661200
2021-02-05,117.679300
2021-02-08,117.641500
2021-02-09,117.722000
2021-02-10,117.659700
2021-02-18,117.401300
2021-02-19,117.567100
2021-02-22,117.507700
2021-02-23,117.519300
2021-02-24,117.552100
2021-02-25,117.499000
2021-02-26,117.433800
2021-03-01,117.615800
2021-03-02,117.634000
2021-03-03,117.613100
2021-03-04,117.568900
2021-03-05,117.675400
2021-03-08,117.722000
2021-03-09,117.694000
2021-03-10,117.717300
2021-03-11,117.715800
2021-03-12,117.672300
2021-03-15,117.613000
2021-03-16,117.650600
2021-03-17,117.713800
2021-03-18,117.738600
2021-03-19,117.836700
2021-03-22,117.889400
2021-03-23,117.949700
2021-03-24,118.063800
2021-03-25,118.085200
2021-03-26,118.043700
2021-03-29,118.024200
2021-03-30,118.011200
2021-03-31,118.100000
2021-04-01,118.068100
2021-04-02,118.066100
2021-04-06,118.018100
2021-04-07,117.963000
2021-04-08,117.942100
2021-04-09,118.011600
2021-04-12,118.106500
2021-04-13,118.318700
2021-04-14,118.353000
2021-04-15,118.372700
2021-04-16,118.453800
2021-04-19,118.517800
2021-04-20,118.595500
2021-04-21,118.655200
2021-04-22,118.626700
2021-04-23,118.576500
2021-04-26,118.355400
2021-04-27,118.328100
2021-04-28,118.369400
2021-04-29,118.437900
2021-04-30,118.553100
2021-05-06,118.620700
2021-05-07,118.638500
2021-05-10,118.698800
2021-05-11,118.773200
2021-05-12,118.810300
2021-05-13,118.752800
2021-05-14,118.784300
2021-05-17,118.715400
2021-05-18,118.743300
2021-05-19,118.859900
2021-05-20,118.987200
2021-05-21,119.141100
2021-05-24,119.117900
2021-05-25,119.110700
2021-05-26,119.197200
2021-05-27,119.120600
2021-05-28,119.042700
2021-05-31,119.108200
2021-06-01,119.159800
2021-06-02,119.056200
2021-06-03,119.087700
2021-06-04,118.866900
2021-06-07,118.699300
2021-06-08,118.686400
2021-06-09,118.672500
2021-06-10,118.716800
2021-06-11,118.532600
2021-06-15,118.525600
2021-06-16,118.472800
2021-06-17,118.327700
2021-06-18,118.423800
2021-06-21,118.618100
2021-06-22,118.652900
2021-06-23,118.705000
2021-06-24,118.732500
2021-06-25,118.745300
2021-06-28,118.655500
2021-06-29,118.698000
2021-06-30,118.750800
2021-07-01,118.716700
2021-07-02,118.725600
2021-07-05,118.812400
2021-07-06,118.789800
2021-07-07,118.984700
2021-07-08,119.500800
2021-07-09,119.353900
2021-07-12,119.752100
2021-07-13,119.879800
2021-07-14,119.905600
2021-07-15,119.735800
2021-07-16,119.798700
2021-07-19,119.819200
2021-07-20,119.971800
2021-07-21,120.056300
2021-07-22,120.025300
2021-07-23,120.125600
2021-07-26,120.398000
2021-07-27,120.208100
2021-07-28,120.063300
2021-07-29,120.232000
2021-07-30,120.540100
2021-08-02,120.785600
2021-08-03,120.689800
2021-08-04,120.646400
2021-08-05,120.859600
2021-08-06,120.798800
2021-08-09,120.471500
2021-08-10,120.381100
2021-08-11,120.309200
2021-08-12,120.434800
2021-08-13,120.306800
2021-08-16,120.228800
2021-08-17,120.284600
2021-08-18,120.511900
2021-08-19,120.606900
2021-08-20,120.571200
2021-08-23,120.472500
2021-08-24,120.516300
2021-08-25,120.561400
2021-08-26,120.356700
2021-08-27,120.422600
2021-08-30,120.522300
2021-08-31,120.557700
2021-09-01,120.714700
2021-09-02,120.701900
2021-09-03,120.669300
2021-09-06,120.657400
2021-09-07,120.514300
2021-09-08,120.442400
2021-09-09,120.412800
2021-09-10,120.431200
2021-09-13,120.345400
2021-09-14,120.281300
2021-09-15,120.257300
2021-09-16,120.277300
2021-09-17,120.345100
2021-09-22,120.460000
2021-09-23,120.507700
2021-09-24,120.466300
2021-09-27,120.424900
2021-09-28,120.382200
2021-09-29,120.452300
2021-09-30,120.444800
2021-10-08,120.271300
2021-10-11,119.956100
2021-10-12,119.870800
2021-10-13,119.823500
2021-10-14,119.813100
2021-10-15,119.709400
2021-10-18,119.178500
2021-10-19,119.382800
2021-10-20,119.494800
2021-10-21,119.642400
2021-10-22,119.609500
2021-10-25,119.577700
2021-10-26,119.619800
2021-10-27,119.651000
2021-10-28,119.732300
2021-10-29,119.767000
2021-11-01,119.960000
2021-11-02,120.111300
2021-11-03,120.098300
2021-11-04,120.164500
2021-11-05,120.416700
2021-11-08,120.396600
2021-11-09,120.349900
2021-11-10,120.335900
2021-11-11,120.193900
2021-11-12,120.204300
2021-11-15,120.286900
2021-11-16,120.306000
2021-11-17,120.289600
2021-11-18,120.350900
2021-11-19,120.305400
2021-11-22,120.389000
2021-11-23,120.366600
2021-11-24,120.515500
2021-11-25,120.532000
2021-11-26,120.711600
2021-11-29,120.681300
2021-11-30,120.638500
2021-12-01,120.578800
2021-12-02,120.475800
2021-12-03,120.387800
2021-12-06,120.710800
2021-12-07,120.618000
2021-12-08,120.526300
2021-12-09,120.500800
2021-12-10,120.572400
2021-12-13,120.514400
2021-12-14,120.573100
2021-12-15,120.572700
2021-12-16,120.532100
2021-12-17,120.581600
2021-12-20,120.558900
2021-12-21,120.539600
2021-12-22,120.616800
2021-12-23,120.744800
2021-12-24,120.748600
2021-12-27,120.825000
2021-12-28,120.912000
2021-12-29,121.007600
2021-12-30,121.148100
2021-12-31,121.116600
2022-01-04,121.064900
2022-01-05,121.028200
2022-01-06,120.906800
2022-01-07,120.884100
2022-01-10,120.959100
2022-01-11,121.043900
2022-01-12,121.130400
2022-01-13,121.152800
2022-01-14,121.166600
2022-01-17,121.199200
2022-01-18,121.513000
2022-01-19,121.709100
2022-01-20,121.716600
2022-01-21,121.869000
2022-01-24,122.110700
2022-01-25,122.021500
2022-01-26,121.849600
2022-01-27,121.749900
2022-01-28,121.902000
2022-02-07,121.851100
2022-02-08,121.863100
2022-02-09,121.769400
2022-02-10,121.779900
2022-02-11,121.353700
2022-02-14,121.271100
2022-02-15,121.284600
2022-02-16,121.309400
2022-02-17,121.392700
2022-02-18,121.318800
2022-02-21,121.011300
2022-02-22,120.950700
2022-02-23,121.033300
2022-02-24,121.089600
2022-02-25,121.152200
2022-02-28,121.207200
2022-03-01,121.073300
2022-03-02,120.960900
2022-03-03,120.822600
2022-03-04,120.859000
2022-03-07,120.877600
2022-03-08,120.912500
2022-03-09,120.786300
2022-03-10,120.745100
2022-03-11,121.005800
2022-03-14,121.222900
2022-03-15,120.861900
2022-03-16,120.890600
2022-03-17,120.896800
2022-03-18,120.951700
2022-03-21,120.871100
2022-03-22,120.727800
2022-03-23,120.734400
2022-03-24,120.818200
2022-03-25,120.876400
2022-03-28,120.919400
2022-03-29,120.909700
2022-03-30,121.005400
2022-03-31,120.967400
2022-04-01,121.057600
2022-04-06,121.188400
2022-04-07,121.326900
2022-04-08,121.318100
2022-04-11,121.247400
2022-04-12,121.224300
2022-04-13,121.249100
2022-04-14,121.310600
2022-04-15,121.330700
2022-04-18,121.104800
2022-04-19,121.141000
2022-04-20,121.106000
2022-04-21,121.184000
2022-04-22,121.160100
2022-04-25,121.247300
2022-04-26,121.248500
2022-04-27,121.180700
2022-04-28,121.069200
2022-04-29,121.136100
2022-05-05,121.155600
2022-05-06,121.144900
2022-05-09,121.211500
2022-05-10,121.283500
2022-05-11,121.228000
2022-05-12,121.306100
2022-05-13,121.299700
2022-05-16,121.274200
2022-05-17,121.335500
2022-05-18,121.423700
2022-05-19,121.463700
2022-05-20,121.406900
2022-05-23,121.504400
2022-05-24,121.530200
2022-05-25,121.594200
2022-05-26,121.879400
2022-05-27,121.898700
2022-05-30,121.773600
2022-05-31,121.585900
2022-06-01,121.539000
2022-06-02,121.504400
2022-06-06,121.411700
2022-06-07,121.422900
2022-06-08,121.432500
2022-06-09,121.479000
2022-06-10,121.496500
2022-06-13,121.449600
2022-06-14,121.413700
2022-06-15,121.388500
2022-06-16,121.427000
2022-06-17,121.460100
2022-06-20,121.385600
2022-06-21,121.369000
2022-06-22,121.389700
2022-06-23,121.396100
2022-06-24,121.317600
2022-06-27,121.100900
2022-06-28,121.049200
2022-06-29,121.062400
2022-06-30,121.142900
2022-07-01,121.165400
2022-07-04,121.006700
2022-07-05,120.965400
2022-07-06,121.018900
2022-07-07,121.016600
2022-07-08,120.964800
2022-07-11,121.042300
2022-07-12,121.171400
2022-07-13,121.231000
2022-07-14,121.338500
2022-07-15,121.404400
2022-07-18,121.442500
2022-07-19,121.441100
2022-07-20,121.551300
2022-07-21,121.632300
2022-07-22,121.558600
2022-07-25,121.598100
2022-07-26,121.685100
2022-07-27,121.713500
2022-07-28,121.630100
2022-07-29,121.819800
2022-08-01,122.011500
2022-08-02,122.068000
2022-08-03,122.117000
2022-08-04,122.219600
2022-08-05,122.108800
2022-08-08,122.054100
2022-08-09,121.989200
2022-08-10,122.005000
2022-08-11,121.988900
2022-08-12,122.003300
2022-08-15,122.519300
2022-08-16,122.693900
2022-08-17,122.687400
2022-08-18,122.897600
2022-08-19,122.983200
2022-08-22,123.017200
2022-08-23,122.919500
2022-08-24,122.908600
2022-08-25,122.706900
2022-08-26,122.675600
2022-08-29,122.808200
2022-08-30,122.901500
2022-08-31,122.902700
2022-09-01,123.008300
2022-09-02,123.056300
2022-09-05,123.118300
2022-09-06,123.156900
2022-09-07,123.143400
2022-09-08,123.103600
2022-09-09,123.038800
2022-09-13,122.979300
2022-09-14,122.896900
2022-09-15,122.916600
2022-09-16,122.822700
2022-09-19,122.816800
2022-09-20,122.884800
2022-09-21,122.953700
2022-09-22,122.957400
2022-09-23,122.853800
2022-09-26,122.630700
2022-09-27,122.623900
2022-09-28,122.439400
2022-09-29,122.353700
2022-09-30,122.168400
2022-10-10,122.336100
2022-10-11,122.385800
2022-10-12,122.377300
2022-10-13,122.461000
2022-10-14,122.633600
2022-10-17,122.648100
2022-10-18,122.649800
2022-10-19,122.660000
2022-10-20,122.580300
2022-10-21,122.550100
2022-10-24,122.595900
2022-10-25,122.558000
2022-10-26,122.609500
2022-10-27,122.724300
2022-10-28,122.842700
2022-10-31,122.991600
2022-11-01,122.882600
2022-11-02,122.777200
2022-11-03,122.789900
2022-11-04,122.690300
2022-11-07,122.682700
2022-11-08,122.666300
2022-11-09,122.638600
2022-11-10,122.599700
2022-11-11,122.371600
2022-11-14,121.550300
2022-11-15,121.574000
2022-11-16,121.411300
2022-11-17,121.555900
2022-11-18,121.554300
2022-11-21,121.633500
2022-11-22,121.593900
2022-11-23,121.774300
2022-11-24,121.899100
2022-11-25,121.666100
2022-11-28,121.479100
2022-11-29,121.184800
2022-11-30,121.140100
2022-12-01,121.225100
2022-12-02,121.241100
2022-12-05,121.165800
2022-12-06,120.992000
2022-12-07,121.049900
2022-12-08,121.099400
2022-12-09,121.008100
2022-12-12,120.995900
2022-12-13,120.873400
2022-12-14,121.097900
2022-12-15,121.069500
2022-12-16,121.051400
2022-12-19,121.235400
2022-12-20,121.249500
2022-12-21,121.278000
2022-12-22,121.356000
2022-12-23,121.461100
2022-12-26,121.418600
2022-12-27,121.323000
2022-12-28,121.348000
2022-12-29,121.470800
2022-12-30,121.526700
2023-01-03,121.579000
2023-01-04,121.675400
2023-01-05,121.643900
2023-01-06,121.560000
2023-01-09,121.526600
2023-01-10,121.371100
2023-01-11,121.352100
2023-01-12,121.377000
2023-01-13,121.295100
2023-01-16,121.126400
2023-01-17,121.199200
2023-01-18,121.154300
2023-01-19,121.147800
2023-01-20,121.116500
2023-01-30,121.133100
2023-01-31,121.162700
2023-02-01,121.121200
2023-02-02,121.135400
2023-02-03,121.157000
2023-02-06,121.121100
2023-02-07,121.133300
2023-02-08,121.139800
2023-02-09,121.151100
2023-02-10,121.153900
2023-02-13,121.160000
2023-02-14,121.167200
2023-02-15,121.163300
2023-02-16,121.184000
2023-02-17,121.175100
2023-02-20,121.083900
2023-02-21,121.010600
2023-02-22,121.043500
2023-02-23,121.026900
2023-02-24,121.027900
2023-02-27,121.013700
2023-02-28,121.011600
2023-03-01,121.028800
2023-03-02,120.999400
2023-03-03,120.978200
2023-03-06,121.121400
2023-03-07,121.163200
2023-03-08,121.161000
2023-03-09,121.192800
2023-03-10,121.261700
2023-03-13,121.258600
2023-03-14,121.288300
2023-03-15,121.278100
2023-03-16,121.378900
2023-03-17,121.439800
2023-03-20,121.529500
2023-03-21,121.511500
2023-03-22,121.468000
2023-03-23,121.455400
2023-03-24,121.397500
2023-03-27,121.458600
2023-03-28,121.448900
2023-03-29,121.451800
2023-03-30,121.465300
2023-03-31,121.449000
2023-04-03,121.415800
2023-04-04,121.399000
2023-04-06,121.388400
2023-04-07,121.430300
2023-04-10,121.468400
2023-04-11,121.592200
2023-04-12,121.697200
2023-04-13,121.663500
2023-04-14,121.657300
2023-04-17,121.588200
2023-04-18,121.616200
2023-04-19,121.682900
2023-04-20,121.699400
2023-04-21,121.746800
2023-04-24,121.829500
2023-04-25,121.845900
2023-04-26,121.885700
2023-04-27,122.031100
2023-04-28,122.052200
2023-05-04,122.181500
2023-05-05,122.341400
2023-05-08,122.280900
2023-05-09,122.291800
2023-05-10,122.415100
2023-05-11,122.572500
2023-05-12,122.540300
2023-05-15,122.487800
2023-05-16,122.457100
2023-05-17,122.417400
2023-05-18,122.370500
2023-05-19,122.429700
2023-05-22,122.485500
2023-05-23,122.615300
2023-05-24,122.621300
2023-05-25,122.581500
2023-05-26,122.508500
2023-05-29,122.519300
2023-05-30,122.565200
2023-05-31,122.610600
2023-06-01,122.704300
2023-06-02,122.635700
2023-06-05,122.624800
2023-06-06,122.689800
2023-06-07,122.753100
2023-06-08,122.733800
2023-06-09,122.832400
2023-06-12,122.880300
2023-06-13,123.089400
2023-06-14,123.197400
2023-06-15,122.990200
2023-06-16,122.793200
2023-06-19,122.629400
2023-06-20,122.703100
2023-06-21,122.784100
2023-06-26,122.840400
2023-06-27,122.791300
2023-06-28,122.833600
2023-06-29,122.875600
2023-06-30,123.020300
2023-07-03,123.016100
2023-07-04,123.015900
2023-07-05,123.041400
2023-07-06,123.085600
2023-07-07,123.110200
2023-07-10,123.122500
2023-07-11,123.189000
2023-07-12,123.198600
2023-07-13,123.213000
2023-07-14,123.175100
2023-07-17,123.235400
2023-07-18,123.338900
2023-07-19,123.370000
2023-07-20,123.389400
2023-07-21,123.503900
2023-07-24,123.630900
2023-07-25,123.208800
2023-07-26,123.296900
2023-07-27,123.414700
2023-07-28,123.357000
2023-07-31,123.265700
2023-08-01,123.305300
2023-08-02,123.361900
2023-08-03,123.435800
2023-08-04,123.444500
2023-08-07,123.462800
2023-08-08,123.476100
2023-08-09,123.479700
2023-08-10,123.450200
2023-08-11,123.475600
2023-08-14,123.598200
2023-08-15,123.825300
2023-08-16,123.906800
2023-08-17,123.892300
2023-08-18,123.945300
2023-08-21,124.173400
2023-08-22,124.151100
2023-08-23,124.165400
2023-08-24,124.176600
2023-08-25,124.108100
2023-08-28,123.964800
2023-08-29,123.900400
2023-08-30,123.922500
2023-08-31,123.968900
2023-09-01,123.808500
2023-09-04,123.506900
2023-09-05,123.465000
2023-09-06,123.287900
2023-09-07,123.186700
2023-09-08,123.173900
2023-09-11,123.130800
2023-09-12,123.190200
2023-09-13,123.245500
2023-09-14,123.362400
2023-09-15,123.219900
2023-09-18,123.092600
2023-09-19,123.061800
2023-09-20,123.026700
2023-09-21,123.087100
2023-09-22,123.001100
2023-09-25,122.867500
2023-09-26,122.794400
2023-09-27,122.788000
2023-09-28,122.907500
2023-10-09,122.966200
2023-10-10,122.877400
2023-10-11,122.719400
2023-10-12,122.686900
2023-10-13,122.815600
2023-10-16,122.838800
2023-10-17,122.769600
2023-10-18,122.726500
2023-10-19,122.590900
2023-10-20,122.614900
2023-10-23,122.709900
2023-10-24,122.619900
2023-10-25,122.686400
2023-10-26,122.706800
2023-10-27,122.662900
2023-10-30,122.690700
2023-10-31,122.789000
2023-11-01,122.814100
2023-11-02,122.964600
2023-11-03,122.936300
2023-11-06,122.951700
2023-11-07,122.943200
2023-11-08,122.957300
2023-11-09,123.004600
2023-11-10,123.048600
2023-11-13,123.110800
2023-11-14,123.066900
2023-11-15,123.043500
2023-11-16,123.116100
2023-11-17,123.165100
2023-11-20,123.144400
2023-11-21,123.114700
2023-11-22,123.027600
2023-11-23,122.863700
2023-11-24,122.856500
2023-11-27,122.764400
2023-11-28,122.836800
2023-11-29,122.867300
2023-11-30,122.950500
2023-12-01,122.933000
2023-12-04,122.900200
2023-12-05,122.889900
2023-12-06,122.869700
2023-12-07,122.890800
2023-12-08,122.935300
2023-12-11,123.040900
2023-12-12,123.042700
2023-12-13,123.177000
2023-12-14,123.201400
2023-12-15,123.369000
2023-12-18,123.464200
2023-12-19,123.453000
2023-12-20,123.468300
2023-12-21,123.639400
2023-12-22,123.738200
2023-12-25,123.914700
2023-12-26,123.938600
2023-12-27,124.010200
2023-12-28,124.015600
2023-12-29,123.999700
2024-01-02,123.940700
2024-01-03,123.883700
2024-01-04,124.007200
2024-01-05,124.150600
2024-01-08,124.158900
2024-01-09,124.348400
2024-01-10,124.300600
2024-01-11,124.287800
2024-01-12,124.194100
2024-01-15,124.196100
2024-01-16,124.180800
2024-01-17,124.267200
2024-01-18,124.321800
2024-01-19,124.415100
2024-01-22,124.629300
2024-01-23,124.597200
2024-01-24,124.613400
2024-01-25,124.711500
2024-01-26,124.726900
2024-01-29,124.785200
2024-01-30,125.152000
2024-01-31,125.382500
2024-02-01,125.368000
2024-02-02,125.363700
2024-02-05,125.547300
2024-02-06,125.162000
2024-02-07,125.327000
2024-02-08,125.256400
2024-02-19,125.301700
2024-02-20,125.441000
2024-02-21,125.456300
2024-02-22,125.536900
2024-02-23,125.678100
2024-02-26,125.814100
2024-02-27,125.925800
2024-02-28,126.057000
2024-02-29,126.250300
2024-03-01,125.962800
2024-03-04,126.072300
2024-03-05,126.104400
2024-03-06,126.481600
2024-03-07,126.446300
2024-03-08,126.378700
2024-03-11,126.169100
2024-03-12,125.724000
2024-03-13,125.733400
2024-03-14,125.701400
2024-03-15,125.826800
2024-03-18,126.012000
2024-03-19,126.173900
2024-03-20,126.071200
2024-03-21,126.083300
2024-03-22,126.017700
2024-03-25,125.888900
2024-03-26,125.864800
2024-03-27,126.030400
2024-03-28,126.055100
2024-03-29,126.178100
2024-04-01,126.022400
2024-04-02,126.111600
2024-04-03,126.243300
2024-04-08,126.295200
2024-04-09,126.374300
2024-04-10,126.278600
2024-04-11,126.249100
2024-04-12,126.381700
2024-04-15,126.416800
2024-04-16,126.447400
2024-04-17,126.540600
2024-04-18,126.693300
2024-04-19,126.811800
2024-04-22,126.941900
2024-04-23,127.105900
2024-04-24,126.735300
2024-04-25,126.708700
2024-04-26,126.383100
2024-04-29,125.945800
2024-04-30,126.279400
2024-05-06,126.232300
2024-05-07,126.396200
2024-05-08,126.387100
2024-05-09,126.252800
2024-05-10,126.193100
2024-05-13,126.366300
2024-05-14,126.456800
2024-05-15,126.410700
2024-05-16,126.294700
2024-05-17,126.235700
2024-05-20,126.295500
2024-05-21,126.259700
2024-05-22,126.318600
2024-05-23,126.447000
2024-05-24,126.451800
2024-05-27,126.432800
2024-05-28,126.548900
2024-05-29,126.643100
2024-05-30,126.606900
2024-05-31,126.523900
2024-06-03,126.595500
2024-06-04,126.627100
2024-06-05,126.718900
2024-06-06,126.753200
2024-06-07,126.781900
2024-06-11,126.837200
2024-06-12,126.843000
2024-06-13,126.888900
2024-06-14,127.027900
2024-06-17,127.008300
2024-06-18,127.129000
2024-06-19,127.207600
2024-06-20,127.299900
2024-06-21,127.198700
2024-06-24,127.296900
2024-06-25,127.418700
2024-06-26,127.473200
2024-06-27,127.627800
2024-06-28,127.693500
2024-07-01,127.364700
2024-07-02,127.471300
2024-07-03,127.559700
2024-07-04,127.534000
2024-07-05,127.337900
2024-07-08,127.125900
2024-07-09,127.295800
2024-07-10,127.305300
2024-07-11,127.343600
2024-07-12,127.449000
2024-07-15,127.520400
2024-07-16,127.537600
2024-07-17,127.538500
2024-07-18,127.473700
2024-07-19,127.507800
2024-07-22,127.717100
2024-07-23,127.842300
2024-07-24,127.869000
2024-07-25,128.030700
2024-07-26,128.127500
2024-07-29,128.300000
2024-07-30,128.415300
2024-07-31,128.499300
2024-08-01,128.653400
2024-08-02,128.767900
2024-08-05,128.881200
2024-08-06,128.746600
2024-08-07,128.892100
2024-08-08,128.590600
2024-08-09,128.408700
2024-08-12,127.867300
2024-08-13,128.043000
2024-08-14,128.332100
2024-08-15,128.224600
2024-08-16,128.247200
2024-08-19,128.361300
2024-08-20,128.417500
2024-08-21,128.377100
2024-08-22,128.500500
2024-08-23,128.560900
2024-08-26,128.587300
2024-08-27,128.354200
2024-08-28,128.450400
2024-08-29,128.449700
2024-08-30,128.405700
2024-09-02,128.659500
2024-09-03,128.762900
2024-09-04,128.888400
2024-09-05,129.021000
2024-09-06,129.019700
2024-09-09,129.157500
2024-09-10,129.318600
2024-09-11,129.467600
2024-09-12,129.544200
2024-09-13,129.713000
2024-09-18,130.017100
2024-09-19,129.990900
2024-09-20,130.018900
2024-09-23,130.116700
2024-09-24,129.806100
2024-09-25,130.008500
2024-09-26,129.693500
2024-09-27,128.624300
2024-09-30,128.389400
2024-10-08,128.115500
2024-10-09,128.278300
2024-10-10,128.739300
2024-10-11,128.811000
2024-10-14,128.770600
2024-10-15,128.784200
2024-10-16,128.734800
2024-10-17,128.947300
2024-10-18,128.905500
2024-10-21,128.838900
2024-10-22,128.641600
2024-10-23,128.472000
2024-10-24,128.469200
2024-10-25,128.406600
2024-10-28,128.292200
2024-10-29,128.367400
2024-10-30,128.418000
2024-10-31,128.518900
2024-11-01,128.696800
2024-11-04,128.780800
2024-11-05,128.892900
2024-11-06,128.924800
2024-11-07,128.986200
2024-11-08,129.059000
2024-11-11,129.107700
2024-11-12,129.278400
2024-11-13,129.213200
2024-11-14,129.191900
2024-11-15,129.167700
2024-11-18,128.917600
2024-11-19,129.014100
2024-11-20,128.972700
2024-11-21,129.135700
2024-11-22,129.219600
2024-11-25,129.376300
2024-11-26,129.413000
2024-11-27,129.402600
2024-11-28,129.554200
2024-11-29,129.695900
2024-12-02,130.061400
2024-12-03,130.033900
2024-12-04,130.275400
2024-12-05,130.277800
2024-12-06,130.218400
2024-12-09,130.390000
2024-12-10,131.015400
2024-12-11,131.122500
2024-12-12,131.250900
2024-12-13,131.686300
2024-12-16,132.050900
2024-12-17,131.935700
2024-12-18,131.738000
2024-12-19,131.728000
2024-12-20,132.175200
2024-12-23,132.209200
2024-12-24,131.944600
2024-12-25,131.770700
2024-12-26,131.884500
2024-12-27,132.157200
2024-12-30,132.094700
2024-12-31,132.347600
2025-01-02,132.851600
2025-01-03,133.008000
2025-01-06,133.111900
2025-01-07,132.896600
2025-01-08,132.834100
2025-01-09,132.543800
2025-01-10,132.524800
2025-01-13,132.355400
2025-01-14,132.516100
2025-01-15,132.646400
2025-01-16,132.574700
2025-01-17,132.468300
2025-01-20,132.317300
2025-01-21,132.480400
2025-01-22,132.507700
2025-01-23,132.430200
2025-01-24,132.390400
2025-01-27,132.677100
2025-02-05,132.859900
2025-02-06,133.070100
2025-02-07,133.073600
2025-02-10,132.817400
2025-02-11,132.855000
2025-02-12,132.883700
2025-02-13,132.832400
2025-02-14,132.622800
2025-02-17,132.266900
2025-02-18,132.044600
2025-02-19,132.168000
2025-02-20,131.910600
2025-02-21,131.556700
2025-02-24,131.170300
2025-02-25,131.282600
2025-02-26,131.366000
2025-02-27,131.151300
2025-02-28,131.294400
2025-03-03,131.528300
2025-03-04,131.510700
2025-03-05,131.555700
2025-03-06,131.233200
2025-03-07,130.676100
2025-03-10,130.581400
2025-03-11,129.973200
2025-03-12,130.219700
2025-03-13,130.145500
2025-03-14,130.156500
2025-03-17,129.530000
2025-03-18,129.547800
2025-03-19,129.599700
2025-03-20,130.014100
2025-03-21,129.948300
2025-03-24,129.992800
2025-03-25,130.212600
2025-03-26,130.402300
2025-03-27,130.399600
2025-03-28,130.343500
2025-03-31,130.336500
2025-04-01,130.335500
2025-04-02,130.603300
2025-04-03,131.340500
2025-04-07,132.106800
2025-04-08,131.823800
2025-04-09,131.937300
2025-04-10,131.902400
2025-04-11,131.938600
2025-04-14,131.885600
2025-04-15,131.890400
2025-04-16,131.947100
2025-04-17,131.810600
2025-04-18,131.781300
2025-04-21,131.650000
2025-04-22,131.752200
2025-04-23,131.605700
2025-04-24,131.628500
2025-04-25,131.675500
2025-04-28,131.805300
2025-04-29,132.024900
2025-04-30,132.060300
2025-05-06,132.067100
2025-05-07,131.927500
2025-05-08,132.041500
2025-05-09,132.059500
2025-05-12,131.586300
2025-05-13,131.687000
2025-05-14,131.623500
2025-05-15,131.561700
2025-05-16,131.477600
2025-05-19,131.615600
2025-05-20,131.613800
2025-05-21,131.547400
2025-05-22,131.541500
2025-05-23,131.471300
2025-05-26,131.510500
2025-05-27,131.425000
2025-05-28,131.366600
2025-05-29,131.200200
2025-05-30,131.388500
2025-06-03,131.382300
2025-06-04,131.439200
2025-06-05,131.484000
2025-06-06,131.634300
2025-06-09,131.699100
2025-06-10,131.711900
2025-06-11,131.815400
2025-06-12,131.827600
2025-06-13,131.815500
2025-06-16,131.835800
2025-06-17,131.949000
2025-06-18,132.012600
2025-06-19,132.094200
2025-06-20,132.144500
2025-06-23,132.133500
2025-06-24,132.015900
2025-06-25,131.916200
2025-06-26,131.943600
2025-06-27,131.976400
2025-06-30,131.892400
2025-07-01,131.984600
2025-07-02,132.114000
2025-07-03,132.130800
2025-07-04,132.153600
2025-07-07,132.159100
2025-07-08,132.078800
2025-07-09,132.074000
2025-07-10,131.940800
2025-07-11,131.869900
2025-07-14,131.769900
2025-07-15,131.955900
2025-07-16,131.957000
2025-07-17,131.954900
2025-07-18,131.907000
2025-07-21,131.726100
2025-07-22,131.606100
2025-07-23,131.442400
2025-07-24,131.147400
2025-07-25,131.112800
2025-07-28,131.288800
2025-07-29,130.960700
2025-07-30,131.171500
2025-07-31,131.345800
2025-08-01,131.360900
2025-08-04,131.428600
2025-08-05,131.396600
2025-08-06,131.426500
2025-08-07,131.505000
2025-08-08,131.480100
2025-08-11,131.220800
2025-08-12,131.033500
2025-08-13,131.027000
2025-08-14,130.919400
2025-08-15,130.795900
2025-08-18,130.223500
2025-08-19,130.291300
2025-08-20,130.223600
2025-08-21,130.349000
2025-08-22,130.303900
2025-08-25,130.475800
2025-08-26,130.619600
2025-08-27,130.583300
2025-08-28,130.355100
2025-08-29,130.372200
2025-09-01,130.456500
2025-09-02,130.482100
2025-09-03,130.691200
2025-09-04,130.701400
2025-09-05,130.452800
2025-09-08,130.180700
2025-09-09,130.024700
2025-09-10,129.731900
2025-09-11,129.738800
2025-09-12,129.856000
2025-09-15,129.867500
2025-09-16,129.977500
2025-09-17,130.142300
2025-09-18,130.029200
2025-09-19,129.783300
2025-09-22,129.818600
2025-09-23,129.633300
2025-09-24,129.390000
2025-09-25,129.381400
2025-09-26,129.422300
2025-09-29,129.294200
2025-09-30,129.418100
2025-10-09,129.478500
2025-10-10,129.399600
2025-10-13,129.510800
2025-10-14,129.519400
2025-10-15,129.512000
2025-10-16,129.597900
2025-10-17,129.811800
2025-10-20,129.677500
2025-10-21,129.753600
2025-10-22,129.765300
2025-10-23,129.690600
2025-10-24,129.587100
2025-10-27,129.630000
2025-10-28,129.921400
2025-10-29,129.934600
2025-10-30,130.026700
2025-10-31,130.230600
2025-11-03,130.227500
2025-11-04,130.197600
2025-11-05,130.229700
2025-11-06,130.071200
2025-11-07,130.033800
2025-11-10,130.046800
2025-11-11,130.070700
2025-11-12,130.118200
2025-11-13,130.059300
2025-11-14,130.047700
2025-11-17,130.086800
2025-11-18,130.099300
2025-11-19,130.019400
2025-11-20,129.997900
2025-11-21,129.928500
2025-11-24,129.905100
2025-11-25,129.784200
2025-11-26,129.610200
2025-11-27,129.506900
2025-11-28,129.556300
2025-12-01,129.549100
2025-12-02,129.416000
2025-12-03,129.258700
2025-12-04,128.939900
2025-12-05,128.987700
2025-12-08,128.918700
2025-12-09,129.028500
2025-12-10,129.095600
2025-12-11,129.231600
2025-12-12,129.067400
2025-12-15,128.812100
2025-12-16,128.785100
2025-12-17,128.994500
2025-12-18,129.008300
2025-12-19,129.118400
2025-12-22,129.010900
2025-12-23,129.149300
2025-12-24,129.211300
2025-12-25,129.180700
2025-12-26,129.199400
2025-12-29,128.878000
2025-12-30,128.825100
2025-12-31,128.796200
2026-01-05,128.687100
2026-01-06,128.477000
2026-01-07,128.290600
2026-01-08,128.390900
2026-01-09,128.469600
2026-01-12,128.587500
2026-01-13,128.625300
2026-01-14,128.627200
2026-01-15,128.672900
2026-01-16,128.698700
2026-01-19,128.688000
2026-01-20,128.826600
2026-01-21,128.999500
2026-01-22,128.997000
2026-01-23,129.078600
2026-01-26,129.141900
2026-01-27,129.037400
2026-01-28,129.089300
2026-01-29,129.100800
2026-01-30,129.061400
2026-02-02,129.085500
2026-02-03,129.038500
2026-02-04,129.018600
2026-02-05,129.100800
2026-02-06,129.238200
2026-02-09,129.283200
2026-02-10,129.301800
2026-02-11,129.346800
2026-02-12,129.370200
2026-02-13,129.367100
2026-02-24,129.367400
2026-02-25,129.255100
2026-02-26,129.023800
2026-02-27,129.049800
2026-03-02,129.219700
2026-03-03,129.241500
2026-03-04,129.273100
2026-03-05,129.299300
2026-03-06,129.264400
2026-03-09,128.917700
2026-03-10,128.892700
2026-03-11,128.804800
2026-03-12,128.846400
2026-03-13,128.762200
2026-03-16,128.589600
2026-03-17,128.630200
2026-03-18,128.758800
2026-03-19,128.702000
2026-03-20,128.680000
2026-03-23,128.680500
2026-03-24,128.776000
2026-03-25,128.776900
2026-03-26,128.796800
2026-03-27,128.802500
2026-03-30,128.947200
2026-03-31,128.936000
2026-04-01,128.851300
2026-04-02,128.806100
2026-04-03,128.837600
2026-04-07,128.916700
2026-04-08,129.018800
2026-04-09,128.998100
2026-04-10,129.137300
2026-04-13,129.267600
2026-04-14,129.294300
2026-04-15,129.297600
2026-04-16,129.274600
2026-04-17,129.455300
2026-04-20,129.487300
2026-04-21,129.631600
2026-04-22,129.769800
2026-04-23,129.657700
2026-04-24,129.542400
2026-04-27,129.382700
2026-04-28,129.413300
2026-04-29,129.495000
2026-04-30,129.411700
2026-05-06,129.219100
2026-05-07,129.229000
2026-05-08,129.245500
2026-05-11,129.290000
2026-05-12,129.348800
2026-05-13,129.381000
2026-05-14,129.345200
2026-05-15,129.288600
2026-05-18,129.339500
2026-05-19,129.525900
2026-05-20,129.525200
2026-05-21,129.512100
2026-05-22,129.470000
2026-05-25,129.517800
2026-05-26,129.596600
2026-05-27,129.701600
2026-05-28,129.760600
2026-05-29,129.815200
2026-06-01,129.925900
2026-06-02,129.920000
2026-06-03,129.852700
2026-06-04,129.919700
2026-06-05,129.840300
2026-06-08,129.746100
2026-06-09,129.662300
2026-06-10,129.538500
2026-06-11,129.464200
2026-06-12,129.532100
2026-06-15,129.553600
2026-06-16,129.658100
2026-06-17,129.729400
2026-06-18,129.751800
2026-06-22,129.750500
2026-06-23,129.689200
2026-06-24,129.665900
2026-06-25,129.764700
2026-06-26,129.802300
2026-06-29,129.906800
2026-06-30,129.794900
2026-07-01,129.639000
2026-07-02,129.646500
2026-07-03,129.606400
2026-07-06,129.693600
2026-07-07,129.712500
2026-07-08,129.784100
2026-07-09,129.823000
2026-07-10,129.811600
2026-07-13,129.761000
2026-07-14,129.770400
2026-07-15,129.811800
2026-07-16,129.766900
2026-07-17,129.806600
2026-07-20,129.775800
2026-07-21,129.786800
2026-07-22,130.003800
2026-07-23,130.044700
2026-07-24,130.090900
2026-07-27,130.089600
2026-07-28,130.083900
2026-07-29,130.061100
2026-07-30,130.215900
2026-07-31,130.289200
2026-08-03,130.306000
2026-08-04,130.344400
2026-08-05,130.334900
2026-08-06,130.319000
2026-08-07,130.405100
2026-08-10,130.528700
2026-08-11,130.471100
2026-08-12,130.471100
