date,hf_mom_pct,hf_growth_factor,hf_yoy
2016-08-03,0.000000,100.000000,
2016-08-04,-0.580789,99.419211,
2016-08-05,-0.577147,98.845416,
2016-08-08,0.208912,99.051916,
2016-08-09,-0.523345,98.533533,
2016-08-10,0.731694,99.254496,
2016-08-11,0.415017,99.666419,
2016-08-12,-1.543592,98.127977,
2016-08-15,0.324137,98.446046,
2016-08-16,0.660256,99.096042,
2016-08-17,-0.611753,98.489819,
2016-08-18,0.547585,99.029135,
2016-08-19,-0.016050,99.013241,
2016-08-22,-0.806792,98.214410,
2016-08-23,-0.848107,97.381446,
2016-08-24,-1.273222,96.141564,
2016-08-25,-0.033352,96.109499,
2016-08-26,-0.108494,96.005226,
2016-08-29,0.000000,96.005226,
2016-08-30,-0.192326,95.820583,
2016-08-31,0.150557,95.964847,
2016-09-01,0.116897,96.077027,
2016-09-02,-0.449286,95.645366,
2016-09-05,0.047342,95.690647,
2016-09-06,-0.127265,95.568867,
2016-09-07,0.210467,95.770008,
2016-09-08,0.424164,96.176229,
2016-09-09,-0.370241,95.820146,
2016-09-12,-0.197636,95.630770,
2016-09-13,-0.597029,95.059827,
2016-09-14,1.657339,96.635291,
2016-09-15,0.331249,96.955394,
2016-09-16,-0.297312,96.667134,
2016-09-19,0.004045,96.671044,
2016-09-20,0.310046,96.970769,
2016-09-21,-0.149848,96.825461,
2016-09-22,1.362177,98.144395,
2016-09-23,0.430763,98.567164,
2016-09-26,-0.124470,98.444478,
2016-09-27,-0.839808,97.617733,
2016-09-28,0.602343,98.205726,
2016-09-29,-0.403618,97.809351,
2016-09-30,1.222871,99.005432,
2016-10-03,-0.721488,98.291120,
2016-10-04,-0.683844,97.618962,
2016-10-05,0.029291,97.647556,
2016-10-06,-0.589776,97.071655,
2016-10-07,0.439274,97.498065,
2016-10-10,1.007211,98.480076,
2016-10-11,-0.126591,98.355409,
2016-10-12,-0.357326,98.003960,
2016-10-13,-1.477635,96.555819,
2016-10-14,-0.649275,95.928906,
2016-10-17,-0.024764,95.905150,
2016-10-18,-0.089748,95.819077,
2016-10-19,-0.105267,95.718212,
2016-10-20,-0.426282,95.310182,
2016-10-21,-0.492198,94.841067,
2016-10-24,0.233140,95.062180,
2016-10-25,1.822942,96.795109,
2016-10-26,0.036721,96.830653,
2016-10-27,0.531717,97.345518,
2016-10-28,0.872806,98.195156,
2016-10-31,0.171443,98.363505,
2016-11-01,0.872956,99.222175,
2016-11-02,-0.422143,98.803316,
2016-11-03,0.766304,99.560450,
2016-11-04,0.460783,100.019207,
2016-11-07,1.750527,101.770070,
2016-11-08,2.371273,104.183317,
2016-11-09,2.317390,106.597650,
2016-11-10,2.654395,109.427173,
2016-11-11,-0.831019,108.517812,
2016-11-14,0.122075,108.650285,
2016-11-15,-0.488038,108.120031,
2016-11-16,-1.108444,106.921581,
2016-11-17,0.352221,107.298181,
2016-11-18,-0.614456,106.638881,
2016-11-21,1.885272,108.649314,
2016-11-22,0.629268,109.333010,
2016-11-23,2.033542,111.556342,
2016-11-24,1.234594,112.933611,
2016-11-25,0.712483,113.738243,
2016-11-28,-0.455866,113.219749,
2016-11-29,-1.879908,111.091323,
2016-11-30,0.546329,111.698247,
2016-12-01,0.013029,111.712800,
2016-12-02,-0.183734,111.507545,
2016-12-05,1.902572,113.629057,
2016-12-06,-0.719048,112.812010,
2016-12-07,-0.699114,112.023325,
2016-12-08,-0.485888,111.479017,
2016-12-09,0.517218,112.055606,
2016-12-12,-0.930732,111.012669,
2016-12-13,-0.573939,110.375524,
2016-12-14,0.183010,110.577523,
2016-12-15,-0.351272,110.189095,
2016-12-16,-1.164935,108.905464,
2016-12-19,-1.952181,106.779432,
2016-12-20,0.084296,106.869443,
2016-12-21,-0.184750,106.672001,
2016-12-22,0.334877,107.029221,
2016-12-23,-0.968480,105.992665,
2016-12-26,-0.139002,105.845333,
2016-12-27,0.041205,105.888946,
2016-12-28,0.977910,106.924445,
2016-12-29,-0.398943,106.497877,
2016-12-30,0.007588,106.505958,
2017-01-03,-0.320203,106.164923,
2017-01-04,2.421397,108.735597,
2017-01-05,-0.659849,108.018106,
2017-01-06,0.079592,108.104079,
2017-01-09,0.129043,108.243580,
2017-01-10,2.084356,110.499762,
2017-01-11,0.356988,110.894234,
2017-01-12,1.917373,113.020489,
2017-01-13,0.615228,113.715823,
2017-01-16,-1.054634,112.516537,
2017-01-17,-0.950693,111.446850,
2017-01-18,-0.144215,111.286128,
2017-01-19,-0.139761,111.130593,
2017-01-20,0.109357,111.252123,
2017-01-23,0.714825,112.047381,
2017-01-24,2.030481,114.322482,
2017-01-25,0.037999,114.365923,
2017-01-26,-1.262555,112.921991,
2017-01-27,0.739950,113.757558,
2017-01-30,-0.666283,112.999610,
2017-01-31,1.243584,114.404855,
2017-02-01,0.073167,114.488562,
2017-02-02,-0.616280,113.782992,
2017-02-03,-1.897390,111.624085,
2017-02-06,1.079119,112.828642,
2017-02-07,-0.377280,112.402962,
2017-02-08,0.679786,113.167062,
2017-02-09,-0.004169,113.162343,
2017-02-10,3.285681,116.880496,
2017-02-13,0.487967,117.450835,
2017-02-14,-0.683122,116.648502,
2017-02-15,0.064606,116.723865,
2017-02-16,-0.894516,115.679751,
2017-02-17,-0.187665,115.462660,
2017-02-20,1.042082,116.665876,
2017-02-21,-0.262142,116.360046,
2017-02-22,-0.304123,116.006168,
2017-02-23,-2.318931,113.316065,
2017-02-24,0.697454,114.106392,
2017-02-27,0.365280,114.523200,
2017-02-28,0.499269,115.094979,
2017-03-01,0.386976,115.540369,
2017-03-02,-0.980763,114.407191,
2017-03-03,0.170879,114.602690,
2017-03-06,-1.120456,113.318617,
2017-03-07,-1.121303,112.047972,
2017-03-08,-0.586451,111.390866,
2017-03-09,-0.631457,110.687481,
2017-03-10,0.514624,111.257105,
2017-03-13,0.880016,112.236186,
2017-03-14,0.437399,112.727106,
2017-03-15,0.637743,113.446016,
2017-03-16,0.528771,114.045886,
2017-03-17,0.438605,114.546097,
2017-03-20,-0.576109,113.886186,
2017-03-21,-1.745781,111.897982,
2017-03-22,0.659714,112.636188,
2017-03-23,0.366150,113.048606,
2017-03-24,-0.440508,112.550618,
2017-03-27,-0.145815,112.386502,
2017-03-28,1.254939,113.796884,
2017-03-29,0.118638,113.931890,
2017-03-30,0.004106,113.936568,
2017-03-31,-0.658077,113.186778,
2017-04-03,-1.346389,111.662844,
2017-04-04,0.116045,111.792423,
2017-04-05,1.804208,113.809391,
2017-04-06,-0.668799,113.048235,
2017-04-07,-0.383716,112.614450,
2017-04-10,-1.337032,111.108759,
2017-04-11,0.043187,111.156743,
2017-04-12,-2.055684,108.871712,
2017-04-13,0.887289,109.837719,
2017-04-14,-0.116699,109.709540,
2017-04-17,0.051450,109.765985,
2017-04-18,-0.952867,108.720062,
2017-04-19,-0.126475,108.582558,
2017-04-20,0.687670,109.329248,
2017-04-21,0.004044,109.333669,
2017-04-24,0.176309,109.526434,
2017-04-25,0.761349,110.360311,
2017-04-26,0.296685,110.687734,
2017-04-27,-0.172156,110.497179,
2017-04-28,0.478859,111.026304,
2017-05-01,-0.008067,111.017347,
2017-05-02,0.996207,112.123310,
2017-05-03,-2.748034,109.042123,
2017-05-04,-0.921368,108.037444,
2017-05-05,0.186855,108.239317,
2017-05-08,-1.357433,106.770041,
2017-05-09,0.030200,106.802285,
2017-05-10,-0.345405,106.433384,
2017-05-11,0.337409,106.792501,
2017-05-12,0.314051,107.127883,
2017-05-15,0.646933,107.820929,
2017-05-16,0.414172,108.267493,
2017-05-17,0.006314,108.274329,
2017-05-18,-0.297832,107.951853,
2017-05-19,1.588640,109.666820,
2017-05-22,0.382829,110.086656,
2017-05-23,0.398930,110.525825,
2017-05-24,-0.250145,110.249350,
2017-05-25,0.313477,110.594957,
2017-05-26,-0.676403,109.846889,
2017-05-29,-0.116186,109.719263,
2017-05-30,-0.038038,109.677527,
2017-05-31,0.609092,110.345565,
2017-06-01,0.241861,110.612447,
2017-06-02,-0.198645,110.392721,
2017-06-05,-0.458564,109.886500,
2017-06-06,-0.019932,109.864597,
2017-06-07,0.042017,109.910759,
2017-06-08,1.806756,111.896578,
2017-06-09,1.069010,113.092763,
2017-06-12,-0.905678,112.068508,
2017-06-13,-0.687249,111.298318,
2017-06-14,-1.009107,110.175199,
2017-06-15,0.029086,110.207244,
2017-06-16,-0.018969,110.186338,
2017-06-19,0.789616,111.056388,
2017-06-20,-0.595221,110.395357,
2017-06-21,0.879848,111.366668,
2017-06-22,0.281631,111.680312,
2017-06-23,0.373337,112.097256,
2017-06-26,0.058645,112.162995,
2017-06-27,0.626569,112.865774,
2017-06-28,0.491209,113.420180,
2017-06-29,0.405762,113.880397,
2017-06-30,0.535820,114.490591,
2017-07-03,-0.740685,113.642577,
2017-07-04,-0.320107,113.278799,
2017-07-05,-0.584018,112.617231,
2017-07-06,-0.218230,112.371466,
2017-07-07,-0.174979,112.174839,
2017-07-10,0.010045,112.186107,
2017-07-11,0.639814,112.903889,
2017-07-12,0.270732,113.209556,
2017-07-13,-0.319735,112.847585,
2017-07-14,0.917018,113.882418,
2017-07-17,1.040513,115.067379,
2017-07-18,-0.159588,114.883745,
2017-07-19,-0.482555,114.329367,
2017-07-20,0.092752,114.435410,
2017-07-21,0.181497,114.643106,
2017-07-24,0.202713,114.875502,13.867877
2017-07-25,2.452687,117.693039,16.873451
2017-07-26,0.668607,118.479942,18.118651
2017-07-27,0.329024,118.869769,18.238440
2017-07-28,0.278540,119.200869,19.041312
2017-07-31,0.381964,119.656173,18.693519
2017-08-01,-0.339791,119.249592,17.938991
2017-08-02,0.330837,119.644113,19.824910
2017-08-03,-0.244975,119.351015,19.256022
2017-08-04,0.169350,119.553136,18.767143
2017-08-07,0.552097,120.213186,19.931353
2017-08-08,0.698324,121.052663,20.081158
2017-08-09,-0.263542,120.733639,19.833320
2017-08-10,-0.743163,119.836392,19.897446
2017-08-11,0.369664,120.279385,21.118154
2017-08-14,-0.303634,119.914175,22.095454
2017-08-15,0.068622,119.996463,22.197411
2017-08-16,1.777021,122.128825,24.067381
2017-08-17,-0.872232,121.063579,23.191323
2017-08-18,-0.143361,120.890021,23.240370
2017-08-21,1.091517,122.209555,24.175529
2017-08-22,0.145888,122.387844,24.204482
2017-08-23,0.118035,122.532305,24.772745
2017-08-24,1.287017,124.109316,26.004220
2017-08-25,-0.004036,124.104308,26.127530
2017-08-28,-0.042861,124.051116,25.874414
2017-08-29,1.091768,125.405466,26.536998
2017-08-30,-0.440611,124.852915,26.466341
2017-08-31,0.614430,125.620049,27.276724
2017-09-01,0.384411,126.102947,28.259216
2017-09-04,1.006932,127.372718,27.617358
2017-09-05,-0.744760,126.424096,26.539108
2017-09-06,0.693372,127.300686,27.527842
2017-09-07,-0.006926,127.291869,27.516871
2017-09-08,-2.619851,123.957012,24.552524
2017-09-11,1.037609,125.243201,25.734747
2017-09-12,-0.944157,124.060709,23.433122
2017-09-13,-1.422766,122.295615,21.570300
2017-09-14,-0.702032,121.437061,20.990340
2017-09-15,-0.235934,121.150550,21.597482
2017-09-18,0.418982,121.658149,21.415053
2017-09-19,-0.037375,121.612679,21.782105
2017-09-20,0.024204,121.642113,20.590852
2017-09-21,-0.950233,120.486230,20.360179
2017-09-22,0.319884,120.871646,21.365745
2017-09-25,-0.256896,120.561132,21.079231
2017-09-26,-0.588374,119.851782,21.080641
2017-09-27,0.258095,120.161114,20.900092
2017-09-28,1.203516,121.607272,21.094252
2017-09-29,-0.432724,121.081049,20.787260
2017-10-02,-0.089042,120.973236,21.056145
2017-10-03,0.247858,121.273078,22.792357
2017-10-04,-0.095226,121.157595,23.348478
2017-10-05,2.036903,123.625458,25.389681
2017-10-06,-0.844979,122.580849,24.630900
2017-10-09,0.091890,122.693489,24.828071
2017-10-10,0.925704,123.829268,26.176710
2017-10-11,0.764844,124.776368,27.432057
2017-10-12,0.603913,125.529909,27.801284
2017-10-13,-0.155262,125.335008,25.839375
2017-10-16,2.313293,128.234374,28.089602
2017-10-17,-0.919012,127.055885,26.636033
2017-10-18,-0.776926,126.068755,24.987055
2017-10-19,-0.210415,125.803488,24.605122
2017-10-20,0.205253,126.061703,23.940996
2017-10-23,0.510631,126.705413,24.873364
2017-10-24,0.866238,127.802983,24.972489
2017-10-25,-0.394856,127.298345,24.117127
2017-10-26,-0.334866,126.872066,22.046317
2017-10-27,-1.579959,124.867540,18.110149
2017-10-30,0.104575,124.998121,15.923723
2017-10-31,0.118023,125.145647,13.421899
2017-11-01,0.617560,125.918496,14.872052
2017-11-02,-0.003977,125.913488,14.746074
2017-11-03,-0.500620,125.283140,14.733429
2017-11-06,0.997592,126.532955,16.840711
2017-11-07,-1.646413,124.449700,14.828992
2017-11-08,0.432511,124.987958,15.876922
2017-11-09,-0.365831,124.530714,13.642699
2017-11-10,-0.301922,124.154729,12.713024
2017-11-13,1.080635,125.496388,11.774720
2017-11-14,-1.170304,124.027699,9.370479
2017-11-15,-0.178792,123.805948,8.481570
2017-11-16,0.008883,123.816946,8.947362
2017-11-17,0.584248,124.540344,11.427713
2017-11-20,0.257349,124.860848,11.139889
2017-11-21,0.843771,125.914387,11.967091
2017-11-22,-0.054154,125.846200,12.096826
2017-11-23,0.257442,126.170180,10.469238
2017-11-24,0.586525,126.910200,11.775695
2017-11-27,-1.012756,125.624909,11.459345
2017-11-28,-1.245130,124.060716,10.693470
2017-11-29,-0.733155,123.151158,9.441729
2017-11-30,0.308651,123.531266,10.684995
2017-12-01,0.595312,124.266662,11.854134
2017-12-04,0.122260,124.418590,11.793476
2017-12-05,-3.056925,120.615206,9.040743
2017-12-06,0.086584,120.719640,10.299063
2017-12-07,0.001727,120.721725,12.272278
2017-12-08,0.136317,120.886289,12.324241
2017-12-11,0.986803,122.079198,13.491128
2017-12-12,0.335110,122.488298,13.491361
2017-12-13,0.652259,123.287240,15.114702
2017-12-14,0.390643,123.768853,15.643683
2017-12-15,1.202584,125.257277,16.797897
2017-12-18,0.479808,125.858272,16.303398
2017-12-19,0.085956,125.966455,16.789058
2017-12-20,0.918257,127.123150,17.695537
2017-12-21,0.469251,127.719677,18.484408
2017-12-22,0.857898,128.815381,16.946101
2017-12-25,-0.156380,128.613939,17.451634
2017-12-26,0.173745,128.837400,17.545668
2017-12-27,0.907011,130.005970,18.319631
2017-12-28,0.154799,130.207218,16.411380
2017-12-29,-0.180844,129.971746,15.874019
2018-01-02,-0.451272,129.385220,13.522503
2018-01-03,-0.342971,128.941467,12.565600
2018-01-04,0.209503,129.211603,13.835118
2018-01-05,-0.677162,128.336630,14.110894
2018-01-08,0.054550,128.406638,14.309748
2018-01-09,-0.209668,128.137410,14.239718
2018-01-10,0.333109,128.564248,14.462976
2018-01-11,-0.103722,128.430898,13.646918
2018-01-12,-0.263764,128.092144,11.372664
2018-01-15,1.020513,129.399340,12.350012
2018-01-16,-0.831287,128.323661,12.785844
2018-01-17,-0.302385,127.935629,11.745774
2018-01-18,-0.045618,127.877268,12.368659
2018-01-19,-0.087547,127.765315,11.045158
2018-01-22,0.150516,127.957623,11.122421
2018-01-23,-1.974798,125.430718,9.746050
2018-01-24,2.614780,128.710455,14.242851
2018-01-25,-0.475129,128.098914,12.693251
2018-01-26,-0.154451,127.901064,12.916674
2018-01-29,-0.000603,127.900293,12.238585
2018-01-30,-0.393698,127.396753,11.848280
2018-01-31,-0.137201,127.221963,8.478129
2018-02-01,0.063512,127.302764,8.054840
2018-02-02,-0.518234,126.643038,8.220724
2018-02-05,-0.093220,126.524981,8.062876
2018-02-06,-0.782060,125.535480,8.176282
2018-02-07,-2.403387,122.518376,5.931384
2018-02-08,-0.146721,122.338616,4.747865
2018-02-09,-1.233813,120.829187,3.768864
2018-02-12,1.163186,122.234656,5.229924
2018-02-13,1.776135,124.405708,9.336712
2018-02-14,0.773580,125.368086,9.412282
2018-02-15,0.408946,125.880773,9.455779
2018-02-16,0.015490,125.900272,8.973241
2018-02-19,-0.554957,125.201580,8.030509
2018-02-20,-0.761277,124.248449,8.251924
2018-02-21,0.391513,124.734898,8.471939
2018-02-22,0.369730,125.196081,9.967769
2018-02-23,-0.404675,124.689444,10.689910
2018-02-26,-0.140400,124.514380,11.137588
2018-02-27,-0.729873,123.605583,11.038498
2018-02-28,-0.557576,122.916388,9.966057
2018-03-01,-0.641346,122.128069,8.446479
2018-03-02,0.570244,122.824497,8.578657
2018-03-05,0.195750,123.064926,8.138498
2018-03-06,0.887426,124.157037,8.494632
2018-03-07,0.109804,124.293366,8.166729
2018-03-08,-0.721878,123.396119,8.020008
2018-03-09,1.505784,125.254198,11.275767
2018-03-12,0.294969,125.623659,10.912755
2018-03-13,0.072162,125.714312,10.619410
2018-03-14,0.147238,125.899411,11.208021
2018-03-15,-0.681181,125.041809,10.670431
2018-03-16,-0.430909,124.502992,8.991461
2018-03-19,-0.669343,123.669639,8.201299
2018-03-20,-0.914584,122.538576,7.278402
2018-03-21,0.668441,123.357674,8.604870
2018-03-22,-1.037840,122.077419,8.917142
2018-03-23,-1.046815,120.799495,7.748832
2018-03-26,-0.595683,120.079912,5.363242
2018-03-27,0.447151,120.616851,6.480442
2018-03-28,0.322752,121.006144,7.187128
2018-03-29,0.766738,121.933945,9.296993
2018-03-30,-0.124968,121.781566,9.128769
2018-04-02,0.025889,121.813093,11.231761
2018-04-03,0.734532,122.707849,11.080233
2018-04-04,-1.566249,120.785939,9.618355
2018-04-05,1.338348,122.402475,10.896389
2018-04-06,-0.835725,121.379527,11.014589
2018-04-09,1.044217,122.646993,12.179947
2018-04-10,1.472362,124.452801,12.956258
2018-04-11,-0.660211,123.631150,12.289815
2018-04-12,-0.978607,122.421288,11.130235
2018-04-13,0.051288,122.484076,10.423045
2018-04-16,0.492074,123.086788,10.617667
2018-04-17,0.077048,123.181624,10.866989
2018-04-18,1.841044,125.449452,12.213576
2018-04-19,-0.905824,124.313100,11.311692
2018-04-20,0.248797,124.622387,10.568902
2018-04-23,-0.126917,124.464221,13.228403
2018-04-24,0.755411,125.404438,14.906614
2018-04-25,-0.400955,124.901622,14.318173
2018-04-26,-0.029373,124.864935,15.655526
2018-04-27,-2.205788,122.110679,13.394852
2018-04-30,0.178196,122.328276,13.918892
2018-05-01,-0.640287,121.545024,12.939705
2018-05-02,0.761269,122.470308,13.384533
2018-05-03,0.714152,123.344932,13.451297
2018-05-04,0.200020,123.591646,13.237800
2018-05-07,0.072355,123.681070,13.303815
2018-05-08,-0.282293,123.331928,13.319399
2018-05-09,-0.009719,123.319941,11.733526
2018-05-10,0.997576,124.550152,12.344062
2018-05-11,0.095758,124.669419,12.041638
2018-05-14,-0.494114,124.053410,11.796757
2018-05-15,-0.606727,123.300744,10.875195
2018-05-16,0.592385,124.031159,12.144533
2018-05-17,0.107164,124.164075,12.367893
2018-05-18,-0.426658,123.634319,11.978368
2018-05-21,0.906650,124.755250,12.273688
2018-05-22,0.883890,125.857948,12.912125
2018-05-23,-1.880289,123.491455,11.212776
2018-05-24,0.925670,124.634579,12.593807
2018-05-25,-0.264319,124.305146,12.349073
2018-05-28,0.152645,124.494891,12.459593
2018-05-29,-0.401854,123.994604,10.266302
2018-05-30,0.267891,124.326774,9.470498
2018-05-31,0.088675,124.437022,10.468938
2018-06-01,0.656177,125.253549,11.812593
2018-06-04,1.014280,126.523970,13.835996
2018-06-05,1.096896,127.911807,14.897839
2018-06-06,0.959269,129.138825,15.871507
2018-06-07,0.067095,129.225470,15.152064
2018-06-08,0.529035,129.909119,16.276704
2018-06-11,-0.712406,128.983638,14.685748
2018-06-12,-0.047726,128.922079,14.356775
2018-06-13,0.239361,129.230669,14.223209
2018-06-14,-0.758395,128.250589,13.403296
2018-06-15,-1.568057,126.239547,11.198199
2018-06-18,-0.491951,125.618510,10.215028
2018-06-19,-1.545484,123.677096,8.252536
2018-06-20,0.252588,123.989490,7.970416
2018-06-21,-0.074326,123.897334,8.639504
2018-06-22,0.004509,123.902921,8.964633
2018-06-25,-0.853487,122.845426,8.693213
2018-06-26,0.356727,123.283648,9.267774
2018-06-27,-0.202732,123.033712,9.239968
2018-06-28,-0.377069,122.569789,8.852142
2018-06-29,-0.286340,122.218824,7.927616
2018-07-02,-0.405721,121.722956,7.250703
2018-07-03,-0.993057,120.514178,6.572930
2018-07-04,-1.435796,118.783840,4.213888
2018-07-05,-0.964255,117.638460,2.209817
2018-07-06,-0.462086,117.094869,1.906375
2018-07-09,1.432802,118.772607,3.812734
2018-07-10,-0.840780,117.773991,2.875691
2018-07-11,-2.672699,114.626247,-0.014707
2018-07-12,1.196926,115.998239,0.972605
2018-07-13,0.133103,116.152636,-1.317472
2018-07-16,-0.414040,115.671717,-2.398753
2018-07-17,-0.506229,115.086154,-3.234751
2018-07-18,1.095070,116.346427,-2.423786
2018-07-19,-1.739858,114.322165,-4.560193
2018-07-20,1.195659,115.689068,-3.031256
2018-07-23,-0.355752,115.277502,-3.717934
2018-07-24,2.203389,117.817513,-1.293193
2018-07-25,0.856850,118.827032,-0.609200
2018-07-26,-0.076752,118.735830,-1.236561
2018-07-27,-0.276560,118.407453,-2.209401
2018-07-30,-0.350544,117.992383,-2.296672
2018-07-31,1.718907,120.020563,0.153567
2018-08-01,-2.472168,117.053453,-2.718655
2018-08-02,0.465423,117.598247,-1.950215
2018-08-03,0.620592,118.328053,-1.400139
2018-08-06,-0.911950,117.248959,-4.077690
2018-08-07,0.229053,117.517522,-2.972841
2018-08-08,-0.043255,117.466689,-2.872641
2018-08-09,0.580979,118.149146,-3.378946
2018-08-10,-0.702953,117.318613,-4.230163
2018-08-13,-0.325080,116.937233,-4.673738
2018-08-14,-0.832203,115.964078,-6.788229
2018-08-15,-2.805817,112.710339,-9.630125
2018-08-16,0.932628,113.761507,-8.658949
2018-08-17,0.626132,114.473805,-9.120619
2018-08-20,0.644931,115.212081,-8.036175
2018-08-21,0.592895,115.895167,-8.057581
2018-08-22,-0.927672,114.820041,-9.373257
2018-08-23,-0.622355,114.105452,-10.999454
2018-08-24,1.454073,115.764629,-8.808303
2018-08-27,0.162533,115.952785,-9.336881
2018-08-28,0.773549,116.849737,-8.559383
2018-08-29,-0.677514,116.058064,-6.584421
2018-08-30,0.131777,116.211001,-7.484994
2018-08-31,-0.683690,115.416478,-7.222389
2018-09-03,-0.435782,114.913515,-6.226139
2018-09-04,-1.183444,113.553577,-6.712134
2018-09-05,0.255063,113.843210,-6.221184
2018-09-06,0.494178,114.405798,-6.146329
2018-09-07,-0.748032,113.550007,-6.859790
2018-09-10,0.009267,113.560530,-6.874724
2018-09-11,0.116298,113.692598,-5.803718
2018-09-12,1.733895,115.663908,-4.404056
2018-09-13,0.128420,115.812444,-4.018493
2018-09-14,-0.875726,114.798244,-4.307964
2018-09-17,0.665988,115.562786,-3.901947
2018-09-18,1.770853,117.609234,-3.342922
2018-09-19,-0.212036,117.359859,-3.121521
2018-09-20,0.567671,118.026078,-2.466373
2018-09-21,2.868936,121.412171,0.114628
2018-09-24,-0.332737,121.008187,-0.123393
2018-09-25,-0.662383,120.206649,-2.804416
2018-09-26,-0.018728,120.184137,-1.974576
2018-09-27,-1.401985,118.499174,-3.478330
2018-09-28,1.281070,120.017231,-3.126842
2018-10-01,-0.277416,119.684284,-4.166577
2018-10-02,0.271688,120.009452,-4.497354
2018-10-03,0.728777,120.884054,-3.615837
2018-10-04,-1.083671,119.574069,-6.992364
2018-10-05,-0.305347,119.208953,-6.374917
2018-10-08,0.132226,119.366578,-5.462819
2018-10-09,1.170439,120.763691,-4.088539
2018-10-10,-0.862480,119.722129,-5.159803
2018-10-11,0.713383,120.576206,-4.958284
2018-10-12,0.183328,120.797256,-5.637631
2018-10-15,-0.600700,120.071627,-5.844505
2018-10-16,0.153824,120.256326,-5.355372
2018-10-17,-0.409697,119.763640,-4.173336
2018-10-18,-1.585844,117.864375,-5.876410
2018-10-19,1.059049,119.112616,-4.940884
2018-10-22,-0.414080,118.619394,-5.971484
2018-10-23,-0.526640,117.994697,-6.495538
2018-10-24,0.387758,118.452232,-5.606653
2018-10-25,0.251261,118.749856,-6.348356
2018-10-26,-0.007890,118.740486,-4.696130
2018-10-29,-0.267475,118.422885,-5.395541
2018-10-30,-1.549519,116.587900,-6.590688
2018-10-31,-0.342182,116.188958,-6.631079
2018-11-01,1.652374,118.108833,-6.067046
2018-11-02,1.786174,120.218463,-3.119431
2018-11-05,-1.233098,118.736052,-4.181243
2018-11-06,0.141758,118.904370,-4.048468
2018-11-07,0.281398,119.238964,-4.350014
2018-11-08,-0.000310,119.238594,-4.607342
2018-11-09,-0.328231,118.847216,-5.776344
2018-11-12,0.040128,118.894906,-5.682056
2018-11-13,0.431607,119.408066,-5.508488
2018-11-14,1.009089,120.612999,-5.089268
2018-11-15,1.031024,121.856548,-3.045604
2018-11-16,0.778096,122.804709,-1.017573
2018-11-19,-0.344356,122.381824,-0.626666
2018-11-20,-1.635810,120.379890,-2.584179
2018-11-21,1.063965,121.660690,-2.119381
2018-11-22,0.113415,121.798671,-2.128216
2018-11-23,-1.578782,119.875736,-0.614969
2018-11-26,-0.272039,119.549627,-0.973926
2018-11-27,-0.402054,119.068973,-1.378517
2018-11-28,1.574716,120.943972,0.047705
2018-11-29,-0.694669,120.103812,-1.631353
2018-11-30,-0.244529,119.810124,-2.210731
2018-12-03,0.693919,120.641509,-2.169350
2018-12-04,-0.871779,119.589782,-3.434833
2018-12-05,0.141688,119.759227,-4.488655
2018-12-06,-0.501806,119.158268,-5.470385
2018-12-07,0.247615,119.453322,-5.308995
2018-12-10,-0.559888,118.784517,-6.784523
2018-12-11,0.164812,118.980288,-7.088000
2018-12-12,-0.241795,118.692600,-8.184326
2018-12-13,0.032840,118.731579,-7.994989
2018-12-14,-0.401263,118.255154,-8.570654
2018-12-17,-0.480935,117.686424,-9.955671
2018-12-18,-2.742430,114.458956,-12.891087
2018-12-19,1.649056,116.346449,-11.074472
2018-12-20,-0.634455,115.608283,-11.258655
2018-12-21,-0.415049,115.128452,-11.331008
2018-12-24,0.214858,115.375814,-11.325664
2018-12-25,-0.013407,115.360346,-10.659606
2018-12-26,0.047597,115.415254,-10.666556
2018-12-27,-0.077257,115.326088,-10.533954
2018-12-28,0.806175,116.255819,-10.063567
2018-12-31,-1.084022,114.995580,-11.049731
2019-01-01,-0.078604,114.905189,-10.864253
2019-01-02,-0.379232,114.469432,-12.259547
2019-01-03,-1.148683,113.154541,-12.580117
2019-01-04,2.313712,115.772611,-9.989923
2019-01-07,-0.353618,115.363218,-10.298540
2019-01-08,0.828847,116.319402,-9.385523
2019-01-09,-0.118568,116.181484,-9.654565
2019-01-10,-0.616036,115.465765,-8.277948
2019-01-11,0.256980,115.762489,-10.602477
2019-01-14,-0.246873,115.476702,-10.373393
2019-01-15,-0.135922,115.319744,-10.354837
2019-01-16,1.206403,116.710965,-9.155051
2019-01-17,0.109749,116.839054,-8.650887
2019-01-18,1.028338,118.040555,-7.490505
2019-01-21,-0.693220,117.222274,-8.249631
2019-01-22,-0.417038,116.733413,-8.147959
2019-01-23,0.316937,117.103384,-7.738260
2019-01-24,-0.365981,116.674807,-7.319778
2019-01-25,2.340875,119.406019,-2.573142
2019-01-28,-1.391698,117.744247,-3.827787
2019-01-29,0.801204,118.687619,-1.788288
2019-01-30,0.558344,119.350304,-2.387970
2019-01-31,0.667807,120.147333,-3.482930
2019-02-01,-0.316375,119.767217,-4.570410
2019-02-04,0.152362,119.949697,-4.826275
2019-02-05,0.341940,120.359853,-4.500408
2019-02-06,0.570809,121.046878,-3.374719
2019-02-07,-0.023373,121.018586,-2.633905
2019-02-08,-0.576434,120.320993,-3.602756
2019-02-11,-0.771984,119.392133,-4.746784
2019-02-12,-0.300716,119.033103,-4.642457
2019-02-13,0.134673,119.193409,-4.367375
2019-02-14,-0.201863,118.952801,-3.836893
2019-02-15,1.329034,120.533724,-1.957478
2019-02-18,0.258960,120.845858,-1.055441
2019-02-19,0.901203,121.934924,-0.726899
2019-02-20,1.214196,123.415453,0.284426
2019-02-21,-0.723707,122.522287,-1.325424
2019-02-22,1.243677,124.046069,-0.199160
2019-02-25,-0.110185,123.909389,0.415091
2019-02-26,-0.099919,123.785580,-1.179438
2019-02-27,0.502686,124.407833,-0.972546
2019-02-28,-0.729062,123.500823,-1.776415
2019-03-01,-0.465564,122.925847,-2.390196
2019-03-04,-0.416588,122.413753,-2.124143
2019-03-05,1.070682,123.724415,-0.627311
2019-03-06,-0.305330,123.346648,-0.261515
2019-03-07,-0.142192,123.171258,0.514984
2019-03-08,-0.481258,122.578487,-0.633652
2019-03-11,0.153723,122.766918,0.563215
2019-03-12,0.239869,123.061397,1.855129
2019-03-13,0.170439,123.271142,2.622888
2019-03-14,-1.424800,121.514774,0.741685
2019-03-15,0.744552,122.419515,1.161247
2019-03-18,0.253768,122.730177,0.650880
2019-03-19,-0.045558,122.674264,0.730359
2019-03-20,0.207864,122.929260,0.912122
2019-03-21,-0.787757,121.960876,-0.610601
2019-03-22,-1.092239,120.628772,-0.130205
2019-03-25,0.002684,120.632009,-1.456992
2019-03-26,-0.619582,119.884595,-1.239265
2019-03-27,0.009092,119.895495,-2.268976
2019-03-28,0.082589,119.994515,-3.648050
2019-03-29,1.316192,121.573873,-1.678045
2019-04-01,-0.044845,121.519354,-0.739473
2019-04-02,-0.754490,120.602503,-1.548099
2019-04-03,0.211230,120.857252,-1.827959
2019-04-04,-0.689799,120.023580,-2.597166
2019-04-05,-0.532107,119.384925,-4.954996
2019-04-08,1.648182,121.352606,-2.410297
2019-04-09,-0.335225,120.945802,-2.994573
2019-04-10,-0.522304,120.314098,-3.391249
2019-04-11,-0.842065,119.300975,-4.989451
2019-04-12,1.350455,120.912081,-3.246273
2019-04-15,-0.643446,120.134077,-3.862420
2019-04-16,-0.409063,119.642653,-2.041843
2019-04-17,0.645778,120.415280,-1.576178
2019-04-18,-1.145914,119.035424,-2.086363
2019-04-19,0.011537,119.049157,-2.833213
2019-04-22,-0.066410,118.970097,-3.611258
2019-04-23,-0.340644,118.564832,-4.152303
2019-04-24,0.486336,119.141456,-3.739475
2019-04-25,-1.328484,117.558680,-4.794171
2019-04-26,0.963923,118.691855,-3.825144
2019-04-29,-0.575608,118.008656,-5.395048
2019-04-30,-0.373187,117.568263,-5.864646
2019-05-01,-2.473359,114.660378,-7.873767
2019-05-02,-0.969214,113.549073,-8.239133
2019-05-03,0.807445,114.465920,-8.025568
2019-05-06,0.000000,114.465920,-8.132675
2019-05-07,-0.889374,113.447890,-8.598456
2019-05-08,-0.734427,112.614697,-10.238158
2019-05-09,0.181292,112.818858,-10.937037
2019-05-10,0.308534,113.166943,-8.730787
2019-05-13,-1.539210,111.425066,-11.203378
2019-05-14,0.395548,111.865805,-10.543941
2019-05-15,0.342289,112.248710,-10.354765
2019-05-16,0.070079,112.327372,-9.882047
2019-05-17,-0.115529,112.197601,-10.265177
2019-05-20,-0.513592,111.621363,-10.868728
2019-05-21,0.150729,111.789609,-11.372146
2019-05-22,-1.065100,110.598938,-13.452129
2019-05-23,0.138117,110.751694,-14.405031
2019-05-24,0.706145,111.533761,-14.656065
2019-05-27,0.171059,111.724549,-14.552225
2019-05-28,0.222092,111.972680,-14.858020
2019-05-29,-1.136393,110.700231,-15.285963
2019-05-30,-0.474860,110.174559,-15.714218
2019-05-31,-0.456430,109.671689,-16.410768
2019-06-03,0.559709,110.285532,-15.091334
2019-06-04,0.737326,111.098695,-12.776231
2019-06-05,-0.571779,110.463456,-12.856487
2019-06-06,0.070498,110.541330,-11.228463
2019-06-07,0.053309,110.600258,-11.427438
2019-06-10,0.429806,111.075625,-10.924199
2019-06-11,0.228569,111.329510,-10.700400
2019-06-12,-0.354730,110.934591,-10.198611
2019-06-13,-0.152005,110.765964,-10.706823
2019-06-14,-0.857901,109.815702,-11.365487
2019-06-17,1.093350,111.016372,-9.900289
2019-06-18,1.546224,112.732935,-8.079146
2019-06-19,-0.996109,111.609992,-8.673703
2019-06-20,1.269057,113.026387,-6.414610
2019-06-21,0.074091,113.110130,-4.894343
2019-06-24,0.035492,113.150275,-3.889922
2019-06-25,0.403405,113.606729,-3.024171
2019-06-26,-0.454362,113.090543,-4.902204
2019-06-27,0.055052,113.152802,-4.002832
2019-06-28,0.086704,113.250910,-1.207101
2019-07-01,-0.880660,112.253554,-3.281482
2019-07-02,-0.433895,111.766491,-3.849336
2019-07-03,0.666629,112.511560,-2.770019
2019-07-04,-0.443318,112.012775,-2.706808
2019-07-05,-0.112373,111.886903,-3.908361
2019-07-08,-0.206095,111.656310,-2.359497
2019-07-09,-0.872368,110.682256,-4.424261
2019-07-10,1.391954,112.222902,-2.685519
2019-07-11,-0.145924,112.059142,-5.011014
2019-07-12,0.225943,112.312332,-5.638526
2019-07-15,0.614298,113.002264,-4.949325
2019-07-16,-0.426456,112.520359,-5.099750
2019-07-17,0.375740,112.943143,-4.373554
2019-07-18,-0.288145,112.617703,-6.366416
2019-07-19,1.073526,113.826683,-2.795372
2019-07-22,-0.687155,113.044517,-3.949243
2019-07-23,-0.367571,112.628998,-4.936166
2019-07-24,0.260518,112.922417,-3.759853
2019-07-25,-0.176732,112.722847,-4.165532
2019-07-26,-0.290350,112.395557,-4.413039
2019-07-29,0.768625,113.259457,-4.226652
2019-07-30,-1.404830,111.668354,-4.936007
2019-07-31,-0.175495,111.472382,-4.786046
2019-08-01,-0.824039,110.553806,-4.777814
2019-08-02,-2.029124,108.310533,-3.981875
2019-08-05,-0.241380,108.049093,-5.151852
2019-08-06,0.795821,108.908970,-4.983362
2019-08-07,0.539616,109.496660,-5.088057
2019-08-08,0.620736,110.176346,-5.060383
2019-08-09,0.000692,110.177108,-4.127690
2019-08-12,-0.506922,109.618596,-4.011601
2019-08-13,1.366833,111.116899,-4.097628
2019-08-14,-1.018296,109.985400,-5.283545
2019-08-15,-0.422297,109.520935,-6.477308
2019-08-16,0.395728,109.954341,-5.402542
2019-08-19,-0.138239,109.802341,-5.672567
2019-08-20,-0.424748,109.335958,-5.412181
2019-08-21,0.292077,109.655303,-4.683796
2019-08-22,-0.482234,109.126508,-3.976694
2019-08-23,-0.896939,108.147710,-5.132418
2019-08-26,0.038854,108.189729,-5.586532
2019-08-27,0.693472,108.939995,-4.144610
2019-08-28,0.360688,109.332928,-3.793838
2019-08-29,0.422584,109.794952,-3.488375
2019-08-30,-0.471558,109.277205,-5.680083
2019-09-02,-0.291423,108.958746,-6.100268
2019-09-03,0.230441,109.209831,-4.990509
2019-09-04,2.090974,111.493381,-3.584876
2019-09-05,0.945208,112.547225,-4.399464
2019-09-06,-0.234628,112.283158,-4.422106
2019-09-09,0.135342,112.435124,-4.852922
2019-09-10,-0.285233,112.114423,-7.967115
2019-09-11,-0.176389,111.916665,-7.810367
2019-09-12,0.999928,113.035752,-6.150818
2019-09-13,1.320987,114.528939,-4.819751
2019-09-16,-1.645923,112.643880,-5.067465
2019-09-17,-1.066818,111.442175,-7.412947
2019-09-18,-0.185641,111.235293,-7.320960
2019-09-19,-0.210236,111.001436,-7.802737
2019-09-20,-0.328087,110.637255,-8.857498
2019-09-23,0.534218,111.228299,-7.235116
2019-09-24,-0.200122,111.005707,-7.129624
2019-09-25,0.074911,111.088863,-7.186880
2019-09-26,-0.864212,110.128820,-9.218490
2019-09-27,0.650581,110.845298,-7.703795
2019-09-30,-0.534309,110.253041,-8.950387
2019-10-01,-0.428315,109.780811,-9.562782
2019-10-02,0.107841,109.899199,-8.852488
2019-10-03,-0.766119,109.057241,-9.775262
2019-10-04,0.303161,109.387860,-9.062022
2019-10-07,0.367618,109.789989,-7.096524
2019-10-08,-0.551875,109.184086,-8.703408
2019-10-09,0.073052,109.263847,-8.215443
2019-10-10,1.258090,110.638484,-6.437170
2019-10-11,-0.013692,110.623336,-6.837871
2019-10-14,0.219984,110.866690,-6.869073
2019-10-15,-0.483240,110.330938,-7.345594
2019-10-16,-0.548011,109.726313,-7.627279
2019-10-17,0.350976,110.111425,-5.715269
2019-10-18,0.896378,111.098440,-4.480116
2019-10-21,0.296402,111.427737,-5.823023
2019-10-22,0.042621,111.475229,-7.550821
2019-10-23,0.740973,112.301230,-5.571816
2019-10-24,0.246273,112.577797,-5.467504
2019-10-25,0.406467,113.035389,-5.342864
2019-10-28,0.275354,113.346636,-5.067579
2019-10-29,0.208321,113.582761,-4.530703
2019-10-30,-0.258645,113.288984,-4.829803
2019-10-31,-0.848447,112.327787,-6.112548
2019-11-01,0.801914,113.228559,-6.317864
2019-11-04,0.262971,113.526318,-7.080983
2019-11-05,0.770794,114.401372,-7.088229
2019-11-06,-1.016753,113.238192,-7.765237
2019-11-07,1.256888,114.661469,-4.866845
2019-11-08,-0.852657,113.683800,-6.781503
2019-11-11,-0.660289,112.933158,-7.557332
2019-11-12,-0.548056,112.314221,-6.515519
2019-11-13,-0.325308,111.948854,-6.568947
2019-11-14,-0.614047,111.261436,-6.782023
2019-11-15,0.613221,111.943714,-7.733120
2019-11-18,-0.053584,111.883730,-7.089626
2019-11-19,0.671560,112.635096,-6.175483
2019-11-20,-0.404090,112.179949,-7.271915
2019-11-21,-0.125573,112.039081,-6.521965
2019-11-22,0.394468,112.481040,-6.269861
2019-11-25,0.144088,112.643111,-5.622808
2019-11-26,0.951386,113.714782,-4.923228
2019-11-27,0.192774,113.933995,-4.169178
2019-11-28,-0.581324,113.271669,-4.916875
2019-11-29,-0.011895,113.258196,-4.686683
2019-12-02,-0.810049,112.340750,-5.532865
2019-12-03,-0.553900,111.718494,-5.686235
2019-12-04,0.649906,112.444559,-4.556337
2019-12-05,0.402650,112.897317,-1.373760
2019-12-06,1.663521,114.775388,-1.359530
2019-12-09,0.624281,115.491908,-0.100714
2019-12-10,0.525103,116.098360,0.838928
2019-12-11,0.557436,116.745535,1.180190
2019-12-12,0.396160,117.208033,1.588974
2019-12-13,-0.157795,117.023085,1.383469
2019-12-16,0.790257,117.947869,2.247907
2019-12-17,-0.081953,117.851208,1.362978
2019-12-18,-0.214376,117.598563,2.238312
2019-12-19,0.530137,118.221996,2.845683
2019-12-20,-0.558886,117.561271,2.665183
2019-12-23,0.208911,117.806869,4.029208
2019-12-24,-0.100404,117.688586,1.641402
2019-12-25,0.104355,117.811399,2.099947
2019-12-26,0.029132,117.845720,1.303644
2019-12-27,0.393321,118.309232,1.814832
2019-12-30,-0.086987,118.206319,2.345749
2019-12-31,-0.800699,117.259842,1.285176
2020-01-02,0.512291,117.860553,2.043338
2020-01-03,-0.788750,116.930928,1.387475
2020-01-06,0.035731,116.972709,0.224015
2020-01-07,0.310279,117.335651,0.424126
2020-01-08,0.005442,117.342037,-0.593519
2020-01-09,-0.490426,116.766561,-0.389517
2020-01-10,0.385995,117.217274,0.413645
2020-01-13,1.172154,118.591242,1.262547
2020-01-14,0.000908,118.592319,1.630108
2020-01-15,-0.339942,118.189173,-1.024310
2020-01-16,-0.674994,117.391404,-0.300119
2020-01-17,0.054388,117.455251,-1.043757
2020-01-20,-0.167873,117.258076,-1.768562
2020-01-21,-1.504328,115.494130,-3.949906
2020-01-22,-0.267390,115.185310,-3.900778
2020-01-23,-0.884265,114.166767,-4.941221
2020-01-24,-1.361908,112.611920,-6.653845
2020-01-27,-2.628261,109.652185,-9.886449
2020-01-28,-0.576021,109.020565,-10.440760
2020-01-29,-1.008789,107.920778,-10.876569
2020-01-30,-1.287773,106.531003,-11.397726
2020-01-31,-0.397601,106.107435,-11.494951
2020-02-03,0.106664,106.220614,-11.522926
2020-02-04,1.169558,107.462925,-10.158088
2020-02-05,0.966061,108.501083,-10.516943
2020-02-06,0.604879,109.157383,-10.172511
2020-02-07,-1.256454,107.785871,-12.334091
2020-02-10,0.179391,107.979229,-13.361745
2020-02-11,0.907875,108.959545,-11.731628
2020-02-12,0.597446,109.610520,-12.371967
2020-02-13,0.573260,110.238874,-11.690098
2020-02-14,-0.484279,109.705010,-12.075584
2020-02-17,0.764788,110.544020,-11.815133
2020-02-18,-0.595277,109.885978,-11.680456
2020-02-19,0.636429,110.585324,-10.579392
2020-02-20,-0.803901,109.696327,-10.969084
2020-02-21,0.745478,110.514089,-11.291362
2020-02-24,-0.960340,109.452778,-11.950546
2020-02-25,-0.141043,109.298402,-11.949395
2020-02-26,-0.226884,109.050422,-11.694117
2020-02-27,0.077769,109.135230,-11.769983
2020-02-28,-0.936246,108.113455,-12.950221
2020-03-02,1.851812,110.115513,-11.285641
2020-03-03,0.659800,110.842054,-9.192960
2020-03-04,0.313771,111.189844,-9.621474
2020-03-05,-0.510197,110.622557,-10.386424
2020-03-06,-0.715794,109.830727,-11.059225
2020-03-09,-1.413333,108.278453,-12.690289
2020-03-10,0.437673,108.752359,-11.462694
2020-03-11,-1.304243,107.333964,-11.677269
2020-03-12,-1.254106,105.987883,-12.941989
2020-03-13,0.094748,106.088304,-12.225777
2020-03-16,-2.874267,103.039043,-15.151252
2020-03-17,-2.191607,100.780832,-17.449786
2020-03-18,-6.286293,94.445453,-25.249963
2020-03-19,1.175676,95.555826,-24.036290
2020-03-20,-1.965205,93.677958,-25.263712
2020-03-23,-1.535318,92.239703,-27.021946
2020-03-24,4.211354,96.124243,-22.204667
2020-03-25,0.406462,96.514952,-21.265500
2020-03-26,-1.345151,95.216680,-24.254527
2020-03-27,0.126457,95.337088,-23.792363
2020-03-30,-0.561078,94.802172,-23.831348
2020-03-31,1.929767,96.631633,-21.074335
2020-04-01,-1.890508,94.804804,-24.324359
2020-04-02,0.799945,95.563191,-22.882072
2020-04-03,-0.783849,94.814120,-23.259107
2020-04-06,1.443559,96.182818,-22.469570
2020-04-07,2.135411,98.236716,-19.204109
2020-04-08,-0.244278,97.996746,-19.460222
2020-04-09,0.025985,98.022210,-19.367808
2020-04-10,0.216462,98.234392,-18.810355
2020-04-13,0.204405,98.435188,-19.091315
2020-04-14,2.434580,100.831671,-15.348511
2020-04-15,-0.549425,100.277676,-16.858758
2020-04-16,0.673324,100.952870,-15.610421
2020-04-17,1.949151,102.920594,-13.306137
2020-04-20,-0.944248,101.948769,-11.750411
2020-04-21,-1.515302,100.403936,-12.303369
2020-04-22,0.930777,101.338473,-12.181100
2020-04-23,-0.164199,101.172076,-12.345434
2020-04-24,0.890036,102.072544,-10.565983
2020-04-27,0.031137,102.104327,-9.797713
2020-04-28,0.764234,102.884643,-9.217512
2020-04-29,0.736931,103.642831,-8.791342
2020-04-30,-1.038458,102.566544,-8.284051
2020-05-01,-1.399611,101.131011,-10.088317
2020-05-04,0.327435,101.462149,-10.103122
2020-05-05,0.478189,101.947330,-9.696126
2020-05-06,0.416213,102.371648,-9.165181
2020-05-07,1.014452,103.410159,-7.640925
2020-05-08,-0.069301,103.338495,-7.860865
2020-05-11,0.025818,103.365175,-6.764238
2020-05-12,-0.675009,102.667451,-7.579557
2020-05-13,-0.548896,102.103913,-8.833629
2020-05-14,0.182003,102.289745,-8.822704
2020-05-15,-0.333478,101.948631,-9.378584
2020-05-18,2.244982,104.237359,-6.015532
2020-05-19,0.147164,104.390759,-5.392486
2020-05-20,1.581013,106.041190,-3.366365
2020-05-21,-0.725422,105.271945,-4.652579
2020-05-22,-1.278419,103.926128,-6.673861
2020-05-25,0.218885,104.153607,-5.881795
2020-05-26,0.791987,104.978490,-5.163400
2020-05-27,-0.861205,104.074410,-6.081630
2020-05-28,0.817244,104.924951,-5.696593
2020-05-29,0.029511,104.955916,-5.895394
2020-06-01,1.475899,106.504959,-4.074921
2020-06-02,0.331341,106.857853,-3.592007
2020-06-03,0.057108,106.918878,-2.673313
2020-06-04,0.615636,107.577109,-3.146981
2020-06-05,1.860785,109.578888,-2.837688
2020-06-08,0.687852,110.332628,-1.151088
2020-06-09,0.959133,111.390865,-1.457598
2020-06-10,2.079875,113.707656,0.526879
2020-06-11,-1.724109,111.747212,-1.247752
2020-06-12,0.447643,112.247440,-1.203702
2020-06-15,-0.209268,112.012542,-0.957792
2020-06-16,0.167337,112.199980,-0.845632
2020-06-17,0.334228,112.574984,-0.598628
2020-06-18,0.593780,113.243432,0.877958
2020-06-19,-0.154421,113.068561,1.158257
2020-06-22,1.083332,114.293469,1.571346
2020-06-23,0.100217,114.408011,2.115817
2020-06-24,-0.499819,113.836177,1.727180
2020-06-25,0.701124,114.634310,2.632165
2020-06-26,-0.093365,114.527281,3.414952
2020-06-29,0.665667,115.289652,2.696058
2020-06-30,0.499291,115.865282,3.340137
2020-07-01,-0.045214,115.812895,3.069225
2020-07-02,0.346877,116.214623,2.803083
2020-07-03,-1.072893,114.967764,2.151760
2020-07-06,1.733828,116.961108,3.495694
2020-07-07,0.427114,117.460665,4.210458
2020-07-08,0.526473,118.079063,3.667746
2020-07-09,0.850155,119.082918,5.203834
2020-07-10,1.625624,121.018759,7.184636
2020-07-13,1.582367,122.933720,8.494434
2020-07-14,-0.422734,122.414037,8.247692
2020-07-15,-1.635669,120.411749,6.889271
2020-07-16,0.316961,120.793408,6.440045
2020-07-17,0.406254,121.284136,8.260267
2020-07-20,0.319994,121.672238,8.755399
2020-07-21,1.171903,123.098119,10.747941
2020-07-22,-0.921395,121.963898,11.872268
2020-07-23,-0.041535,121.913240,12.072396
2020-07-24,-1.359981,120.255243,9.910411
2020-07-27,0.350705,120.676984,9.722338
2020-07-28,0.604225,121.406144,9.705927
2020-07-29,-0.127613,121.251214,9.577540
2020-07-30,-0.647938,120.465581,9.435705
2020-07-31,-1.487674,118.673446,6.579278
2020-08-03,1.012140,119.874587,8.609846
2020-08-04,-1.319300,118.293081,7.704956
2020-08-05,0.469921,118.848966,7.778830
2020-08-06,-0.235206,118.569425,7.681681
2020-08-07,-3.105825,114.886867,4.952256
2020-08-10,2.310351,117.541157,6.944671
2020-08-11,0.043136,117.591860,7.471198
2020-08-12,0.576969,118.270328,8.947495
2020-08-13,-1.639282,116.331544,7.255781
2020-08-14,1.505814,118.083280,8.059291
2020-08-17,1.128268,119.415576,8.821203
2020-08-18,1.234335,120.889564,9.626288
2020-08-19,1.512789,122.718368,11.600422
2020-08-20,-0.850032,121.675223,11.038606
2020-08-21,-1.372325,120.005444,9.426601
2020-08-24,0.767720,120.926749,8.121976
2020-08-25,0.522909,121.559086,7.702754
2020-08-26,0.731101,122.447805,8.666098
2020-08-27,-0.205548,122.196116,8.325088
2020-08-28,0.584305,122.910113,9.193332
2020-08-31,-0.148161,122.728009,9.221606
2020-09-01,-0.243505,122.429160,7.982842
2020-09-02,-0.246305,122.127612,6.423896
2020-09-03,-1.031509,120.867855,7.046650
2020-09-04,2.142523,123.457476,10.239092
2020-09-07,0.299710,123.827490,10.724168
2020-09-08,-1.115584,122.446091,9.812772
2020-09-09,0.803689,123.430177,10.941875
2020-09-10,-1.431185,121.663662,8.967554
2020-09-11,0.739012,122.562771,9.904170
2020-09-14,0.630655,123.335719,10.457961
2020-09-15,-0.505940,122.711714,10.818704
2020-09-16,0.365693,123.160463,10.535257
2020-09-17,0.313553,123.546636,11.384060
2020-09-18,0.625721,124.319693,12.437067
2020-09-21,-1.935119,121.913959,10.375197
2020-09-22,1.072957,123.222044,12.211507
2020-09-23,-1.906562,120.872739,9.983833
2020-09-24,0.004343,120.877989,9.621232
2020-09-25,-0.187683,120.651121,9.986776
2020-09-28,0.270120,120.977024,10.183507
2020-09-29,0.027428,121.010205,8.960689
2020-09-30,0.869413,122.062283,9.840037
2020-10-01,-4.369449,116.728835,5.152510
2020-10-02,2.594794,119.757708,8.198622
2020-10-05,-0.359104,119.327653,8.388389
2020-10-06,0.199090,119.565222,8.236920
2020-10-07,1.565763,121.437330,8.898168
2020-10-08,0.216082,121.699735,8.818054
2020-10-09,1.264130,123.238178,10.031648
2020-10-12,-0.364478,122.789002,8.928264
2020-10-13,-0.395217,122.303719,8.286294
2020-10-14,0.248664,122.607845,8.129006
2020-10-15,0.586891,123.327418,8.439206
2020-10-16,-0.681063,122.487481,7.547709
2020-10-19,0.207973,122.742222,8.014446
2020-10-20,1.571773,124.671452,10.426062
2020-10-21,1.380588,126.392651,10.998491
2020-10-22,-0.859100,125.306811,9.873054
2020-10-23,-0.140532,125.130715,8.964585
2020-10-26,-0.860700,124.053716,9.122116
2020-10-27,0.113578,124.194613,7.986575
2020-10-28,-0.414850,123.679392,8.427176
2020-10-29,0.046168,123.736492,9.135812
2020-10-30,-0.452822,123.176186,9.231525
2020-11-02,0.653647,123.981324,10.208883
2020-11-03,0.135384,124.149174,10.960115
2020-11-04,0.703402,125.022442,11.049706
2020-11-05,0.451175,125.586513,11.553466
2020-11-06,0.725485,126.497624,11.607017
2020-11-09,-0.325412,126.085986,11.685983
2020-11-10,-0.079614,125.985604,11.731990
2020-11-11,-0.740468,125.052721,10.595075
2020-11-12,0.508926,125.689147,10.958726
2020-11-13,0.963231,126.899824,10.970458
2020-11-16,1.096251,128.290965,11.868156
2020-11-17,-0.089494,128.176153,12.361642
2020-11-18,-0.094093,128.055548,12.279400
2020-11-19,0.140163,128.235035,13.232813
2020-11-20,1.855015,130.613815,15.626273
2020-11-23,-0.526247,129.926463,14.450833
2020-11-24,1.235411,131.531588,15.276834
2020-11-25,0.316167,131.947448,13.942666
2020-11-26,1.107095,133.408232,14.421337
2020-11-27,0.955518,134.682972,14.848590
2020-11-30,0.839795,135.814033,15.128990
2020-12-01,1.388012,137.699149,16.112080
2020-12-02,-0.308201,137.274758,15.961323
2020-12-03,-0.097906,137.140358,15.076217
2020-12-04,0.595303,137.956758,15.751741
2020-12-07,-0.354364,137.467889,15.611354
2020-12-08,-0.164952,137.241134,14.917530
2020-12-09,-0.156426,137.026452,15.321434
2020-12-10,1.607317,139.228902,16.707277
2020-12-11,-0.944166,137.914351,15.859081
2020-12-14,0.239624,138.244827,15.994119
2020-12-15,0.394933,138.790801,16.359146
2020-12-16,-0.249163,138.444986,15.717122
2020-12-17,1.242709,140.165454,17.039197
2020-12-18,0.589913,140.992307,18.431298
2020-12-21,-1.089127,139.456722,16.825214
2020-12-22,-1.188630,137.799097,16.421341
2020-12-23,1.112570,139.332208,17.492042
2020-12-24,-0.238435,138.999991,16.943523
2020-12-25,0.099763,139.138662,17.037794
2020-12-28,-0.324145,138.687650,17.204755
2020-12-29,0.116939,138.849830,16.936373
2020-12-30,-0.121875,138.680607,15.649086
2020-12-31,-0.846981,137.506009,14.797590
2021-01-04,,,
2021-01-05,,,
2021-01-06,,,
2021-01-07,,,
2021-01-08,,,
2021-01-11,,,
2021-01-12,,,
2021-01-13,,,
2021-01-14,,,
2021-01-15,,,
2021-01-18,,,
2021-01-19,,,
2021-01-20,,,
2021-01-21,,,
2021-01-22,,,
2021-01-25,,,
2021-01-26,,,
2021-01-27,,,
2021-01-28,,,
2021-01-29,,,
2021-02-01,,,
2021-02-02,,,
2021-02-03,,,
2021-02-04,,,
2021-02-05,,,
2021-02-08,,,
2021-02-09,,,
2021-02-10,,,
2021-02-18,,,
2021-02-19,,,
2021-02-22,,,
2021-02-23,,,
2021-02-24,,,
2021-02-25,,,
2021-02-26,,,
2021-03-01,,,
2021-03-02,,,
2021-03-03,,,
2021-03-04,,,
2021-03-05,,,
2021-03-08,,,
2021-03-09,,,
2021-03-10,,,
2021-03-11,,,
2021-03-12,,,
2021-03-15,,,
2021-03-16,,,
2021-03-17,,,
2021-03-18,,,
2021-03-19,,,
2021-03-22,,,
2021-03-23,,,
2021-03-24,,,
2021-03-25,,,
2021-03-26,,,
2021-03-29,,,
2021-03-30,,,
2021-03-31,,,
2021-04-01,,,
2021-04-07,,,
2021-04-08,,,
2021-04-09,,,
2021-04-12,,,
2021-04-13,,,
2021-04-14,1.334561,137.506009,15.138112
2021-04-15,1.717477,139.888039,17.532870
2021-04-16,-1.002103,138.493217,16.476393
2021-04-19,0.637210,139.378527,17.281617
2021-04-20,-0.278814,138.990462,18.518560
2021-04-21,1.248698,140.736914,20.035007
2021-04-22,-0.088392,140.612569,20.834813
2021-04-23,1.035377,142.076003,23.241457
2021-04-26,1.912270,144.819024,27.817145
2021-04-27,0.940778,146.187879,29.335610
2021-04-28,-0.320419,145.720215,30.029102
2021-04-29,-0.142882,145.512156,31.182358
2021-04-30,-0.466696,144.834638,31.114055
2021-05-06,2.498549,148.498989,33.505996
2021-05-07,2.175496,151.764976,34.518721
2021-05-10,0.079150,151.885145,33.636445
2021-05-11,1.007931,153.423783,34.041319
2021-05-12,-0.658026,152.417529,34.647708
2021-05-13,-0.831411,151.155567,33.637067
2021-05-14,-0.579926,150.281513,32.153362
2021-05-17,1.039790,151.852277,32.597483
2021-05-18,0.219765,152.186362,32.245624
2021-05-20,-2.996669,147.693496,29.734412
2021-05-21,-1.109278,146.064218,27.863256
2021-05-24,0.639055,147.000638,29.099366
2021-05-25,-0.310163,146.545403,28.154791
2021-05-26,0.001029,146.546911,28.962970
2021-05-27,2.370402,150.062160,30.590660
2021-05-28,0.078944,150.180672,31.634584
2021-06-01,-0.071366,150.073532,31.704361
2021-06-02,-1.052297,148.502593,30.879205
2021-06-03,-2.056721,145.479503,28.744745
2021-06-04,0.911407,146.811474,30.596809
2021-06-07,0.363736,147.346453,29.125670
2021-06-08,0.433230,147.986186,28.901268
2021-06-09,-0.177521,147.723713,28.410468
2021-06-10,-0.659678,146.752419,28.262292
2021-06-11,0.784562,147.908311,29.765222
2021-06-15,-3.317995,143.081244,27.870643
2021-06-16,0.664419,144.035067,28.098343
2021-06-17,-3.836536,138.613771,25.574630
2021-06-18,-0.342034,138.140474,26.494632
2021-06-21,-0.014014,138.121116,26.385915
2021-06-22,1.107628,139.659488,30.409926
2021-06-23,1.846937,142.262879,34.472842
2021-06-24,-0.324790,141.801572,40.640625
2021-06-25,-0.373802,141.272505,39.098004
2021-06-28,-0.610905,140.412095,40.471871
2021-06-29,-0.359830,139.907758,41.659268
2021-06-30,0.358989,140.410914,37.893167
2021-07-02,0.186757,140.673386,37.674285
2021-07-05,1.271483,142.473443,40.300048
2021-07-06,-1.696321,140.077019,38.477350
2021-07-07,1.130822,141.670031,40.170831
2021-07-08,-0.743314,140.620882,37.516134
2021-07-09,1.218892,142.345387,40.643633
2021-07-12,-0.162039,142.114919,39.684831
2021-07-13,-0.496214,141.411471,39.975553
2021-07-14,-0.378249,140.877593,38.164065
2021-07-15,0.933234,142.198465,36.984368
2021-07-16,0.246776,142.549810,37.475721
2021-07-19,-2.055344,139.649825,35.394395
2021-07-20,1.296003,141.471469,36.474168
2021-07-21,0.063921,141.561928,36.333893
2021-07-22,0.894180,142.833422,34.822657
2021-07-23,1.214684,144.578977,36.588281
2021-07-26,1.874061,147.314023,37.791275
2021-07-27,-0.600649,146.431835,35.260227
2021-07-28,-0.684130,145.433470,35.524831
2021-07-29,1.475066,147.594609,38.526798
2021-07-30,-1.069316,146.024764,36.531009
2021-08-02,-0.778264,144.892716,35.917079
2021-08-03,-0.356750,144.376733,34.674231
2021-08-04,-1.038071,142.885752,33.605027
2021-08-05,0.170230,143.129193,33.013928
2021-08-06,0.158423,143.356123,32.438123
2021-08-09,-0.804345,142.207669,32.677665
2021-08-10,1.314717,144.089641,35.401880
2021-08-11,0.133974,144.282813,35.208954
2021-08-12,-0.169123,144.039004,34.562782
2021-08-13,0.342284,144.532871,34.489716
2021-08-16,-0.513294,143.792894,32.967082
2021-08-17,-1.657585,141.429050,31.378822
2021-08-18,-1.375223,139.497398,29.977784
2021-08-19,-1.505352,137.413198,29.149730
2021-08-20,1.338949,139.265463,31.039087
2021-08-23,1.668031,141.607936,32.525280
2021-08-24,1.640830,143.950649,34.500146
2021-08-25,0.293324,144.373511,32.573317
2021-08-26,-0.336100,143.889087,32.090162
2021-08-27,0.945123,145.255462,31.466640
2021-08-31,0.933121,146.617215,33.127826
2021-09-01,-1.889183,143.873347,32.525304
2021-09-02,0.598886,144.737570,32.905544
2021-09-03,0.749602,145.826602,32.866279
2021-09-06,-0.302992,145.385428,33.428222
2021-09-07,-0.922061,144.051048,31.692239
2021-09-08,-1.032553,142.571297,30.630179
2021-09-09,1.055563,144.084198,30.220629
2021-09-10,1.885938,146.827322,31.775774
2021-09-13,-1.082185,145.246945,30.636497
2021-09-14,-0.739528,144.176765,29.283220
2021-09-15,1.394634,146.201590,28.834169
2021-09-16,-2.255015,142.941617,25.893658
2021-09-17,-0.783666,141.825809,24.155429
2021-09-23,0.404636,142.400850,22.501523
2021-09-24,0.677505,143.368898,24.918173
2021-09-27,-0.177205,143.115066,24.294324
2021-09-28,-0.873726,141.870080,23.630086
2021-09-29,-0.733809,140.832835,22.729080
2021-09-30,-1.677384,138.490230,20.718025
2021-10-08,3.530854,143.467470,23.656855
2021-10-11,1.499705,145.635273,25.311100
2021-10-12,-0.926460,144.292251,23.307133
2021-10-15,5.799751,152.908281,29.006717
2021-10-18,-0.080462,152.785297,29.427328
2021-10-19,-0.521731,151.990245,28.206919
2021-10-20,0.867313,153.314210,29.167642
2021-10-21,-3.329796,148.293218,25.174384
2021-10-22,-0.447784,147.630669,24.228552
2021-10-25,0.602948,148.523494,24.876724
2021-10-26,-0.910380,147.177502,23.620067
2021-10-27,-1.135973,145.515066,23.562785
2021-10-28,0.712846,146.556070,22.556662
2021-10-29,-0.262078,146.172482,21.868380
2021-11-01,-0.346170,145.667351,20.997118
2021-11-02,-0.518669,144.913775,19.631887
2021-11-03,-0.285365,144.500832,17.733970
2021-11-04,0.037171,144.554554,16.201163
2021-11-05,0.597357,145.420646,17.222150
2021-11-08,1.734406,147.964830,20.605750
2021-11-09,-1.042427,146.430417,19.246863
2021-11-10,-0.932142,145.071819,17.909290
2021-11-11,1.152998,146.754175,18.742805
2021-11-12,0.783895,147.909094,18.361610
2021-11-15,-0.186086,147.634111,19.101191
2021-11-16,-1.000169,146.164880,18.142566
2021-11-17,-1.194252,144.429685,18.317627
2021-11-18,1.071424,145.985458,19.038959
2021-11-19,1.074698,147.562822,19.511251
2021-11-22,-0.164942,147.319630,19.474004
2021-11-23,0.746542,148.423549,20.870592
2021-11-24,1.266554,150.315368,23.635997
2021-11-25,-0.434940,149.663006,22.194006
2021-11-26,-2.190918,146.419672,21.331168
2021-11-29,1.549808,148.706571,22.412155
2021-11-30,-1.125619,147.042087,21.522019
2021-12-01,-0.143548,146.831162,24.533549
2021-12-02,0.713158,147.882043,22.962641
2021-12-03,-0.459420,147.204202,22.460094
2021-12-06,1.317702,149.156751,23.202485
2021-12-07,-0.373342,148.600924,24.482010
2021-12-08,0.909995,149.959356,23.897416
2021-12-09,-1.226937,148.130690,21.548528
2021-12-10,-1.770262,145.531463,18.551487
2021-12-13,0.262140,145.913460,17.312166
2021-12-14,-0.517901,145.159725,17.647930
2021-12-15,-0.898952,143.860657,18.130806
2021-12-16,1.672676,146.287216,19.038694
2021-12-17,-0.111796,146.123765,18.405352
2021-12-20,-0.344354,145.621447,17.332557
2021-12-21,1.236163,147.432737,18.774479
2021-12-22,0.443183,148.087584,18.635058
2021-12-23,-0.001409,148.085496,18.781919
2021-12-24,-0.195441,147.796359,18.830280
2021-12-29,0.874598,149.094653,19.951486
2021-12-30,-0.166183,148.847089,20.822169
2021-12-31,1.088396,150.475983,19.790672
2022-01-04,0.262168,150.871001,19.753579
2022-01-05,-0.830934,149.622557,20.044498
2022-01-06,-1.189728,147.853003,18.054293
2022-01-07,0.781822,149.013481,20.277641
2022-01-10,-1.096850,147.387957,18.444496
2022-01-11,1.369886,149.420896,19.185707
2022-01-12,1.662560,151.925874,21.355492
2022-01-13,-0.244972,151.554154,20.745493
2022-01-14,-1.580824,149.177187,18.851607
2022-01-17,0.252446,149.554255,18.480282
2022-01-18,-0.774248,148.400805,19.660121
2022-01-19,0.944090,149.808477,19.536969
2022-01-20,1.594912,152.216945,23.056852
2022-01-21,-0.887461,150.872055,22.165048
2022-01-24,-2.215521,147.566209,20.137387
2022-01-25,1.032507,149.097734,20.900138
2022-01-26,0.693357,150.135106,21.566072
2022-01-27,-1.097133,148.496927,19.603283
2022-01-28,-1.674524,146.031014,22.396543
2022-02-07,2.886277,150.307290,22.721119
2022-02-08,-0.405497,149.699032,22.675373
2022-02-09,1.926004,152.610186,24.402485
2022-02-10,0.569229,153.481365,23.418083
2022-02-11,-2.727190,149.352198,20.475044
2022-02-14,-0.075774,149.239070,19.143063
2022-02-15,0.808572,150.450667,20.316779
2022-02-16,-0.171495,150.192873,20.541284
2022-02-17,-0.214552,149.870976,20.078376
2022-02-18,0.399437,150.470813,19.892638
2022-02-21,-0.256563,150.085256,20.319468
2022-02-22,-0.099860,149.935456,20.011851
2022-02-23,-0.683695,148.913851,17.768607
2022-02-24,0.002322,148.917309,16.399784
2022-02-25,0.228159,149.257465,17.490755
2022-02-28,0.198502,149.554039,17.829888
2022-03-01,1.614477,151.988150,20.308789
2022-03-02,1.951400,154.983175,22.146676
2022-03-03,1.174831,156.814702,23.737220
2022-03-04,1.585133,159.320229,25.276196
2022-03-07,-1.889308,156.338436,23.840738
2022-03-08,-0.019732,156.307591,23.169486
2022-03-09,-2.729333,152.099129,20.304861
2022-03-10,1.130609,153.828534,20.734531
2022-03-11,-0.460314,153.122066,19.824055
2022-03-14,-1.659304,150.602268,17.441885
2022-03-15,0.599598,151.507990,18.367426
2022-03-16,1.798419,154.257388,20.245491
2022-03-17,0.723766,155.377901,21.712480
2022-03-18,0.500215,156.157071,21.705059
2022-03-21,-0.666392,155.119912,20.080046
2022-03-22,-0.051444,155.040133,18.938316
2022-03-23,1.269186,157.020422,20.297036
2022-03-24,-0.620575,156.049010,19.770598
2022-03-25,0.066339,156.152566,19.696872
2022-03-28,0.770711,157.360701,18.629563
2022-03-29,0.194349,157.666828,19.351550
2022-03-30,-0.092684,157.520764,18.031025
2022-03-31,-0.160218,157.268589,17.555138
2022-04-01,-0.985068,155.726993,15.469059
2022-04-06,0.422979,156.387080,14.941056
2022-04-07,0.149552,156.621136,14.254320
2022-04-08,0.705023,157.729253,13.580875
2022-04-11,-1.053175,156.076805,12.836377
2022-04-12,1.022865,157.681452,13.957196
2022-04-13,0.104846,157.846861,13.468504
2022-04-14,0.470491,158.591266,14.293989
2022-04-19,0.899114,160.023612,15.358190
2022-04-20,-1.113890,158.251016,14.400850
2022-04-21,-0.196966,157.939623,12.609347
2022-04-22,-2.618063,153.858323,10.939935
2022-04-25,-1.790046,151.128691,8.910551
2022-04-26,-0.778641,149.956510,7.737755
2022-04-27,0.218403,150.284377,8.205631
2022-04-28,-0.440478,149.623863,6.530102
2022-04-29,-0.443044,148.962430,5.498880
2022-05-05,-2.610683,145.123818,3.983298
2022-05-06,-0.349215,144.617908,4.829834
2022-05-10,-1.646952,142.255627,2.076456
2022-05-11,0.012608,142.273563,2.327784
2022-05-12,-2.514031,138.741348,-0.285961
2022-05-13,1.212396,140.433681,1.251107
2022-05-16,1.287395,142.253304,2.421631
2022-05-17,-0.357524,141.745622,2.186056
2022-05-18,-0.647728,140.830464,2.388916
2022-05-19,2.317057,144.131684,4.705974
2022-05-20,-0.047168,144.063715,2.941329
2022-05-23,0.361495,144.585441,4.304927
2022-05-24,0.113561,144.749727,3.781278
2022-05-25,-0.070441,144.647800,3.989651
2022-05-26,0.365571,145.177558,3.106524
2022-05-27,0.656257,146.133429,3.851173
2022-05-30,1.258364,147.983939,4.074160
2022-05-31,-0.660657,147.009494,1.501232
2022-06-01,1.126111,148.674341,1.686565
2022-06-06,1.315601,150.643224,3.322584
2022-06-07,-0.383381,150.066793,3.082085
2022-06-08,0.211915,150.385144,3.760696
2022-06-09,-0.234728,150.032561,1.027419
2022-06-10,-1.754355,147.423411,-2.902432
2022-06-13,-0.577721,146.574171,-3.559302
2022-06-14,-1.292058,144.692530,-5.859291
2022-06-15,0.066840,144.789275,-5.134425
2022-06-16,-0.603547,143.918035,-4.906561
2022-06-17,-1.218064,142.175654,-5.544699
2022-06-20,0.002797,142.179631,-6.581692
2022-06-21,-0.131576,141.992679,-6.933034
2022-06-22,-1.238717,140.244641,-5.175082
2022-06-23,-3.315563,135.670983,-7.381366
2022-06-24,0.682777,136.600482,-7.337645
2022-06-27,-0.496108,135.924475,-7.523590
2022-06-28,-0.282191,135.541449,-7.806810
2022-06-29,0.207488,135.822973,-9.969724
2022-06-30,-1.347664,134.004814,-11.396332
2022-07-04,-2.759494,130.357514,-14.084460
2022-07-05,-3.572173,125.783107,-16.604336
2022-07-06,0.106322,125.916913,-14.441293
2022-07-07,2.644105,129.290695,-12.708596
2022-07-08,-0.829378,128.222821,-13.901709
2022-07-11,-1.840344,125.884661,-16.175284
2022-07-12,-3.358301,121.727274,-19.356064
2022-07-13,1.586247,123.673565,-17.110139
2022-07-14,-3.389117,119.552354,-21.283818
2022-07-15,0.428788,120.066081,-17.537034
2022-07-18,2.449964,123.043987,-15.751489
2022-07-19,-0.856153,121.995039,-12.771106
2022-07-20,0.270874,122.325940,-12.158197
2022-07-21,-0.473813,121.747714,-12.617997
2022-07-22,1.178514,123.191016,-12.547111
2022-07-25,0.678625,124.029864,-13.715423
2022-07-26,0.961427,125.228071,-12.429206
2022-07-27,1.064550,126.568308,-10.990854
2022-07-28,1.025304,127.872694,-9.354645
2022-07-29,1.356306,129.618853,-7.638509
2022-08-01,-1.111015,128.186738,-9.108513
2022-08-02,-0.303549,127.798219,-9.598818
2022-08-03,-0.269871,127.453794,-11.140172
2022-08-04,0.580925,128.196360,-8.862926
2022-08-05,1.144164,129.671559,-8.849584
2022-08-08,0.649985,130.517150,-7.456285
2022-08-09,0.596891,131.298524,-8.078287
2022-08-10,1.245446,132.944002,-6.670802
2022-08-11,0.851006,134.080191,-5.323581
2022-08-12,-0.320273,133.651456,-5.265605
2022-08-15,-0.794725,132.593504,-6.993564
2022-08-16,-0.199498,132.329246,-7.439837
2022-08-17,-1.143832,130.824245,-6.528325
2022-08-18,1.054278,132.210793,-6.770050
2022-08-19,0.914269,133.425097,-5.919702
2022-08-22,-0.525416,132.725899,-7.339298
2022-08-23,0.441881,133.313687,-8.112101
2022-08-24,-1.155431,131.782203,-11.141594
2022-08-25,1.161351,133.321579,-9.379593
2022-08-26,-0.144752,133.128733,-8.840215
2022-08-30,-2.630060,129.673011,-12.945341
2022-08-31,-0.588926,128.911577,-12.464951
2022-09-01,-2.095717,126.238067,-13.782404
2022-09-02,0.413971,126.761740,-13.011683
2022-09-05,0.993861,128.027857,-10.979750
2022-09-06,-0.239675,127.721374,-11.389655
2022-09-07,-0.661195,126.879672,-12.209273
2022-09-08,2.360909,129.910826,-9.044019
2022-09-09,0.303568,130.305793,-10.055167
2022-09-13,-0.313659,129.897718,-10.502800
2022-09-14,-0.563311,129.168048,-10.896987
2022-09-15,-0.770619,128.176480,-12.009890
2022-09-16,0.928728,129.372436,-10.567868
2022-09-19,-0.731242,128.429861,-9.641525
2022-09-20,-0.358312,127.970505,-8.624614
2022-09-21,-0.996130,126.702080,-8.115393
2022-09-22,0.402195,127.212696,-9.052146
2022-09-23,-2.411081,124.182175,-13.131258
2022-09-26,-1.491459,122.343792,-16.263547
2022-09-27,-0.273763,122.009319,-16.830634
2022-09-28,2.010265,124.486849,-14.484270
2022-09-29,0.368014,124.945822,-15.061378
2022-09-30,-0.233925,124.653884,-16.228424
2022-10-10,0.799368,125.654321,-13.539873
2022-10-11,0.196964,125.902059,-13.941795
2022-10-12,-0.786310,124.915960,-15.477707
2022-10-13,0.683314,125.772452,-14.491401
2022-10-14,-1.121667,124.369586,-14.691007
2022-10-17,0.235059,124.662272,-13.423394
2022-10-18,-1.223352,123.146504,-15.702310
2022-10-19,-0.543297,122.479267,-18.131545
2022-10-20,1.825727,124.735942,-15.223632
2022-10-21,1.020926,126.015927,-13.463178
2022-10-24,-0.447384,125.453412,-15.305195
2022-10-25,-0.523745,124.798073,-13.573926
2022-10-26,2.722357,128.242189,-10.067903
2022-10-27,-0.226468,127.952090,-10.699007
2022-10-28,-1.768127,125.709618,-13.144639
2022-10-31,-1.043779,124.404311,-14.011213
2022-11-01,2.218932,127.195612,-10.918555
2022-11-02,-0.213202,126.924717,-10.397948
2022-11-03,-0.457066,126.345911,-9.177631
2022-11-04,6.112556,134.309795,-6.595928
2022-11-07,-2.065354,131.564273,-10.160987
2022-11-08,1.198820,133.150984,-8.035706
2022-11-09,0.530587,133.859343,-13.304871
2022-11-10,1.270765,135.571235,-11.953643
2022-11-11,3.264583,140.070106,-8.167329
2022-11-14,-1.566940,137.892397,-10.601583
2022-11-15,-0.253371,137.543459,-7.525158
2022-11-16,-0.817713,136.423335,-7.895086
2022-11-17,-1.466865,134.436794,-9.964900
2022-11-18,-0.696401,133.503828,-9.750920
2022-11-21,-1.351778,131.711296,-9.966726
2022-11-22,1.573760,133.800512,-9.105811
2022-11-23,0.434761,134.383490,-8.408973
2022-11-24,0.207367,134.662446,-7.855436
2022-11-25,-0.459823,134.044659,-7.796589
2022-11-28,0.480504,134.690298,-7.030721
2022-11-29,1.184728,136.295502,-5.883163
2022-11-30,2.195334,139.320730,-4.285187
2022-12-01,0.170912,139.559050,-5.848681
2022-12-02,1.112766,141.120688,-3.693487
2022-12-05,-1.282373,139.322549,-4.043719
2022-12-06,0.245908,139.665576,-4.950808
2022-12-07,0.923171,140.960898,-4.811533
2022-12-08,0.179809,141.214585,-4.445638
2022-12-09,-0.367689,140.696308,-3.813158
2022-12-12,-2.025411,137.875294,-4.644317
2022-12-13,0.621155,138.734378,-5.094586
2022-12-14,0.515175,139.450947,-5.654109
2022-12-15,-2.027391,136.652198,-7.516558
2022-12-16,0.049856,136.720344,-8.213245
2022-12-19,0.137662,136.908685,-9.342137
2022-12-20,0.911880,138.162837,-7.995318
2022-12-21,0.387296,138.698973,-5.417104
2022-12-22,-1.179406,137.072757,-8.146318
2022-12-23,0.758675,138.116649,-6.262024
2022-12-28,-0.117963,137.953819,-6.236438
2022-12-29,0.260136,138.313154,-6.689461
2022-12-30,-1.545698,136.191688,-7.775739
2023-01-03,-0.217590,135.895671,-9.311031
2023-01-04,-0.622017,135.053000,-9.559706
2023-01-05,2.317712,138.219695,-8.151988
2023-01-06,1.440200,140.224739,-5.484851
2023-01-09,1.739820,142.685744,-1.974769
2023-01-10,1.482361,144.816616,-0.754548
2023-01-11,1.880222,147.565249,1.643575
2023-01-12,-0.204780,147.263375,2.337748
2023-01-13,1.211390,149.058157,1.876462
2023-01-16,-1.395417,146.992620,0.592841
2023-01-17,1.786414,149.642111,2.723609
2023-01-18,-0.222611,149.309362,1.264836
2023-01-19,0.288789,149.741174,1.110442
2023-01-20,0.348045,150.263248,1.459896
2023-01-30,-0.658239,149.277405,0.997098
2023-01-31,1.304614,151.237658,1.427114
2023-02-01,-1.859183,148.451850,-0.265886
2023-02-02,-0.258735,148.068250,-1.613018
2023-02-03,-0.886338,146.761663,-2.761524
2023-02-06,0.451373,147.425603,-1.479218
2023-02-07,0.094562,147.565077,-0.194928
2023-02-08,-0.446663,146.907429,-1.423413
2023-02-09,-0.062412,146.815769,-0.388974
2023-02-10,-1.034735,145.304447,-2.793596
2023-02-13,0.637281,146.233401,-3.818875
2023-02-14,0.469060,146.920934,-3.104843
2023-02-15,-1.232938,145.120612,-2.756957
2023-02-16,1.577605,147.428196,-1.431798
2023-02-17,0.009408,147.442068,-0.648142
2023-02-20,0.183166,147.712379,-1.409066
2023-02-21,0.381785,148.277402,-2.622192
2023-02-22,-0.664519,147.295336,-2.399250
2023-02-23,-2.068563,144.279737,-2.252292
2023-02-24,-1.595463,141.996074,-4.880262
2023-02-27,1.146941,143.634061,-4.426678
2023-02-28,1.533273,145.853334,-1.796271
2023-03-01,1.142179,147.528791,1.020432
2023-03-02,-1.728268,145.001005,-3.594112
2023-03-03,-0.116107,144.832746,-3.304723
2023-03-06,0.476190,145.524069,-4.754537
2023-03-07,-1.521873,143.326144,-6.845640
2023-03-08,0.493027,144.034526,-3.625423
2023-03-09,-0.417617,143.434267,-3.967266
2023-03-10,-0.659975,142.490753,-5.435813
2023-03-13,1.258291,144.295029,-4.006027
2023-03-14,-1.229567,142.531687,-5.021043
2023-03-15,-2.255064,139.353476,-7.675543
2023-03-16,0.159915,139.576502,-7.259066
2023-03-17,0.606161,140.425129,-6.553045
2023-03-20,0.777265,141.520857,-5.092086
2023-03-21,0.640576,142.430316,-4.453831
2023-03-22,1.033290,143.909663,-3.648701
2023-03-23,0.579993,144.746755,-3.267210
2023-03-24,-0.281050,144.340515,-5.162736
2023-03-27,0.499035,145.062625,-6.615101
2023-03-28,-0.208624,144.760304,-7.998557
2023-03-29,0.195805,145.044030,-9.387885
2023-03-30,0.042585,145.105810,-7.455992
2023-03-31,-0.119701,144.932221,-7.555961
2023-04-03,-0.788961,143.793260,-5.615589
2023-04-04,-1.203036,142.073739,-7.949235
2023-04-06,1.268898,143.887996,-6.220023
2023-04-11,0.187836,144.158524,-4.372882
2023-04-12,0.460737,144.824248,-4.511743
2023-04-13,0.957481,146.217572,-5.352682
2023-04-14,-0.252707,145.848537,-6.329155
2023-04-17,-0.622070,144.944073,-7.451440
2023-04-18,0.053387,145.021475,-6.731661
2023-04-19,-0.111842,144.859370,-6.792060
2023-04-20,-0.901423,143.559442,-8.962669
2023-04-21,-0.838836,142.360251,-9.180930
2023-04-24,-0.407747,141.780963,-9.655016
2023-04-25,-2.080803,138.861262,-12.506530
2023-04-26,0.124485,139.034231,-12.576395
2023-04-27,0.508110,139.742476,-11.975601
2023-04-28,0.281395,140.136257,-11.533989
2023-05-04,-0.527887,139.398445,-11.076809
2023-05-05,0.434063,140.004836,-11.065725
2023-05-09,0.358361,140.507459,-10.856916
2023-05-10,-1.218798,138.805351,-12.780737
2023-05-11,-3.014272,134.683810,-14.741834
2023-05-12,0.742692,135.687820,-15.022006
2023-05-15,0.528788,136.407221,-14.598064
2023-05-16,-2.082921,133.595353,-17.151476
2023-05-17,1.771261,135.982756,-16.279329
2023-05-18,-1.480377,133.984527,-16.645816
2023-05-19,1.004840,135.337643,-15.444011
2023-05-22,-0.906089,134.116903,-13.732037
2023-05-23,-0.479951,133.474750,-12.421941
2023-05-24,-1.434654,131.573519,-13.077954
2023-05-25,0.992048,132.885287,-12.304309
2023-05-30,1.524342,134.926431,-10.339489
2023-05-31,0.139807,135.115200,-9.756638
2023-06-01,1.447215,137.084826,-5.698740
2023-06-02,0.249011,137.426607,-5.100514
2023-06-05,0.749267,138.460166,-2.704295
2023-06-06,-0.035435,138.411112,-2.752338
2023-06-07,-0.266557,138.042659,-0.504863
2023-06-08,0.378543,138.566200,-1.338716
2023-06-09,-0.660905,137.653429,-3.287016
2023-06-12,-0.228788,137.338854,-3.158280
2023-06-13,1.313606,139.154848,-1.196946
2023-06-14,0.915496,140.434653,-2.598507
2023-06-15,0.401802,141.000058,-2.149537
2023-06-16,0.576452,141.815203,-1.934580
2023-06-19,-0.269349,141.433738,-2.317490
2023-06-20,0.573620,142.247363,-1.673429
2023-06-21,0.263283,142.622370,-1.775717
2023-06-26,-1.579123,140.387876,-4.011097
2023-06-27,-0.325775,139.931271,-5.595236
2023-06-28,-0.505546,139.225640,-5.440125
2023-06-29,-0.725449,138.219283,-7.291685
2023-06-30,1.443445,140.228872,-7.163840
2023-07-03,0.559860,141.016158,-6.220600
2023-07-04,-0.243684,140.672943,-6.676198
2023-07-05,-1.081102,139.160317,-7.522572
2023-07-06,-0.291528,138.755216,-6.059745
2023-07-07,0.938738,140.063897,-4.543286
2023-07-10,-0.120307,139.895492,-3.371535
2023-07-11,-0.865624,138.689749,-4.303999
2023-07-12,1.805391,141.216380,-1.895062
2023-07-13,1.714049,143.657760,1.037051
2023-07-14,-0.349867,143.156027,0.684387
2023-07-18,-1.709932,140.728966,-0.893969
2023-07-19,-0.431183,140.123473,-0.086435
2023-07-20,0.164442,140.354084,3.393569
2023-07-21,0.158722,140.577033,2.869514
2023-07-24,1.057970,142.072192,4.423592
2023-07-25,1.334088,143.980258,6.039871
2023-07-26,-0.375996,143.439915,5.456387
2023-07-27,-0.990697,142.025877,5.813355
2023-07-28,1.296298,143.878939,9.869147
2023-07-31,1.618785,146.226983,15.060104
2023-08-01,-1.728259,143.721515,13.225523
2023-08-02,-1.246147,141.941646,9.335271
2023-08-03,1.519454,144.114853,11.684103
2023-08-04,-0.875485,142.858656,12.648963
2023-08-07,-0.640773,141.946183,15.366491
2023-08-08,-1.066856,140.439871,12.713388
2023-08-09,0.254993,140.798440,16.357498
2023-08-10,-0.550195,140.025902,15.378516
2023-08-11,-0.133289,139.839387,12.795262
2023-08-14,-0.096460,139.704562,13.554954
2023-08-15,-1.009214,138.301734,12.274866
2023-08-16,-0.053293,138.228048,12.695386
2023-08-17,0.225475,138.540070,11.742347
2023-08-18,0.361475,139.041764,11.425197
2023-08-21,0.048151,139.108730,10.511921
2023-08-22,0.697251,140.082057,10.144622
2023-08-23,0.094052,140.213869,9.213370
2023-08-24,-1.205316,138.533993,6.651749
2023-08-25,0.190269,138.797831,7.953033
2023-08-29,0.575269,139.598593,8.831850
2023-08-30,-0.000813,139.597458,9.100908
2023-08-31,-0.130063,139.416012,8.389920
2023-09-04,0.151511,139.627402,7.397267
2023-09-05,-0.041119,139.570000,6.706163
2023-09-06,-1.230399,137.863255,4.878874
2023-09-07,-0.081295,137.751225,3.552133
2023-09-11,1.114998,139.295742,3.816125
2023-09-12,-0.190730,139.030317,3.945668
2023-09-13,-0.058025,138.949669,4.682369
2023-09-14,0.423799,139.539785,5.305665
2023-09-15,-0.088993,139.415660,6.360505
2023-09-18,-0.516546,138.697371,4.789681
2023-09-19,-0.620910,137.838853,3.254502
2023-09-20,0.122980,138.008471,3.902898
2023-09-21,-0.850549,136.839620,2.610468
2023-09-22,0.096727,136.972045,3.862627
2023-09-25,-0.420436,136.397374,2.280840
2023-09-26,0.031662,136.440567,2.457254
2023-09-27,0.073562,136.540973,5.160876
2023-09-28,1.006324,137.921955,6.756127
2023-10-09,-2.025818,135.156018,6.826026
2023-10-10,-0.633623,134.302346,5.778432
2023-10-11,0.473734,134.940092,5.258305
2023-10-12,-0.644382,134.073358,4.853597
2023-10-13,0.048053,134.137799,5.562845
2023-10-16,0.238942,134.458694,3.440878
2023-10-17,0.137859,134.644186,3.275169
2023-10-18,0.561265,135.402021,4.150093
2023-10-19,0.190881,135.660724,4.904284
2023-10-20,-0.757354,134.637172,4.917549
2023-10-24,1.362736,136.484480,5.351557
2023-10-25,-1.138796,134.939017,4.944002
2023-10-26,0.156422,135.150257,5.458736
2023-10-27,1.199560,136.781228,7.654427
2023-10-30,0.479585,137.438786,7.731817
2023-10-31,-0.157612,137.222337,9.985286
2023-11-01,-0.302194,136.808285,11.174552
2023-11-02,1.180866,138.433384,12.629180
2023-11-03,-0.358458,137.938046,10.260456
2023-11-06,0.830821,139.088839,10.723264
2023-11-07,-0.651634,138.185436,10.305555
2023-11-08,-0.610460,137.344438,8.895726
2023-11-09,0.107746,137.492501,8.806508
2023-11-10,-0.742098,136.475948,8.850720
2023-11-13,1.589751,138.662914,9.757157
2023-11-14,0.419060,139.245214,11.297884
2023-11-15,0.786091,140.344121,11.848916
2023-11-16,-0.241768,140.005224,12.830500
2023-11-17,1.024094,141.446375,14.397890
2023-11-20,1.403002,143.444857,13.975165
2023-11-21,0.118209,143.614522,13.072447
2023-11-22,-0.806644,142.460724,12.713187
2023-11-23,0.295390,142.882161,13.532323
2023-11-24,0.651309,143.815802,11.461275
2023-11-27,-0.646656,142.888809,11.041087
2023-11-28,0.740453,143.950761,13.549667
2023-11-29,0.071574,144.053829,14.665020
2023-11-30,0.492568,144.765142,12.938656
2023-12-01,1.424537,146.842133,14.576395
2023-12-04,-1.762062,144.277346,13.271399
2023-12-05,-1.394546,142.279297,5.764297
2023-12-06,-0.770776,141.186858,7.058875
2023-12-07,0.773008,142.282473,6.633063
2023-12-08,0.707983,143.293384,6.810460
2023-12-11,-0.658034,142.353560,4.881661
2023-12-12,-0.217126,142.044809,1.399951
2023-12-13,-0.056427,141.964680,2.910465
2023-12-14,1.826641,144.581694,4.990477
2023-12-15,0.131245,144.771575,5.939435
2023-12-18,-0.346291,144.271112,7.060010
2023-12-19,1.067764,145.819841,8.824174
2023-12-20,-0.227038,145.489150,9.948914
2023-12-21,0.134214,145.684548,8.509368
2023-12-22,-0.717543,144.642941,7.357065
2023-12-27,1.247902,146.459251,8.397600
2023-12-28,-0.471718,145.770003,8.385704
2023-12-29,-0.268401,145.379280,7.636799
2024-01-02,0.210109,145.685055,6.662180
2024-01-03,-0.317179,145.223706,4.149667
2024-01-04,-0.251192,144.859373,3.727562
2024-01-05,-0.304406,144.419082,2.310390
2024-01-08,0.457444,145.081233,4.050207
2024-01-09,-1.054147,143.559896,2.750152
2024-01-10,0.452957,144.211635,2.279938
2024-01-11,0.057227,144.294186,2.157356
2024-01-12,-0.763420,143.196810,1.761626
2024-01-15,0.220493,143.512898,4.007530
2024-01-16,0.141045,143.715458,3.527420
2024-01-17,-0.437543,143.088014,2.574702
2024-01-18,0.048344,143.157206,4.650437
2024-01-19,0.818140,144.333236,5.418721
2024-01-22,-0.081407,144.215787,5.199653
2024-01-23,1.124102,145.846065,5.411875
2024-01-24,1.269803,147.709832,6.294383
2024-01-25,-0.032639,147.661629,7.441151
2024-01-26,0.210526,147.972823,6.893002
2024-01-29,-0.098623,147.826959,6.912341
2024-01-30,0.633250,148.766045,7.285456
2024-01-31,0.188389,149.046568,9.019543
2024-02-01,-0.889250,147.727047,8.347883
2024-02-02,-0.407084,147.126896,8.562816
2024-02-05,-1.001596,145.660634,5.243508
2024-02-06,0.373806,146.206142,4.177114
2024-02-07,-0.815700,145.018388,1.621593
2024-02-08,-0.665214,144.056907,-0.525982
2024-02-19,1.774095,146.635419,-0.632108
2024-02-20,1.137606,148.313077,0.710278
2024-02-21,-0.028926,148.270182,-0.530038
2024-02-22,0.722720,149.345642,1.588098
2024-02-23,-0.345591,148.830407,-0.543906
2024-02-26,-0.867723,147.544559,-1.189018
2024-02-27,0.565447,148.381208,-0.912360
2024-02-28,0.219451,148.707190,-1.040954
2024-02-29,0.024443,148.743543,-0.358272
2024-03-01,-0.126089,148.556113,-1.788974
2024-03-04,-0.825621,147.334651,-0.755412
2024-03-05,-0.615970,146.429903,-1.112648
2024-03-06,0.805604,147.614314,0.579295
2024-03-07,1.462571,149.789143,1.590493
2024-03-08,0.082398,149.912617,1.578329
2024-03-11,1.105041,151.578399,3.130033
2024-03-12,0.126657,151.770505,3.319102
2024-03-13,3.343887,156.931345,7.697724
2024-03-14,-0.219233,156.587677,6.841210
2024-03-15,1.335733,158.693302,7.707884
2024-03-18,-0.426743,158.017532,8.514079
2024-03-19,-1.171188,156.177646,5.765286
2024-03-20,0.091235,156.320200,5.847113
2024-03-21,-0.623524,155.348538,5.040423
2024-03-22,-0.955584,153.871123,3.703054
2024-03-25,-0.070184,153.763168,4.297388
2024-03-26,-0.065678,153.662212,6.300273
2024-03-27,-0.163881,153.410595,7.731855
2024-03-28,0.568632,154.285422,7.153546
2024-04-02,0.866971,155.628847,6.487243
2024-04-03,2.465416,159.513434,7.810480
2024-04-08,1.734833,162.304869,11.273580
2024-04-09,-0.244177,161.909041,11.145510
2024-04-10,-0.332950,161.370862,10.336371
2024-04-11,-0.185529,161.071749,11.672715
2024-04-12,0.552798,161.964616,11.732486
2024-04-15,1.014639,163.616337,13.164742
2024-04-16,-1.322461,161.466819,12.502256
2024-04-17,0.999290,163.088431,12.243256
2024-04-18,1.628457,165.765998,15.101281
2024-04-19,1.072694,167.553731,18.429038
2024-04-22,-0.122860,167.348001,18.146263
2024-04-23,-0.970071,165.732456,16.570032
2024-04-24,0.483161,166.535149,16.275929
2024-04-25,0.789300,167.854812,16.424652
2024-04-26,0.846844,169.282317,16.238207
2024-04-29,1.762715,172.292737,17.420929
2024-04-30,-1.688424,169.408125,16.013555
2024-05-07,0.736905,170.661113,16.251425
2024-05-08,-0.703076,169.465443,15.756973
2024-05-09,0.354388,170.067073,15.915556
2024-05-10,0.611895,171.110895,16.484865
2024-05-13,1.398830,173.521265,18.003396
2024-05-14,-0.966180,171.852810,17.826178
2024-05-16,2.671778,176.506222,21.700992
2024-05-17,2.747158,181.422345,23.179252
2024-05-20,2.208344,185.473340,25.199760
2024-05-21,-0.854860,183.894561,23.884163
2024-05-22,-2.697126,179.000981,20.229556
2024-05-23,-0.664075,177.816219,19.818188
2024-05-24,-0.393451,177.117974,20.046807
2024-05-28,1.679031,180.116947,21.672451
2024-05-29,-0.227136,179.708300,21.557157
2024-05-30,-2.669871,174.973805,19.788710
2024-05-31,-0.445578,174.195894,20.181967
2024-06-03,0.736883,175.484256,21.326597
2024-06-04,-2.738629,170.743604,20.668771
2024-06-05,-0.308683,170.217360,20.235604
2024-06-06,1.390831,172.601336,21.118325
2024-06-07,-3.464332,166.724242,17.372599
2024-06-11,1.010079,168.416822,18.910565
2024-06-12,0.875115,169.897130,19.351617
2024-06-13,-1.806523,166.855457,17.186733
2024-06-14,0.070875,166.973757,18.476405
2024-06-17,-0.480172,166.173918,21.010505
2024-06-18,-0.760829,164.914416,19.506984
2024-06-19,-0.422282,164.219481,18.555915
2024-06-20,0.924297,165.744394,21.563132
2024-06-21,-1.726683,162.907080,18.065189
2024-06-24,-0.725249,161.729872,18.820316
2024-06-25,-0.597830,160.765886,17.217647
2024-06-26,1.051411,162.465114,19.175146
2024-06-27,-0.126957,162.258984,19.528140
2024-06-28,0.520852,163.106318,21.483647
2024-07-02,1.046442,164.822092,21.538041
2024-07-03,1.513490,167.335631,21.527189
2024-07-04,0.349400,167.921324,21.736781
2024-07-05,0.574867,168.889429,20.864433
2024-07-08,-0.165905,168.609466,20.449518
2024-07-09,0.013252,168.631811,19.713503
2024-07-10,-0.330165,168.075966,19.418773
2024-07-11,-0.534526,167.179953,19.150803
2024-07-12,0.631296,168.238692,19.403556
2024-07-15,-0.504768,167.391617,19.559694
2024-07-16,-1.073486,165.604302,18.714996
2024-07-17,-0.159756,165.339949,17.241633
2024-07-18,-2.079592,161.937058,14.246545
2024-07-19,-0.534208,161.074283,13.310534
2024-07-22,0.167480,161.344276,12.901562
2024-07-23,-0.614322,160.356141,12.556590
2024-07-24,-0.242425,159.967868,11.740544
2024-07-25,0.153348,160.213365,11.630609
2024-07-26,-0.276142,159.771558,12.933590
2024-07-29,-0.024767,159.731992,13.234598
2024-07-30,0.081104,159.861594,13.821248
2024-07-31,1.058830,161.563250,15.605527
2024-08-01,-2.344565,157.819354,11.817516
2024-08-02,1.195568,159.717516,12.453225
2024-08-05,-2.092602,156.409991,10.604306
2024-08-06,0.996042,157.975684,12.681449
2024-08-07,-1.618054,155.440120,11.354923
2024-08-08,0.407433,156.074726,10.823618
2024-08-09,-0.080051,155.949837,10.863874
2024-08-12,1.232707,157.884139,12.962205
2024-08-13,-0.374396,157.294133,10.782419
2024-08-14,-0.440634,156.602566,8.627736
2024-08-15,1.448716,158.887806,10.426320
2024-08-16,0.109270,159.061517,12.245521
2024-08-19,0.890024,160.483521,13.566729
2024-08-20,-0.612057,159.504271,12.790230
2024-08-21,0.976568,161.069570,13.608076
2024-08-22,-0.687188,159.966514,11.862918
2024-08-23,1.511407,162.402622,12.040238
2024-08-27,0.932224,163.923658,13.348458
2024-08-28,-1.391537,161.658397,12.947618
2024-08-29,0.224241,162.021307,11.875561
2024-08-30,-0.612007,161.032753,9.644769
2024-09-02,0.048181,161.110359,11.421209
2024-09-03,-1.990644,157.934936,10.676712
2024-09-04,-0.052041,157.852766,9.105217
2024-09-05,0.810272,159.136999,10.790974
2024-09-09,0.099149,159.294861,11.530896
2024-09-10,-0.808128,158.012741,11.789624
2024-09-11,0.856007,159.371147,12.390637
2024-09-12,1.168948,161.245044,14.109780
2024-09-13,0.368919,161.841006,14.611988
2024-09-19,2.517010,165.966259,17.225458
2024-09-20,-0.668992,164.859663,17.565681
2024-09-23,0.657530,165.947236,18.276504
2024-09-24,2.053245,169.389760,20.104273
2024-09-25,0.141037,169.628830,19.883835
2024-09-26,2.443496,173.824758,22.279180
2024-09-27,-0.812739,172.417742,20.769189
2024-09-30,-0.758885,171.114242,19.916253
2024-10-08,-0.580727,170.123415,20.540841
2024-10-09,-0.304885,169.605524,20.045687
2024-10-10,0.369406,170.233215,19.839824
2024-10-14,-1.433308,167.810651,18.407328
2024-10-15,-0.723366,166.601146,17.814025
2024-10-16,0.382792,167.240104,18.045307
2024-10-17,-0.404959,166.564219,17.681467
2024-10-18,0.773611,167.857776,19.685476
2024-10-21,-0.174398,167.565291,19.592374
2024-10-22,0.636943,168.635993,19.114319
2024-10-23,-1.132440,166.737064,18.172609
2024-10-24,0.264727,167.179047,18.495361
2024-10-25,0.015372,167.204749,18.086934
2024-10-28,-0.675422,166.079216,17.500505
2024-10-29,-0.285422,165.605865,17.731628
2024-10-30,0.049785,165.688332,18.402323
2024-10-31,-0.265703,165.248677,18.013640
2024-11-01,-0.418568,164.558445,18.445621
2024-11-04,0.033141,164.612990,18.382035
2024-11-05,-0.438683,163.892443,18.363788
2024-11-06,-4.494581,156.689254,13.837546
2024-11-07,2.562442,160.756209,16.326425
2024-11-08,-0.701432,159.632558,14.618668
2024-11-11,-0.791782,158.373607,15.852704
2024-11-12,-1.984121,155.262251,14.502206
2024-11-13,-0.930969,153.823516,13.097503
2024-11-14,-0.477226,153.091180,13.264659
2024-11-15,0.611695,154.030501,13.828302
2024-11-18,0.832863,155.318721,14.422223
2024-11-19,0.022055,155.352980,14.306418
2024-11-20,-0.447343,154.659571,13.297810
2024-11-21,-0.622050,153.700498,12.484880
2024-11-22,-0.401106,153.085231,12.841128
2024-11-25,0.334849,153.598695,11.813241
2024-11-26,-1.171453,151.809856,11.780585
2024-11-27,0.797280,153.025044,12.421442
2024-11-28,-0.626841,152.068821,10.595041
2024-11-29,-0.290875,151.627134,9.824581
2024-12-02,-0.131360,151.428087,9.850833
2024-12-03,1.118672,153.131582,11.271700
2024-12-04,-0.918428,151.731617,9.172406
2024-12-05,-0.354426,151.194793,9.176438
2024-12-06,-0.657973,150.203237,7.687644
2024-12-09,1.746486,152.849557,10.085763
2024-12-10,0.129184,153.047142,10.825407
2024-12-11,-0.452351,152.356395,10.265310
2024-12-12,-0.620296,151.414259,10.387112
2024-12-13,0.375651,151.984117,9.173011
2024-12-16,0.646660,152.970123,9.400611
2024-12-17,-0.618580,152.026801,7.995941
2024-12-18,0.378505,152.603321,8.616215
2024-12-19,-1.502158,150.328110,6.089963
2024-12-20,0.610357,151.248454,5.297319
2024-12-23,0.254194,151.633407,5.433304
2024-12-24,0.246343,152.007406,6.486290
2024-12-27,-0.202121,151.700478,5.988780
2024-12-30,-0.727412,150.600995,4.610060
2024-12-31,-1.493703,148.368181,3.763012
2025-01-02,-0.235343,148.019417,2.787216
2025-01-03,0.393172,148.602534,3.108815
2025-01-06,0.149373,148.824672,2.765620
2025-01-07,0.157219,149.058836,1.498302
2025-01-08,0.325952,149.545489,3.586316
2025-01-09,0.392916,150.134234,5.373778
2025-01-10,0.227693,150.476469,6.372247
2025-01-13,-0.199656,150.176333,5.399583
2025-01-14,0.320175,150.657931,5.011775
2025-01-15,0.565672,151.512576,6.235481
2025-01-16,0.735600,152.631212,7.188207
2025-01-17,-0.283000,152.199876,6.961633
2025-01-20,0.828245,153.465698,5.963237
2025-01-21,0.341801,153.991143,6.173793
2025-01-22,-0.309998,153.514513,6.210086
2025-01-23,-0.101503,153.358770,5.040819
2025-01-24,0.900203,154.745542,6.168059
2025-01-27,-1.632372,152.240024,4.401473
2025-02-05,1.601687,154.698066,6.720703
2025-02-06,0.337431,155.220947,5.810233
2025-02-07,1.611787,157.743049,7.893738
2025-02-10,0.381661,158.346244,8.543800
2025-02-11,-0.404564,157.706926,7.929127
2025-02-12,0.999859,159.291683,9.246165
2025-02-13,-0.274495,158.855034,9.222863
2025-02-14,0.157936,159.106121,9.685204
2025-02-17,-0.845470,157.766597,8.382289
2025-02-18,1.251741,159.753838,10.688178
2025-02-19,-0.314289,159.252537,9.920932
2025-02-20,0.757251,160.463056,10.620956
2025-02-21,-0.276133,160.020576,11.108243
2025-02-24,0.017506,160.048592,10.905256
2025-02-25,-0.875235,158.653903,9.888976
2025-02-26,0.104324,158.819504,10.430844
2025-02-27,-0.266212,158.397270,10.116288
2025-02-28,0.068306,158.505502,9.366454
2025-03-03,0.231337,158.872609,9.679198
2025-03-04,0.069915,158.983723,8.625010
2025-03-05,1.899699,162.032805,9.254906
2025-03-06,0.843186,163.404818,10.130730
2025-03-07,-1.019748,161.746968,8.900456
2025-03-10,-1.116420,159.951234,7.882659
2025-03-11,1.253810,161.969344,8.503218
2025-03-12,1.067756,163.708047,9.382585
2025-03-13,-0.846780,162.327652,9.425054
2025-03-14,0.266059,162.760114,10.098197
2025-03-17,0.846488,164.143706,11.946281
2025-03-18,0.059548,164.241480,11.632023
2025-03-19,0.929804,165.775726,13.377528
2025-03-20,-0.795682,164.461912,13.247060
2025-03-21,-0.307254,163.957372,11.165710
2025-03-24,0.721136,165.144002,10.749241
2025-03-25,1.128745,167.018616,11.906911
2025-03-26,-1.258231,164.930302,9.925961
2025-03-27,-0.910579,163.435298,9.360973
2025-03-28,-0.548271,162.541681,9.680424
2025-03-31,-0.406646,161.882054,8.708332
2025-04-01,-0.193240,161.569536,8.295641
2025-04-02,0.035378,161.626705,8.306575
2025-04-03,-2.574218,157.519177,5.858446
2025-04-07,-5.749773,148.717641,0.934294
2025-04-08,-0.374063,148.162382,1.176201
2025-04-09,-0.356902,147.634531,0.013695
2025-04-10,3.452757,152.821016,2.003882
2025-04-11,1.674279,155.401205,3.595762
2025-04-14,0.195130,155.704736,2.685852
2025-04-15,-0.386061,155.104779,2.173134
2025-04-16,0.261214,155.510464,-0.909539
2025-04-17,-0.051733,155.430036,-0.742039
2025-04-22,1.670616,158.048486,-0.407156
2025-04-23,0.202828,158.369378,0.222415
2025-04-24,0.085725,158.505198,1.479327
2025-04-25,-0.032022,158.454449,1.356070
2025-04-28,0.021793,158.488986,2.001387
2025-04-29,0.376227,159.086387,3.333198
2025-04-30,-2.732176,154.798707,0.671206
2025-05-06,3.408558,160.166066,4.145442
2025-05-07,-0.564907,159.263828,3.744416
2025-05-08,0.091529,159.409667,3.267313
2025-05-09,0.022393,159.445368,2.422735
2025-05-12,0.405836,160.093770,0.363156
2025-05-13,1.825276,163.042755,0.453599
2025-05-14,-0.377698,162.428108,0.320078
2025-05-15,-0.964522,160.868984,-0.311494
2025-05-16,-1.518980,158.443881,-1.644944
2025-05-19,0.849566,159.795699,-1.348177
2025-05-20,0.010541,159.812544,-2.352275
2025-05-21,-0.404161,159.167947,-1.433975
2025-05-22,-0.057278,159.076805,-2.490544
2025-05-23,0.425703,159.755443,-3.693298
2025-05-27,-0.552522,158.875194,-5.318513
2025-05-28,-0.024823,158.835761,-5.220477
2025-05-29,0.094108,158.985308,-4.156298
2025-05-30,-0.794513,157.727153,-5.433973
2025-06-03,1.738406,160.493064,-4.484867
2025-06-04,0.180451,160.782937,-5.151260
2025-06-05,0.121517,160.978434,-6.792458
2025-06-06,-0.435784,160.278442,-5.539818
2025-06-09,0.892915,161.716001,-5.383808
2025-06-10,-0.347778,161.154565,-5.028510
2025-06-11,-0.358851,160.577296,-5.741749
2025-06-12,0.023717,160.615385,-6.329926
2025-06-13,-0.564081,159.711935,-8.292837
2025-06-16,0.345762,160.265114,-6.980894
2025-06-17,0.124000,160.463967,-9.528672
2025-06-18,-0.146792,160.228592,-12.422622
2025-06-19,-0.441821,159.522230,-15.072787
2025-06-20,0.392471,160.149538,-13.825456
2025-06-23,0.179188,160.436764,-10.949142
2025-06-24,-0.099537,160.277150,-10.384604
2025-06-25,0.476649,161.042933,-9.514504
2025-06-26,1.197218,162.982556,-9.996317
2025-06-27,0.149553,163.226484,-9.619628
2025-06-30,0.031367,163.277691,-6.918390
2025-07-02,0.974577,164.876737,-5.498235
2025-07-03,-0.214856,164.522871,-6.449973
2025-07-04,-0.969299,162.935856,-4.680643
2025-07-07,-0.573631,162.003881,-4.945592
2025-07-08,-0.911174,160.534449,-7.247597
2025-07-09,0.058210,160.627922,-3.725055
2025-07-10,0.194506,160.940658,-4.540628
2025-07-11,-0.240549,160.553982,-5.656291
2025-07-14,0.049592,160.633624,-3.800177
2025-07-15,1.489970,163.044936,-2.381081
2025-07-16,-0.555173,162.142262,-2.456083
2025-07-17,0.315919,162.655311,-1.379335
2025-07-18,0.958186,164.221343,0.001134
2025-07-21,0.745673,165.450475,-0.177490
2025-07-22,0.060967,165.551376,1.610160
2025-07-23,0.172849,165.837777,2.508258
2025-07-24,-0.641850,164.776757,2.464239
2025-07-25,-0.793239,163.474853,0.619588
2025-07-28,-0.263602,163.044498,0.482943
2025-07-29,0.091834,163.194297,0.053925
2025-07-30,-0.594328,162.227264,-1.586845
2025-07-31,-1.037545,160.552784,-4.137880
2025-08-01,0.213431,160.895819,-4.273849
2025-08-04,0.652445,161.949007,-4.196272
2025-08-05,-0.876498,160.535730,-4.906865
2025-08-06,-0.023916,160.497341,-4.944033
2025-08-07,-0.036981,160.437999,-4.650849
2025-08-08,0.281171,160.889739,-3.835151
2025-08-11,-0.385288,160.271043,-4.851735
2025-08-12,0.849428,161.638229,-3.497540
2025-08-13,-0.197602,161.319143,-2.621656
2025-08-14,-0.141673,161.090759,-2.603573
2025-08-15,-0.056550,160.999688,-0.580530
2025-08-18,-0.246585,160.603177,-0.292906
2025-08-19,-0.452765,159.877665,-0.913151
2025-08-20,-0.052710,159.793415,-0.351540
2025-08-21,0.056708,159.884057,-0.052406
2025-08-22,0.387320,160.504521,0.181565
2025-08-26,0.206091,160.835647,0.663799
2025-08-27,-0.614941,159.849637,0.073624
2025-08-28,0.486115,160.628582,0.478635
2025-08-29,0.666425,161.702625,0.086230
2025-09-01,0.427855,162.395959,2.858650
2025-09-02,0.697289,163.532286,2.360371
2025-09-03,-0.099235,163.370085,4.353738
2025-09-04,-0.855688,161.978111,2.502009
2025-09-05,0.016929,162.005535,4.136992
2025-09-08,-0.115244,161.818941,3.614315
2025-09-09,0.001811,161.821871,3.696177
2025-09-10,0.517953,162.662207,2.981423
2025-09-11,0.305192,163.159397,3.661011
2025-09-12,0.111654,163.341673,4.213299
2025-09-15,0.949439,164.899887,3.714022
2025-09-16,-0.827119,163.541593,2.777633
2025-09-17,-0.938677,162.013648,0.948931
2025-09-18,-0.151847,161.767822,1.409141
2025-09-19,0.266094,162.198850,0.698667
2025-09-22,0.030954,162.249065,1.416809
2025-09-23,-0.294591,161.771797,-0.389189
2025-09-24,1.954936,164.965446,0.633522
2025-09-25,0.241695,165.364642,2.266754
2025-09-26,-0.684402,164.236747,1.358111
2025-09-29,1.820044,167.253297,3.790163
2025-09-30,-1.148540,165.343315,2.593442
2025-10-09,3.677937,171.537754,8.262023
2025-10-10,-2.693330,166.979339,5.620735
2025-10-13,3.294499,172.572092,8.104961
2025-10-14,-1.688430,169.682792,6.317381
2025-10-15,-0.212844,169.322016,6.912665
2025-10-16,0.034633,169.380667,6.091291
2025-10-17,-0.208128,169.028504,4.714215
2025-10-20,0.558105,169.974498,4.903401
2025-10-21,-1.188919,167.965604,1.197471
2025-10-22,0.402155,168.642446,2.268618
2025-10-23,0.951427,170.254613,2.562516
2025-10-24,0.704308,171.457963,1.213579
2025-10-27,0.646872,172.570672,1.719415
2025-10-28,0.105421,172.752694,-0.618660
2025-10-30,-0.857029,171.278480,-0.662950
2025-10-31,-0.027999,171.230530,0.067936
2025-11-03,-0.754818,169.942917,-0.106155
2025-11-04,-1.155372,167.990743,-0.956642
2025-11-05,0.588983,168.983099,-0.737065
2025-11-06,-0.347293,168.397251,0.348951
2025-11-07,-0.120781,168.193982,0.951536
2025-11-10,1.577539,170.868347,2.146283
2025-11-11,-0.404172,170.179139,2.147071
2025-11-12,0.391600,170.846868,1.765060
2025-11-13,-0.242003,170.433914,1.697455
2025-11-14,-0.164348,170.154039,0.896164
2025-11-17,-0.380296,169.508179,1.648307
2025-11-18,-0.329689,168.950249,1.053891
2025-11-19,0.649623,170.051362,1.688142
2025-11-20,-1.370798,167.736206,0.992767
2025-11-21,0.580809,168.713268,1.858998
2025-11-24,0.251734,169.138512,2.060947
2025-11-25,0.544820,170.062527,2.871470
2025-11-26,0.887487,171.578527,4.177525
2025-11-27,-0.142156,171.334792,4.002228
2025-11-28,1.859512,174.550590,6.300423
2025-12-01,0.245293,174.979275,11.040297
2025-12-02,-0.664134,173.821029,7.813722
2025-12-03,2.220016,177.723037,10.735170
2025-12-04,-0.116688,177.515776,11.410264
2025-12-05,1.555532,180.298680,14.949917
2025-12-08,-0.068019,180.176083,15.812867
2025-12-09,-1.484082,177.521866,14.806010
2025-12-10,0.530109,178.465424,14.724424
2025-12-11,1.987954,182.048733,15.879515
2025-12-12,-2.119293,178.231183,13.738167
2025-12-15,0.760381,179.591585,14.945891
2025-12-16,-0.685808,178.364144,14.882133
2025-12-17,0.977262,180.115775,16.260501
2025-12-18,0.615842,181.228425,16.541493
2025-12-19,0.533726,182.198274,18.246672
2025-12-22,0.662173,183.408745,18.111565
2025-12-23,0.891776,185.051655,19.630182
2025-12-24,0.205162,185.431701,20.126219
2025-12-29,0.503589,186.367870,20.761168
2025-12-30,3.111268,192.257420,22.753764
2025-12-31,-1.081926,190.188548,22.590266
2026-01-05,3.063695,196.105521,26.008386
2026-01-06,1.329369,198.729893,27.995729
2026-01-07,-1.761196,195.260510,24.488047
2026-01-08,-0.851332,193.605251,23.507531
2026-01-09,1.491431,196.514380,25.451313
2026-01-12,1.102990,198.693912,27.174600
2026-01-13,0.077369,198.847700,26.876318
2026-01-14,-0.083422,198.681886,26.146236
2026-01-15,0.097275,198.875247,26.862090
2026-01-16,-1.602304,195.714054,24.881280
2026-01-19,0.961105,197.604139,27.344543
2026-01-20,-1.113162,195.416683,25.621024
2026-01-21,0.531382,196.457855,25.898212
2026-01-22,-0.443913,195.587685,25.207955
2026-01-23,1.878764,199.297053,27.288840
2026-01-26,0.361136,200.018088,28.377388
2026-01-27,-1.071333,197.886667,28.799758
2026-01-28,0.314960,198.510914,29.350062
2026-01-29,2.903146,204.358446,31.860035
2026-01-30,-2.959308,198.399457,28.751355
2026-02-02,-1.159538,196.112226,27.434597
2026-02-03,2.916760,201.916586,30.025405
2026-02-04,-2.423942,197.081087,27.208547
2026-02-05,-1.048169,195.026133,25.932685
2026-02-06,0.992006,196.970432,27.124347
2026-02-09,0.458780,197.876169,27.262952
2026-02-10,-0.380691,197.124304,26.316588
2026-02-11,0.938596,198.983215,26.519584
2026-02-12,-2.108630,194.831322,24.693954
2026-02-13,0.324478,195.464534,24.190188
2026-02-24,1.634328,198.685313,25.482715
2026-02-25,0.890164,200.461834,26.682877
2026-02-26,-0.693583,199.076275,26.090797
2026-02-27,0.262628,199.599792,25.453222
2026-03-02,-1.313703,196.994791,25.771891
2026-03-03,-0.875199,195.278218,23.295004
2026-03-04,0.901292,197.046201,23.858866
2026-03-05,-1.025466,195.035884,21.221613
2026-03-06,-0.118745,194.804426,20.721206
2026-03-09,-0.096954,194.615646,21.028816
2026-03-10,1.416615,197.392221,21.445571
2026-03-11,0.257837,197.901827,21.977903
2026-03-12,-0.927864,196.074060,20.892104
2026-03-13,-1.729766,192.711603,20.007808
2026-03-16,1.241159,195.118365,19.997226
2026-03-17,-0.727546,193.703941,19.583969
2026-03-18,-3.033409,187.916334,15.793309
2026-03-19,-0.504202,186.971240,15.565240
2026-03-20,-2.294505,182.730019,13.253229
2026-03-23,2.546178,187.442388,16.674641
2026-03-24,-0.752287,186.037575,15.818031
2026-03-25,1.025140,187.954529,17.109382
2026-03-26,-1.290300,185.544931,15.750777
2026-03-27,0.593592,186.649587,16.113031
2026-03-30,0.253757,187.123825,16.296874
2026-03-31,1.198780,189.380529,15.595956
2026-04-01,1.196683,191.660428,15.949453
2026-04-02,-0.588090,190.536600,16.381112
2026-04-08,2.042092,194.467533,19.539624
2026-04-09,-0.240316,194.000756,18.045498
2026-04-10,1.267809,196.475972,18.245551
2026-04-13,1.360794,199.167879,20.453125
2026-04-14,1.032854,201.235653,21.219920
2026-04-15,-0.280111,200.672759,20.093321
2026-04-16,-0.325342,200.020947,19.708431
2026-04-17,0.610520,201.245850,19.389147
2026-04-20,-0.562112,200.117796,19.622716
2026-04-21,-0.399777,199.319368,19.530194
2026-04-22,2.125989,203.602241,20.935046
2026-04-23,-0.787434,202.005303,19.018867
2026-04-24,0.588149,203.196896,20.865247
2026-04-27,-0.762125,201.654167,21.013700
2026-04-28,-1.333102,198.983751,20.228870
2026-04-29,0.050787,199.084834,20.686302
2026-04-30,0.070485,199.225209,20.950027
2026-05-06,2.197419,203.651475,23.112069
2026-05-07,-0.236148,203.171124,25.450139
2026-05-08,1.105325,205.429282,32.305236
2026-05-11,2.491708,210.612284,35.171008
2026-05-12,0.467761,211.599754,35.995670
2026-05-13,-0.016724,211.564369,32.526189
2026-05-14,-0.690947,210.107609,30.160963
2026-05-15,-2.444820,205.033141,27.521013
2026-05-18,0.063044,205.162444,27.970119
2026-05-19,-0.716994,203.696702,26.991911
2026-05-20,1.203706,206.163428,28.247349
2026-05-21,-0.479496,205.177248,26.097237
2026-05-22,0.299169,205.791993,26.193578
2026-05-26,-0.295493,205.184790,25.812360
2026-05-27,-0.643443,203.868781,25.200939
2026-05-28,1.369873,206.680740,26.549018
2026-05-29,-0.620430,205.402400,25.552361
2026-06-01,1.643561,208.806210,29.928099
2026-06-02,0.534571,209.925415,27.054111
2026-06-03,-1.437556,206.929209,26.181463
2026-06-04,0.541497,208.052763,26.631431
2026-06-05,-2.536350,202.842176,24.072688
2026-06-08,0.527256,203.914498,24.194107
2026-06-09,-0.276701,203.351044,22.092130
2026-06-10,-0.726242,201.879574,21.743586
2026-06-11,0.685900,203.269026,23.394008
2026-06-12,0.826962,204.956953,25.739950
2026-06-15,0.933409,206.878995,25.823794
2026-06-16,0.151957,207.193601,25.965210
2026-06-17,0.297780,207.811501,26.667150
2026-06-18,-1.086721,205.565397,25.637708
2026-06-22,0.276883,206.135362,25.488889
2026-06-23,-1.295624,203.481849,24.745786
2026-06-24,-2.153984,199.145751,22.616625
2026-06-25,1.732970,202.626963,24.255487
2026-06-26,0.568514,203.782206,25.618514
2026-06-29,0.048874,203.881826,23.928981
2026-06-30,0.424992,204.750152,24.173523
2026-07-02,-0.826515,203.064835,23.225491
2026-07-03,0.571498,204.228669,24.232772
2026-07-06,0.573008,205.402274,23.912865
2026-07-07,-0.335010,204.715307,23.925634
2026-07-08,-0.298557,204.105028,23.985928
2026-07-09,1.664905,207.531628,25.627116
2026-07-10,-0.152680,207.215011,26.038516
2026-07-13,0.064753,207.349232,25.757508
2026-07-14,0.495714,208.379644,26.129222
2026-07-15,-0.194042,207.975692,26.081971
2026-07-16,-0.350655,207.247692,26.173138
2026-07-17,0.160766,207.581144,25.941432
2026-07-20,0.699858,209.039011,26.462102
2026-07-21,1.521647,212.244171,28.083286
2026-07-22,-0.695603,210.772918,26.911034
2026-07-23,-1.230832,208.194558,24.482984
2026-07-24,0.428405,209.088387,24.761836
2026-07-27,0.954751,211.094222,25.685220
2026-07-28,-0.412149,210.225989,24.298494
2026-07-29,0.114252,210.466313,24.627602
2026-07-30,0.872034,212.309677,26.468935
2026-07-31,-0.098039,212.101632,26.944526
2026-08-03,0.302543,212.744302,28.158243
2026-08-04,0.816236,214.487903,28.916269
2026-08-05,1.021295,216.689680,29.743058
2026-08-06,-0.484999,215.641281,29.498607
2026-08-07,-0.683775,214.171809,28.765240
2026-08-10,0.334000,214.888339,27.609269
2026-08-11,0.611521,216.206453,28.775964
